{
  "$type": "ThunderRoad.ContainerData, ThunderRoad",
  "id": "ShopPersistence",
  "sensitiveContent": "None",
  "sensitiveFilterBehaviour": "Discard",
  "version": 1,
  "displayName": "Unknown",
  "description": null,
  "contents": [],
  "containerContents": [
    {
      "$type": "ThunderRoad.ItemContent, ThunderRoad",
      "quantity": 1,
      "state": {
        "$type": "ThunderRoad.ContentStatePlaced, ThunderRoad",
        "position": {
          "x": 51.916,
          "y": -1.065,
          "z": -5.546
        },
        "rotation": {
          "x": 0.351590753,
          "y": -0.330466062,
          "z": -0.599874854,
          "w": -0.6382212
        },
        "levelId": "Shop",
        "lastSpawnTime": 0.0
      },
      "customDataList": null,
      "referenceID": "SwordOldieFalchion"
    },
    {
      "$type": "ThunderRoad.ItemContent, ThunderRoad",
      "quantity": 1,
      "state": {
        "$type": "ThunderRoad.ContentStatePlaced, ThunderRoad",
        "position": {
          "x": 3.634112,
          "y": 6.1112,
          "z": -19.05729
        },
        "rotation": {
          "x": 0.0,
          "y": -0.8385042,
          "z": 0.0,
          "w": 0.5448952
        },
        "levelId": "Shop",
        "lastSpawnTime": 0.0
      },
      "customDataList": null,
      "referenceID": "BaronHat"
    }
  ],
  "groupPath": null
}