{
  "$type": "ThunderRoad.ContainerData, ThunderRoad",
  "id": "TribalGladiator",
  "sensitiveContent": "None",
  "sensitiveFilterBehaviour": "Discard",
  "version": 1,
  "displayName": "Tribal Gladiator",
  "description": null,
  "contents": [],
  "containerContents": [
    {
      "$type": "ThunderRoad.TableContent, ThunderRoad",
      "quantity": 1,
      "state": {
        "$type": "ThunderRoad.ContentStateHolder, ThunderRoad",
        "holderName": "BackRight"
      },
      "customDataList": [],
      "referenceID": "WeaponTribalGladiator"
    },
    {
      "$type": "ThunderRoad.ItemContent, ThunderRoad",
      "quantity": 1,
      "state": {
        "$type": "ThunderRoad.ContentStateWorn, ThunderRoad"
      },
      "customDataList": [],
      "referenceID": "ApparelGladiatorHeadband"
    },
    {
      "$type": "ThunderRoad.ItemContent, ThunderRoad",
      "quantity": 1,
      "state": {
        "$type": "ThunderRoad.ContentStateWorn, ThunderRoad"
      },
      "customDataList": [],
      "referenceID": "ApparelGladiatorJacket"
    },
    {
      "$type": "ThunderRoad.ItemContent, ThunderRoad",
      "quantity": 1,
      "state": {
        "$type": "ThunderRoad.ContentStateWorn, ThunderRoad"
      },
      "customDataList": [],
      "referenceID": "ApparelGladiatorShoulderR"
    },
    {
      "$type": "ThunderRoad.TableContent, ThunderRoad",
      "quantity": 1,
      "state": {
        "$type": "ThunderRoad.ContentStateWorn, ThunderRoad"
      },
      "customDataList": [],
      "referenceID": "GladiatorHandR"
    },
    {
      "$type": "ThunderRoad.TableContent, ThunderRoad",
      "quantity": 1,
      "state": {
        "$type": "ThunderRoad.ContentStateWorn, ThunderRoad"
      },
      "customDataList": [],
      "referenceID": "GladiatorHandL"
    },
    {
      "$type": "ThunderRoad.ItemContent, ThunderRoad",
      "quantity": 1,
      "state": {
        "$type": "ThunderRoad.ContentStateWorn, ThunderRoad"
      },
      "customDataList": [],
      "referenceID": "ApparelGladiatorBoots"
    },
    {
      "$type": "ThunderRoad.TableContent, ThunderRoad",
      "quantity": 1,
      "state": {
        "$type": "ThunderRoad.ContentStateWorn, ThunderRoad"
      },
      "customDataList": [],
      "referenceID": "HairsTribal"
    },
    {
      "$type": "ThunderRoad.TableContent, ThunderRoad",
      "quantity": 1,
      "state": {
        "$type": "ThunderRoad.ContentStateWorn, ThunderRoad"
      },
      "customDataList": [],
      "referenceID": "BeardsTribal"
    }
  ],
  "groupPath": "Factions/Tribal"
}