{
  "$type": "ThunderRoad.ContainerData, ThunderRoad",
  "id": "PlayerStash",
  "sensitiveContent": "None",
  "sensitiveFilterBehaviour": "Discard",
  "version": 1,
  "displayName": "",
  "description": null,
  "contents": [],
  "containerContents": [
    {
      "$type": "ThunderRoad.ItemContent, ThunderRoad",
      "quantity": 1,
      "state": null,
      "customDataList": null,
      "referenceID": "FoodApple"
    },
    {
      "$type": "ThunderRoad.ItemContent, ThunderRoad",
      "quantity": 1,
      "state": null,
      "customDataList": null,
      "referenceID": "Torch"
    }
  ],
  "groupPath": null
}