{
  "$type": "ThunderRoad.ContainerData, ThunderRoad",
  "id": "SandboxLightning",
  "sensitiveContent": "None",
  "sensitiveFilterBehaviour": "Discard",
  "version": 1,
  "displayName": "Sandbox Player",
  "description": null,
  "contents": [],
  "containerContents": [
    {
      "$type": "ThunderRoad.ItemContent, ThunderRoad",
      "quantity": 1,
      "state": {
        "$type": "ThunderRoad.ContentStateHolder, ThunderRoad",
        "holderName": "BackRight"
      },
      "customDataList": null,
      "referenceID": "SpearArrowhead"
    },
    {
      "$type": "ThunderRoad.ItemContent, ThunderRoad",
      "quantity": 1,
      "state": {
        "$type": "ThunderRoad.ContentStateHolder, ThunderRoad",
        "holderName": "HipsRight"
      },
      "customDataList": null,
      "referenceID": "DaggerQuiver"
    },
    {
      "$type": "ThunderRoad.ItemContent, ThunderRoad",
      "quantity": 1,
      "state": {
        "$type": "ThunderRoad.ContentStateHolder, ThunderRoad",
        "holderName": "BackLeft"
      },
      "customDataList": null,
      "referenceID": "StaffScholar"
    },
    {
      "$type": "ThunderRoad.ItemContent, ThunderRoad",
      "quantity": 1,
      "state": null,
      "customDataList": null,
      "referenceID": "CrystalLightningT3"
    },
    {
      "$type": "ThunderRoad.ItemContent, ThunderRoad",
      "quantity": 1,
      "state": null,
      "customDataList": null,
      "referenceID": "CrystalBodyT3"
    },
    {
      "$type": "ThunderRoad.ItemContent, ThunderRoad",
      "quantity": 1,
      "state": null,
      "customDataList": null,
      "referenceID": "CrystalMindT3"
    },
    {
      "$type": "ThunderRoad.SpellContent, ThunderRoad",
      "referenceID": "Lightning"
    },
    {
      "$type": "ThunderRoad.SpellContent, ThunderRoad",
      "referenceID": "Telekinesis"
    },
    {
      "$type": "ThunderRoad.SpellContent, ThunderRoad",
      "referenceID": "LightningMerge"
    },
    {
      "$type": "ThunderRoad.ItemContent, ThunderRoad",
      "quantity": 1,
      "state": {
        "$type": "ThunderRoad.ContentStateWorn, ThunderRoad"
      },
      "customDataList": null,
      "referenceID": "ApparelCivilianChest"
    },
    {
      "$type": "ThunderRoad.ItemContent, ThunderRoad",
      "quantity": 1,
      "state": {
        "$type": "ThunderRoad.ContentStateWorn, ThunderRoad"
      },
      "customDataList": null,
      "referenceID": "ApparelCivilianHandL"
    },
    {
      "$type": "ThunderRoad.ItemContent, ThunderRoad",
      "quantity": 1,
      "state": {
        "$type": "ThunderRoad.ContentStateWorn, ThunderRoad"
      },
      "customDataList": null,
      "referenceID": "ApparelCivilianHandR"
    },
    {
      "$type": "ThunderRoad.ItemContent, ThunderRoad",
      "quantity": 1,
      "state": {
        "$type": "ThunderRoad.ContentStateWorn, ThunderRoad"
      },
      "customDataList": null,
      "referenceID": "ApparelCivilianLegs"
    },
    {
      "$type": "ThunderRoad.ItemContent, ThunderRoad",
      "quantity": 1,
      "state": {
        "$type": "ThunderRoad.ContentStateWorn, ThunderRoad"
      },
      "customDataList": null,
      "referenceID": "ApparelCivilianBoots"
    },
    {
      "$type": "ThunderRoad.SkillContent, ThunderRoad",
      "referenceID": "Electromagnetism"
    },
    {
      "$type": "ThunderRoad.SkillContent, ThunderRoad",
      "referenceID": "ShockTrip"
    },
    {
      "$type": "ThunderRoad.SkillContent, ThunderRoad",
      "referenceID": "StaticDisarm"
    },
    {
      "$type": "ThunderRoad.SkillContent, ThunderRoad",
      "referenceID": "ChargeSapping"
    },
    {
      "$type": "ThunderRoad.SkillContent, ThunderRoad",
      "referenceID": "ChainLightning"
    },
    {
      "$type": "ThunderRoad.SkillContent, ThunderRoad",
      "referenceID": "Overcharge"
    },
    {
      "$type": "ThunderRoad.SkillContent, ThunderRoad",
      "referenceID": "ShockParry"
    },
    {
      "$type": "ThunderRoad.SkillContent, ThunderRoad",
      "referenceID": "Arcwire"
    },
    {
      "$type": "ThunderRoad.SkillContent, ThunderRoad",
      "referenceID": "TeslaWires"
    },
    {
      "$type": "ThunderRoad.SkillContent, ThunderRoad",
      "referenceID": "Thunderbolt"
    },
    {
      "$type": "ThunderRoad.SkillContent, ThunderRoad",
      "referenceID": "WeaponTheft"
    },
    {
      "$type": "ThunderRoad.SkillContent, ThunderRoad",
      "referenceID": "AchronalBolts"
    },
    {
      "$type": "ThunderRoad.SkillContent, ThunderRoad",
      "referenceID": "ThunderPunch"
    },
    {
      "$type": "ThunderRoad.SkillContent, ThunderRoad",
      "referenceID": "DiveStrike"
    },
    {
      "$type": "ThunderRoad.SkillContent, ThunderRoad",
      "referenceID": "SecondWind"
    },
    {
      "$type": "ThunderRoad.SkillContent, ThunderRoad",
      "referenceID": "ShockingGrasp"
    }
  ],
  "groupPath": "Player"
}