{
  "$type": "ThunderRoad.ContainerData, ThunderRoad",
  "id": "PlayerHomeDefault",
  "sensitiveContent": "None",
  "sensitiveFilterBehaviour": "Discard",
  "version": 1,
  "displayName": "",
  "description": null,
  "contents": [],
  "containerContents": [
    {
      "$type": "ThunderRoad.ItemContent, ThunderRoad",
      "quantity": 1,
      "state": {
        "$type": "ThunderRoad.ContentStateHolder, ThunderRoad",
        "holderName": "HolderF1"
      },
      "customDataList": [],
      "referenceID": "MaceShortCommon"
    },
    {
      "$type": "ThunderRoad.ItemContent, ThunderRoad",
      "quantity": 1,
      "state": {
        "$type": "ThunderRoad.ContentStateHolder, ThunderRoad",
        "holderName": "HolderF2"
      },
      "customDataList": [],
      "referenceID": "SwordLongCommon"
    },
    {
      "$type": "ThunderRoad.ItemContent, ThunderRoad",
      "quantity": 1,
      "state": {
        "$type": "ThunderRoad.ContentStateHolder, ThunderRoad",
        "holderName": "HolderF3"
      },
      "customDataList": [],
      "referenceID": "MaceLongMaul"
    },
    {
      "$type": "ThunderRoad.ItemContent, ThunderRoad",
      "quantity": 1,
      "state": {
        "$type": "ThunderRoad.ContentStateHolder, ThunderRoad",
        "holderName": "HolderF4"
      },
      "customDataList": [],
      "referenceID": "AxeShortCommon"
    },
    {
      "$type": "ThunderRoad.ItemContent, ThunderRoad",
      "quantity": 1,
      "state": {
        "$type": "ThunderRoad.ContentStateHolder, ThunderRoad",
        "holderName": "HolderF5"
      },
      "customDataList": [],
      "referenceID": "SwordShortCommon"
    }
  ],
  "groupPath": null
}