{
  "$type": "ThunderRoad.ContainerData, ThunderRoad",
  "id": "HomePersistence",
  "sensitiveContent": "None",
  "sensitiveFilterBehaviour": "Discard",
  "version": 1,
  "displayName": "Unknown",
  "description": null,
  "contents": [],
  "containerContents": [
    {
      "$type": "ThunderRoad.ItemContent, ThunderRoad",
      "quantity": 1,
      "state": {
        "$type": "ThunderRoad.ContentStatePlaced, ThunderRoad",
        "position": {
          "x": 40.4686,
          "y": 4.6308,
          "z": -38.9424
        },
        "rotation": {
          "x": -0.49999997,
          "y": -0.49999997,
          "z": 0.49999997,
          "w": 0.49999997
        },
        "levelId": "Home",
        "lastSpawnTime": 0.0
      },
      "customDataList": null,
      "referenceID": "AxeLongOldLumber"
    },
    {
      "$type": "ThunderRoad.ItemContent, ThunderRoad",
      "quantity": 1,
      "state": {
        "$type": "ThunderRoad.ContentStatePlaced, ThunderRoad",
        "position": {
          "x": 36.35046,
          "y": 1.480013,
          "z": -53.28114
        },
        "rotation": {
          "x": 0.0,
          "y": 0.0,
          "z": 0.0,
          "w": 0.0
        },
        "levelId": "Home",
        "lastSpawnTime": 0.0
      },
      "customDataList": null,
      "referenceID": "Stool2"
    },
    {
      "$type": "ThunderRoad.ItemContent, ThunderRoad",
      "quantity": 1,
      "state": {
        "$type": "ThunderRoad.ContentStatePlaced, ThunderRoad",
        "position": {
          "x": 40.7002,
          "y": 4.5431,
          "z": -39.7445
        },
        "rotation": {
          "x": 0.00037908784,
          "y": 0.1787767,
          "z": 0.112938292,
          "w": 0.9773862
        },
        "levelId": "Home",
        "lastSpawnTime": 0.0
      },
      "customDataList": null,
      "referenceID": "WoodLog7"
    }
  ],
  "groupPath": null
}