{
  "$type": "ThunderRoad.ContainerData, ThunderRoad",
  "id": "CultistPartisan",
  "sensitiveContent": "None",
  "sensitiveFilterBehaviour": "Discard",
  "version": 1,
  "displayName": "Cultist Partisan",
  "description": "",
  "contents": [],
  "containerContents": [
    {
      "$type": "ThunderRoad.TableContent, ThunderRoad",
      "quantity": 1,
      "state": {
        "$type": "ThunderRoad.ContentStateHolder, ThunderRoad",
        "holderName": "HipsRight"
      },
      "customDataList": [],
      "referenceID": "WeaponCultistPartisan"
    },
    {
      "$type": "ThunderRoad.TableContent, ThunderRoad",
      "quantity": 1,
      "state": {
        "$type": "ThunderRoad.ContentStateHolder, ThunderRoad",
        "holderName": "BackLeft"
      },
      "customDataList": [],
      "referenceID": "ShieldCultist"
    },
    {
      "$type": "ThunderRoad.ItemContent, ThunderRoad",
      "quantity": 1,
      "state": {
        "$type": "ThunderRoad.ContentStateWorn, ThunderRoad"
      },
      "customDataList": [],
      "referenceID": "ApparelMercenaryHeadband"
    },
    {
      "$type": "ThunderRoad.ItemContent, ThunderRoad",
      "quantity": 1,
      "state": {
        "$type": "ThunderRoad.ContentStateWorn, ThunderRoad"
      },
      "customDataList": [],
      "referenceID": "ApparelRogueHandL"
    },
    {
      "$type": "ThunderRoad.ItemContent, ThunderRoad",
      "quantity": 1,
      "state": {
        "$type": "ThunderRoad.ContentStateWorn, ThunderRoad"
      },
      "customDataList": [],
      "referenceID": "ApparelRogueHandR"
    },
    {
      "$type": "ThunderRoad.ItemContent, ThunderRoad",
      "quantity": 1,
      "state": {
        "$type": "ThunderRoad.ContentStateWorn, ThunderRoad"
      },
      "customDataList": [],
      "referenceID": "ApparelRogueChestplate"
    },
    {
      "$type": "ThunderRoad.ItemContent, ThunderRoad",
      "quantity": 1,
      "state": {
        "$type": "ThunderRoad.ContentStateWorn, ThunderRoad"
      },
      "customDataList": [],
      "referenceID": "ApparelRoguePants"
    },
    {
      "$type": "ThunderRoad.ItemContent, ThunderRoad",
      "quantity": 1,
      "state": {
        "$type": "ThunderRoad.ContentStateWorn, ThunderRoad"
      },
      "customDataList": [],
      "referenceID": "ApparelRogueBoots"
    },
    {
      "$type": "ThunderRoad.TableContent, ThunderRoad",
      "quantity": 1,
      "state": {
        "$type": "ThunderRoad.ContentStateWorn, ThunderRoad"
      },
      "customDataList": [],
      "referenceID": "HairsSoldier"
    }
  ],
  "groupPath": "Factions/Cultist"
}