{
  "$type": "ThunderRoad.ContainerData, ThunderRoad",
  "id": "CultistMagistrate",
  "sensitiveContent": "None",
  "sensitiveFilterBehaviour": "Discard",
  "version": 1,
  "displayName": "Cultist Magistrate",
  "description": "",
  "contents": [],
  "containerContents": [
    {
      "$type": "ThunderRoad.TableContent, ThunderRoad",
      "quantity": 1,
      "state": {
        "$type": "ThunderRoad.ContentStateHolder, ThunderRoad",
        "holderName": "HipsRight"
      },
      "customDataList": [],
      "referenceID": "WeaponCultistPartisan"
    },
    {
      "$type": "ThunderRoad.SkillContent, ThunderRoad",
      "referenceID": "ModifierArmored"
    },
    {
      "$type": "ThunderRoad.SpellContent, ThunderRoad",
      "referenceID": "Gravity"
    },
    {
      "$type": "ThunderRoad.SkillContent, ThunderRoad",
      "referenceID": "MeleeImbueGravity"
    },
    {
      "$type": "ThunderRoad.SkillContent, ThunderRoad",
      "referenceID": "ImpactPulse"
    },
    {
      "$type": "ThunderRoad.SkillContent, ThunderRoad",
      "referenceID": "ChargeSpeedBoost"
    },
    {
      "$type": "ThunderRoad.ItemContent, ThunderRoad",
      "quantity": 1,
      "state": {
        "$type": "ThunderRoad.ContentStateWorn, ThunderRoad"
      },
      "customDataList": [],
      "referenceID": "ApparelBattlemageCloak"
    },
    {
      "$type": "ThunderRoad.ItemContent, ThunderRoad",
      "quantity": 1,
      "state": {
        "$type": "ThunderRoad.ContentStateWorn, ThunderRoad"
      },
      "customDataList": [],
      "referenceID": "ApparelOfficerHandR"
    },
    {
      "$type": "ThunderRoad.ItemContent, ThunderRoad",
      "quantity": 1,
      "state": {
        "$type": "ThunderRoad.ContentStateWorn, ThunderRoad"
      },
      "customDataList": [],
      "referenceID": "ApparelImprovisedMageWristR"
    },
    {
      "$type": "ThunderRoad.ItemContent, ThunderRoad",
      "quantity": 1,
      "state": {
        "$type": "ThunderRoad.ContentStateWorn, ThunderRoad"
      },
      "customDataList": [],
      "referenceID": "ApparelOfficerChest"
    },
    {
      "$type": "ThunderRoad.ItemContent, ThunderRoad",
      "quantity": 1,
      "state": {
        "$type": "ThunderRoad.ContentStateWorn, ThunderRoad"
      },
      "customDataList": [],
      "referenceID": "ApparelOfficerLegs"
    },
    {
      "$type": "ThunderRoad.ItemContent, ThunderRoad",
      "quantity": 1,
      "state": {
        "$type": "ThunderRoad.ContentStateWorn, ThunderRoad"
      },
      "customDataList": [],
      "referenceID": "ApparelOfficerBoots"
    },
    {
      "$type": "ThunderRoad.TableContent, ThunderRoad",
      "quantity": 1,
      "state": {
        "$type": "ThunderRoad.ContentStateWorn, ThunderRoad"
      },
      "customDataList": [],
      "referenceID": "HairsSoldier"
    }
  ],
  "groupPath": "Factions/Cultist"
}