{
  "$type": "ThunderRoad.ContainerData, ThunderRoad",
  "id": "SandboxFire",
  "sensitiveContent": "None",
  "sensitiveFilterBehaviour": "Discard",
  "version": 1,
  "displayName": "Sandbox Player",
  "description": null,
  "contents": [],
  "containerContents": [
    {
      "$type": "ThunderRoad.TableContent, ThunderRoad",
      "quantity": 1,
      "state": {
        "$type": "ThunderRoad.ContentStateHolder, ThunderRoad",
        "holderName": "BackRight"
      },
      "customDataList": null,
      "referenceID": "WeaponSoldierOppressor"
    },
    {
      "$type": "ThunderRoad.TableContent, ThunderRoad",
      "quantity": 1,
      "state": {
        "$type": "ThunderRoad.ContentStateHolder, ThunderRoad",
        "holderName": "HipsLeft"
      },
      "customDataList": null,
      "referenceID": "WeaponCivilianDagger"
    },
    {
      "$type": "ThunderRoad.ItemContent, ThunderRoad",
      "quantity": 1,
      "state": {
        "$type": "ThunderRoad.ContentStateHolder, ThunderRoad",
        "holderName": "BackLeft"
      },
      "customDataList": null,
      "referenceID": "StaffScholar"
    },
    {
      "$type": "ThunderRoad.ItemContent, ThunderRoad",
      "quantity": 1,
      "state": null,
      "customDataList": null,
      "referenceID": "CrystalFireT3"
    },
    {
      "$type": "ThunderRoad.ItemContent, ThunderRoad",
      "quantity": 1,
      "state": null,
      "customDataList": null,
      "referenceID": "CrystalBodyT3"
    },
    {
      "$type": "ThunderRoad.ItemContent, ThunderRoad",
      "quantity": 1,
      "state": null,
      "customDataList": null,
      "referenceID": "CrystalMindT3"
    },
    {
      "$type": "ThunderRoad.SpellContent, ThunderRoad",
      "referenceID": "Fire"
    },
    {
      "$type": "ThunderRoad.SpellContent, ThunderRoad",
      "referenceID": "FireMerge"
    },
    {
      "$type": "ThunderRoad.SpellContent, ThunderRoad",
      "referenceID": "Telekinesis"
    },
    {
      "$type": "ThunderRoad.ItemContent, ThunderRoad",
      "quantity": 1,
      "state": {
        "$type": "ThunderRoad.ContentStateWorn, ThunderRoad"
      },
      "customDataList": null,
      "referenceID": "ApparelCivilianChest"
    },
    {
      "$type": "ThunderRoad.ItemContent, ThunderRoad",
      "quantity": 1,
      "state": {
        "$type": "ThunderRoad.ContentStateWorn, ThunderRoad"
      },
      "customDataList": null,
      "referenceID": "ApparelCivilianHandL"
    },
    {
      "$type": "ThunderRoad.ItemContent, ThunderRoad",
      "quantity": 1,
      "state": {
        "$type": "ThunderRoad.ContentStateWorn, ThunderRoad"
      },
      "customDataList": null,
      "referenceID": "ApparelCivilianHandR"
    },
    {
      "$type": "ThunderRoad.ItemContent, ThunderRoad",
      "quantity": 1,
      "state": {
        "$type": "ThunderRoad.ContentStateWorn, ThunderRoad"
      },
      "customDataList": null,
      "referenceID": "ApparelCivilianLegs"
    },
    {
      "$type": "ThunderRoad.ItemContent, ThunderRoad",
      "quantity": 1,
      "state": {
        "$type": "ThunderRoad.ContentStateWorn, ThunderRoad"
      },
      "customDataList": null,
      "referenceID": "ApparelCivilianBoots"
    },
    {
      "$type": "ThunderRoad.SkillContent, ThunderRoad",
      "referenceID": "Conflagration"
    },
    {
      "$type": "ThunderRoad.SkillContent, ThunderRoad",
      "referenceID": "FireballRicochet"
    },
    {
      "$type": "ThunderRoad.SkillContent, ThunderRoad",
      "referenceID": "MoltenArc"
    },
    {
      "$type": "ThunderRoad.SkillContent, ThunderRoad",
      "referenceID": "RemoteDetonation"
    },
    {
      "$type": "ThunderRoad.SkillContent, ThunderRoad",
      "referenceID": "Heatwave"
    },
    {
      "$type": "ThunderRoad.SkillContent, ThunderRoad",
      "referenceID": "HeavyFirepower"
    },
    {
      "$type": "ThunderRoad.SkillContent, ThunderRoad",
      "referenceID": "IgnitionBurst"
    },
    {
      "$type": "ThunderRoad.SkillContent, ThunderRoad",
      "referenceID": "DetonationSwarm"
    },
    {
      "$type": "ThunderRoad.SkillContent, ThunderRoad",
      "referenceID": "InfernoStaff"
    },
    {
      "$type": "ThunderRoad.SkillContent, ThunderRoad",
      "referenceID": "TwinFlame"
    },
    {
      "$type": "ThunderRoad.SkillContent, ThunderRoad",
      "referenceID": "HomingRedirection"
    },
    {
      "$type": "ThunderRoad.SkillContent, ThunderRoad",
      "referenceID": "DiveStrike"
    },
    {
      "$type": "ThunderRoad.SkillContent, ThunderRoad",
      "referenceID": "SecondWind"
    },
    {
      "$type": "ThunderRoad.SkillContent, ThunderRoad",
      "referenceID": "BurningGrasp"
    },
    {
      "$type": "ThunderRoad.SkillContent, ThunderRoad",
      "referenceID": "RocketPunch"
    }
  ],
  "groupPath": "Player"
}