{
  "$type": "ThunderRoad.AreaTable, ThunderRoad",
  "id": "GL_XSTransi",
  "sensitiveContent": "None",
  "sensitiveFilterBehaviour": "Discard",
  "version": 0,
  "areaSettingTable": {
    "$type": "ThunderRoad.AreaTable+AreaSettingsTable, ThunderRoad",
    "drops": [
      {
        "$type": "ThunderRoad.DropTable`1+Drop[[ThunderRoad.AreaTable+AreaSettings, ThunderRoad]], ThunderRoad",
        "dropItem": {
          "$type": "ThunderRoad.AreaTable+AreaSettings, ThunderRoad",
          "bpGeneratorIdContainer": {
            "$type": "ThunderRoad.IAreaBlueprintGenerator+IAreaBlueprintGeneratorIdContainer, ThunderRoad",
            "dataId": "GL_XSTransi_Castle_01",
            "category": "Area"
          },
          "exitConnection": [
            0,
            1
          ],
          "entranceConnection": [
            0,
            1
          ],
          "maxCreature": 2
        },
        "probabilityWeight": 1.3
      },
      {
        "$type": "ThunderRoad.DropTable`1+Drop[[ThunderRoad.AreaTable+AreaSettings, ThunderRoad]], ThunderRoad",
        "dropItem": {
          "$type": "ThunderRoad.AreaTable+AreaSettings, ThunderRoad",
          "bpGeneratorIdContainer": {
            "$type": "ThunderRoad.IAreaBlueprintGenerator+IAreaBlueprintGeneratorIdContainer, ThunderRoad",
            "dataId": "GL_XSTransi_Castle_02",
            "category": "Area"
          },
          "exitConnection": [
            0,
            1
          ],
          "entranceConnection": [
            0,
            1
          ],
          "maxCreature": 2
        },
        "probabilityWeight": 1.0
      },
      {
        "$type": "ThunderRoad.DropTable`1+Drop[[ThunderRoad.AreaTable+AreaSettings, ThunderRoad]], ThunderRoad",
        "dropItem": {
          "$type": "ThunderRoad.AreaTable+AreaSettings, ThunderRoad",
          "bpGeneratorIdContainer": {
            "$type": "ThunderRoad.IAreaBlueprintGenerator+IAreaBlueprintGeneratorIdContainer, ThunderRoad",
            "dataId": "GL_XSTransi_Castle_03",
            "category": "Area"
          },
          "exitConnection": [
            0,
            1
          ],
          "entranceConnection": [
            0,
            1
          ],
          "maxCreature": 4
        },
        "probabilityWeight": 0.2
      },
      {
        "$type": "ThunderRoad.DropTable`1+Drop[[ThunderRoad.AreaTable+AreaSettings, ThunderRoad]], ThunderRoad",
        "dropItem": {
          "$type": "ThunderRoad.AreaTable+AreaSettings, ThunderRoad",
          "bpGeneratorIdContainer": {
            "$type": "ThunderRoad.IAreaBlueprintGenerator+IAreaBlueprintGeneratorIdContainer, ThunderRoad",
            "dataId": "GL_XSTransi_Castle_04",
            "category": "Area"
          },
          "exitConnection": [
            0,
            1
          ],
          "entranceConnection": [
            0,
            1
          ],
          "maxCreature": 3
        },
        "probabilityWeight": 0.9
      },
      {
        "$type": "ThunderRoad.DropTable`1+Drop[[ThunderRoad.AreaTable+AreaSettings, ThunderRoad]], ThunderRoad",
        "dropItem": {
          "$type": "ThunderRoad.AreaTable+AreaSettings, ThunderRoad",
          "bpGeneratorIdContainer": {
            "$type": "ThunderRoad.IAreaBlueprintGenerator+IAreaBlueprintGeneratorIdContainer, ThunderRoad",
            "dataId": "GL_XSTransi_Castle_05",
            "category": "Area"
          },
          "exitConnection": [
            0,
            1
          ],
          "entranceConnection": [
            0,
            1
          ],
          "maxCreature": 2
        },
        "probabilityWeight": 0.1
      },
      {
        "$type": "ThunderRoad.DropTable`1+Drop[[ThunderRoad.AreaTable+AreaSettings, ThunderRoad]], ThunderRoad",
        "dropItem": {
          "$type": "ThunderRoad.AreaTable+AreaSettings, ThunderRoad",
          "bpGeneratorIdContainer": {
            "$type": "ThunderRoad.IAreaBlueprintGenerator+IAreaBlueprintGeneratorIdContainer, ThunderRoad",
            "dataId": "GL_XSTransi_Castle_06",
            "category": "Area"
          },
          "exitConnection": [
            0,
            1
          ],
          "entranceConnection": [
            0,
            1
          ],
          "maxCreature": 2
        },
        "probabilityWeight": 0.1
      },
      {
        "$type": "ThunderRoad.DropTable`1+Drop[[ThunderRoad.AreaTable+AreaSettings, ThunderRoad]], ThunderRoad",
        "dropItem": {
          "$type": "ThunderRoad.AreaTable+AreaSettings, ThunderRoad",
          "bpGeneratorIdContainer": {
            "$type": "ThunderRoad.IAreaBlueprintGenerator+IAreaBlueprintGeneratorIdContainer, ThunderRoad",
            "dataId": "GL_XSTransi_Castle_08",
            "category": "Area"
          },
          "exitConnection": [
            0,
            1,
            2
          ],
          "entranceConnection": [
            0,
            1,
            2
          ],
          "maxCreature": 4
        },
        "probabilityWeight": 1.3
      },
      {
        "$type": "ThunderRoad.DropTable`1+Drop[[ThunderRoad.AreaTable+AreaSettings, ThunderRoad]], ThunderRoad",
        "dropItem": {
          "$type": "ThunderRoad.AreaTable+AreaSettings, ThunderRoad",
          "bpGeneratorIdContainer": {
            "$type": "ThunderRoad.IAreaBlueprintGenerator+IAreaBlueprintGeneratorIdContainer, ThunderRoad",
            "dataId": "GL_XSTransi_Castle_09",
            "category": "Area"
          },
          "exitConnection": [
            0,
            1
          ],
          "entranceConnection": [
            0,
            1
          ],
          "maxCreature": 2
        },
        "probabilityWeight": 0.05
      },
      {
        "$type": "ThunderRoad.DropTable`1+Drop[[ThunderRoad.AreaTable+AreaSettings, ThunderRoad]], ThunderRoad",
        "dropItem": {
          "$type": "ThunderRoad.AreaTable+AreaSettings, ThunderRoad",
          "bpGeneratorIdContainer": {
            "$type": "ThunderRoad.IAreaBlueprintGenerator+IAreaBlueprintGeneratorIdContainer, ThunderRoad",
            "dataId": "GL_XSTransi_Castle_10",
            "category": "Area"
          },
          "exitConnection": [
            0,
            1
          ],
          "entranceConnection": [
            0,
            1
          ],
          "maxCreature": 2
        },
        "probabilityWeight": 0.8
      },
      {
        "$type": "ThunderRoad.DropTable`1+Drop[[ThunderRoad.AreaTable+AreaSettings, ThunderRoad]], ThunderRoad",
        "dropItem": {
          "$type": "ThunderRoad.AreaTable+AreaSettings, ThunderRoad",
          "bpGeneratorIdContainer": {
            "$type": "ThunderRoad.IAreaBlueprintGenerator+IAreaBlueprintGeneratorIdContainer, ThunderRoad",
            "dataId": "GL_XSTransi_Castle_11",
            "category": "Area"
          },
          "exitConnection": [
            0,
            1
          ],
          "entranceConnection": [
            0,
            1
          ],
          "maxCreature": 2
        },
        "probabilityWeight": 1.0
      },
      {
        "$type": "ThunderRoad.DropTable`1+Drop[[ThunderRoad.AreaTable+AreaSettings, ThunderRoad]], ThunderRoad",
        "dropItem": {
          "$type": "ThunderRoad.AreaTable+AreaSettings, ThunderRoad",
          "bpGeneratorIdContainer": {
            "$type": "ThunderRoad.IAreaBlueprintGenerator+IAreaBlueprintGeneratorIdContainer, ThunderRoad",
            "dataId": "GL_XSTransi_Castle_13",
            "category": "Area"
          },
          "exitConnection": [
            0,
            1
          ],
          "entranceConnection": [
            0,
            1
          ],
          "maxCreature": 2
        },
        "probabilityWeight": 0.2
      },
      {
        "$type": "ThunderRoad.DropTable`1+Drop[[ThunderRoad.AreaTable+AreaSettings, ThunderRoad]], ThunderRoad",
        "dropItem": {
          "$type": "ThunderRoad.AreaTable+AreaSettings, ThunderRoad",
          "bpGeneratorIdContainer": {
            "$type": "ThunderRoad.IAreaBlueprintGenerator+IAreaBlueprintGeneratorIdContainer, ThunderRoad",
            "dataId": "GL_XSTransi_Castle_14",
            "category": "Area"
          },
          "exitConnection": [
            0,
            1
          ],
          "entranceConnection": [
            0,
            1
          ],
          "maxCreature": 2
        },
        "probabilityWeight": 0.8
      },
      {
        "$type": "ThunderRoad.DropTable`1+Drop[[ThunderRoad.AreaTable+AreaSettings, ThunderRoad]], ThunderRoad",
        "dropItem": {
          "$type": "ThunderRoad.AreaTable+AreaSettings, ThunderRoad",
          "bpGeneratorIdContainer": {
            "$type": "ThunderRoad.IAreaBlueprintGenerator+IAreaBlueprintGeneratorIdContainer, ThunderRoad",
            "dataId": "GL_XSTransi_Castle_15",
            "category": "Area"
          },
          "exitConnection": [
            0,
            1
          ],
          "entranceConnection": [
            0,
            1
          ],
          "maxCreature": 2
        },
        "probabilityWeight": 1.0
      },
      {
        "$type": "ThunderRoad.DropTable`1+Drop[[ThunderRoad.AreaTable+AreaSettings, ThunderRoad]], ThunderRoad",
        "dropItem": {
          "$type": "ThunderRoad.AreaTable+AreaSettings, ThunderRoad",
          "bpGeneratorIdContainer": {
            "$type": "ThunderRoad.IAreaBlueprintGenerator+IAreaBlueprintGeneratorIdContainer, ThunderRoad",
            "dataId": "GL_XSTransi_Castle_16",
            "category": "Area"
          },
          "exitConnection": [
            0,
            1
          ],
          "entranceConnection": [
            0,
            1
          ],
          "maxCreature": 3
        },
        "probabilityWeight": 0.1
      },
      {
        "$type": "ThunderRoad.DropTable`1+Drop[[ThunderRoad.AreaTable+AreaSettings, ThunderRoad]], ThunderRoad",
        "dropItem": {
          "$type": "ThunderRoad.AreaTable+AreaSettings, ThunderRoad",
          "bpGeneratorIdContainer": {
            "$type": "ThunderRoad.IAreaBlueprintGenerator+IAreaBlueprintGeneratorIdContainer, ThunderRoad",
            "dataId": "GL_XSTransi_Castle_17",
            "category": "Area"
          },
          "exitConnection": [
            0,
            1,
            2
          ],
          "entranceConnection": [
            0,
            1,
            2
          ],
          "maxCreature": 2
        },
        "probabilityWeight": 1.0
      },
      {
        "$type": "ThunderRoad.DropTable`1+Drop[[ThunderRoad.AreaTable+AreaSettings, ThunderRoad]], ThunderRoad",
        "dropItem": {
          "$type": "ThunderRoad.AreaTable+AreaSettings, ThunderRoad",
          "bpGeneratorIdContainer": {
            "$type": "ThunderRoad.IAreaBlueprintGenerator+IAreaBlueprintGeneratorIdContainer, ThunderRoad",
            "dataId": "GL_XSTransi_Cave_10",
            "category": "Area"
          },
          "exitConnection": [
            0,
            1
          ],
          "entranceConnection": [
            0,
            1
          ],
          "maxCreature": 1
        },
        "probabilityWeight": 0.1
      },
      {
        "$type": "ThunderRoad.DropTable`1+Drop[[ThunderRoad.AreaTable+AreaSettings, ThunderRoad]], ThunderRoad",
        "dropItem": {
          "$type": "ThunderRoad.AreaTable+AreaSettings, ThunderRoad",
          "bpGeneratorIdContainer": {
            "$type": "ThunderRoad.IAreaBlueprintGenerator+IAreaBlueprintGeneratorIdContainer, ThunderRoad",
            "dataId": "GL_XSTransi_Cave_11",
            "category": "Area"
          },
          "exitConnection": [
            1
          ],
          "entranceConnection": [
            0
          ],
          "maxCreature": 1
        },
        "probabilityWeight": 0.1
      },
      {
        "$type": "ThunderRoad.DropTable`1+Drop[[ThunderRoad.AreaTable+AreaSettings, ThunderRoad]], ThunderRoad",
        "dropItem": {
          "$type": "ThunderRoad.AreaTable+AreaSettings, ThunderRoad",
          "bpGeneratorIdContainer": {
            "$type": "ThunderRoad.IAreaBlueprintGenerator+IAreaBlueprintGeneratorIdContainer, ThunderRoad",
            "dataId": "GL_Transi_Castle_StorageHallway",
            "category": "Area"
          },
          "exitConnection": [
            0,
            1
          ],
          "entranceConnection": [
            0,
            1
          ],
          "maxCreature": 2
        },
        "probabilityWeight": 1.0
      },
      {
        "$type": "ThunderRoad.DropTable`1+Drop[[ThunderRoad.AreaTable+AreaSettings, ThunderRoad]], ThunderRoad",
        "dropItem": {
          "$type": "ThunderRoad.AreaTable+AreaSettings, ThunderRoad",
          "bpGeneratorIdContainer": {
            "$type": "ThunderRoad.IAreaBlueprintGenerator+IAreaBlueprintGeneratorIdContainer, ThunderRoad",
            "dataId": "GL_XSTransi_xC&C_ForgottenEntrance",
            "category": "Area"
          },
          "exitConnection": [
            0,
            1
          ],
          "entranceConnection": [
            0,
            1
          ],
          "maxCreature": 4
        },
        "probabilityWeight": 0.2
      },
      {
        "$type": "ThunderRoad.DropTable`1+Drop[[ThunderRoad.AreaTable+AreaSettings, ThunderRoad]], ThunderRoad",
        "dropItem": {
          "$type": "ThunderRoad.AreaTable+AreaSettings, ThunderRoad",
          "bpGeneratorIdContainer": {
            "$type": "ThunderRoad.IAreaBlueprintGenerator+IAreaBlueprintGeneratorIdContainer, ThunderRoad",
            "dataId": "GL_XSTransi_Castle_18",
            "category": "Area"
          },
          "exitConnection": [
            0,
            1
          ],
          "entranceConnection": [
            0,
            1
          ],
          "maxCreature": 2
        },
        "probabilityWeight": 1.0
      },
      {
        "$type": "ThunderRoad.DropTable`1+Drop[[ThunderRoad.AreaTable+AreaSettings, ThunderRoad]], ThunderRoad",
        "dropItem": {
          "$type": "ThunderRoad.AreaTable+AreaSettings, ThunderRoad",
          "bpGeneratorIdContainer": {
            "$type": "ThunderRoad.IAreaBlueprintGenerator+IAreaBlueprintGeneratorIdContainer, ThunderRoad",
            "dataId": "GL_XSTransi_Castle_19",
            "category": "Area"
          },
          "exitConnection": [
            0,
            1,
            2
          ],
          "entranceConnection": [
            0,
            1,
            2
          ],
          "maxCreature": 3
        },
        "probabilityWeight": 0.1
      },
      {
        "$type": "ThunderRoad.DropTable`1+Drop[[ThunderRoad.AreaTable+AreaSettings, ThunderRoad]], ThunderRoad",
        "dropItem": {
          "$type": "ThunderRoad.AreaTable+AreaSettings, ThunderRoad",
          "bpGeneratorIdContainer": {
            "$type": "ThunderRoad.IAreaBlueprintGenerator+IAreaBlueprintGeneratorIdContainer, ThunderRoad",
            "dataId": "GL_XSTransi_Castle_20",
            "category": "Area"
          },
          "exitConnection": [
            0,
            1
          ],
          "entranceConnection": [
            0,
            1
          ],
          "maxCreature": 3
        },
        "probabilityWeight": 0.1
      },
      {
        "$type": "ThunderRoad.DropTable`1+Drop[[ThunderRoad.AreaTable+AreaSettings, ThunderRoad]], ThunderRoad",
        "dropItem": {
          "$type": "ThunderRoad.AreaTable+AreaSettings, ThunderRoad",
          "bpGeneratorIdContainer": {
            "$type": "ThunderRoad.IAreaBlueprintGenerator+IAreaBlueprintGeneratorIdContainer, ThunderRoad",
            "dataId": "GL_XSTransi_Castle_21",
            "category": "Area"
          },
          "exitConnection": [
            0,
            1
          ],
          "entranceConnection": [
            0,
            1
          ],
          "maxCreature": 3
        },
        "probabilityWeight": 0.1
      },
      {
        "$type": "ThunderRoad.DropTable`1+Drop[[ThunderRoad.AreaTable+AreaSettings, ThunderRoad]], ThunderRoad",
        "dropItem": {
          "$type": "ThunderRoad.AreaTable+AreaSettings, ThunderRoad",
          "bpGeneratorIdContainer": {
            "$type": "ThunderRoad.IAreaBlueprintGenerator+IAreaBlueprintGeneratorIdContainer, ThunderRoad",
            "dataId": "GL_XSTransi_Castle_22",
            "category": "Area"
          },
          "exitConnection": [
            0,
            1
          ],
          "entranceConnection": [
            0,
            1
          ],
          "maxCreature": 3
        },
        "probabilityWeight": 1.0
      },
      {
        "$type": "ThunderRoad.DropTable`1+Drop[[ThunderRoad.AreaTable+AreaSettings, ThunderRoad]], ThunderRoad",
        "dropItem": {
          "$type": "ThunderRoad.AreaTable+AreaSettings, ThunderRoad",
          "bpGeneratorIdContainer": {
            "$type": "ThunderRoad.IAreaBlueprintGenerator+IAreaBlueprintGeneratorIdContainer, ThunderRoad",
            "dataId": "GL_XSTransi_Castle_23",
            "category": "Area"
          },
          "exitConnection": [
            0,
            1
          ],
          "entranceConnection": [
            0,
            1
          ],
          "maxCreature": 2
        },
        "probabilityWeight": 0.05
      },
      {
        "$type": "ThunderRoad.DropTable`1+Drop[[ThunderRoad.AreaTable+AreaSettings, ThunderRoad]], ThunderRoad",
        "dropItem": {
          "$type": "ThunderRoad.AreaTable+AreaSettings, ThunderRoad",
          "bpGeneratorIdContainer": {
            "$type": "ThunderRoad.IAreaBlueprintGenerator+IAreaBlueprintGeneratorIdContainer, ThunderRoad",
            "dataId": "GL_XSTransi_Castle_Underwater1",
            "category": "Area"
          },
          "exitConnection": [
            0,
            1
          ],
          "entranceConnection": [
            0,
            1
          ],
          "maxCreature": 2
        },
        "probabilityWeight": 3.0
      },
      {
        "$type": "ThunderRoad.DropTable`1+Drop[[ThunderRoad.AreaTable+AreaSettings, ThunderRoad]], ThunderRoad",
        "dropItem": {
          "$type": "ThunderRoad.AreaTable+AreaSettings, ThunderRoad",
          "bpGeneratorIdContainer": {
            "$type": "ThunderRoad.IAreaBlueprintGenerator+IAreaBlueprintGeneratorIdContainer, ThunderRoad",
            "dataId": "GL_Transi_Cave_Streamline",
            "category": "Area"
          },
          "exitConnection": [
            0,
            1
          ],
          "entranceConnection": [
            0,
            1
          ],
          "maxCreature": 1
        },
        "probabilityWeight": 1.0
      },
      {
        "$type": "ThunderRoad.DropTable`1+Drop[[ThunderRoad.AreaTable+AreaSettings, ThunderRoad]], ThunderRoad",
        "dropItem": {
          "$type": "ThunderRoad.AreaTable+AreaSettings, ThunderRoad",
          "bpGeneratorIdContainer": {
            "$type": "ThunderRoad.IAreaBlueprintGenerator+IAreaBlueprintGeneratorIdContainer, ThunderRoad",
            "dataId": "GL_Transi_Castle_Barracks",
            "category": "Area"
          },
          "exitConnection": [
            0,
            1
          ],
          "entranceConnection": [
            0,
            1
          ],
          "maxCreature": 3
        },
        "probabilityWeight": 1.0
      },
      {
        "$type": "ThunderRoad.DropTable`1+Drop[[ThunderRoad.AreaTable+AreaSettings, ThunderRoad]], ThunderRoad",
        "dropItem": {
          "$type": "ThunderRoad.AreaTable+AreaSettings, ThunderRoad",
          "bpGeneratorIdContainer": {
            "$type": "ThunderRoad.IAreaBlueprintGenerator+IAreaBlueprintGeneratorIdContainer, ThunderRoad",
            "dataId": "GL_Transi_Cave_Mine",
            "category": "Area"
          },
          "exitConnection": [
            0,
            1,
            2
          ],
          "entranceConnection": [
            0,
            1,
            2
          ],
          "maxCreature": 2
        },
        "probabilityWeight": 1.0
      },
      {
        "$type": "ThunderRoad.DropTable`1+Drop[[ThunderRoad.AreaTable+AreaSettings, ThunderRoad]], ThunderRoad",
        "dropItem": {
          "$type": "ThunderRoad.AreaTable+AreaSettings, ThunderRoad",
          "bpGeneratorIdContainer": {
            "$type": "ThunderRoad.IAreaBlueprintGenerator+IAreaBlueprintGeneratorIdContainer, ThunderRoad",
            "dataId": "GL_Transi_Castle_TwoFloorsCorridor",
            "category": "Area"
          },
          "exitConnection": [
            0,
            1,
            2
          ],
          "entranceConnection": [
            0,
            1,
            2
          ],
          "maxCreature": 2
        },
        "probabilityWeight": 0.1
      }
    ]
  },
  "groupPath": "Outpost"
}