{
  "$type": "ThunderRoad.AreaTable, ThunderRoad",
  "id": "GL_Standard",
  "sensitiveContent": "None",
  "sensitiveFilterBehaviour": "Discard",
  "version": 0,
  "areaSettingTable": {
    "$type": "ThunderRoad.AreaTable+AreaSettingsTable, ThunderRoad",
    "drops": [
      {
        "$type": "ThunderRoad.DropTable`1+Drop[[ThunderRoad.AreaTable+AreaSettings, ThunderRoad]], ThunderRoad",
        "dropItem": {
          "$type": "ThunderRoad.AreaTable+AreaSettings, ThunderRoad",
          "bpGeneratorIdContainer": {
            "$type": "ThunderRoad.IAreaBlueprintGenerator+IAreaBlueprintGeneratorIdContainer, ThunderRoad",
            "dataId": "GL_Std_C&C_ElevatedStairs",
            "category": "Area"
          },
          "exitConnection": [
            0,
            1,
            2,
            3
          ],
          "entranceConnection": [
            0,
            1,
            2,
            3
          ],
          "maxCreature": 4
        },
        "probabilityWeight": 1.2
      },
      {
        "$type": "ThunderRoad.DropTable`1+Drop[[ThunderRoad.AreaTable+AreaSettings, ThunderRoad]], ThunderRoad",
        "dropItem": {
          "$type": "ThunderRoad.AreaTable+AreaSettings, ThunderRoad",
          "bpGeneratorIdContainer": {
            "$type": "ThunderRoad.IAreaBlueprintGenerator+IAreaBlueprintGeneratorIdContainer, ThunderRoad",
            "dataId": "GL_Std_Castle_Ascent",
            "category": "Area"
          },
          "exitConnection": [
            0,
            1
          ],
          "entranceConnection": [
            0,
            1
          ],
          "maxCreature": 3
        },
        "probabilityWeight": 0.1
      },
      {
        "$type": "ThunderRoad.DropTable`1+Drop[[ThunderRoad.AreaTable+AreaSettings, ThunderRoad]], ThunderRoad",
        "dropItem": {
          "$type": "ThunderRoad.AreaTable+AreaSettings, ThunderRoad",
          "bpGeneratorIdContainer": {
            "$type": "ThunderRoad.IAreaBlueprintGenerator+IAreaBlueprintGeneratorIdContainer, ThunderRoad",
            "dataId": "GL_Std_Castle_Courtyard",
            "category": "Area"
          },
          "exitConnection": [
            0,
            1,
            2,
            3
          ],
          "entranceConnection": [
            0,
            1,
            2,
            3
          ],
          "maxCreature": 4
        },
        "probabilityWeight": 0.8
      },
      {
        "$type": "ThunderRoad.DropTable`1+Drop[[ThunderRoad.AreaTable+AreaSettings, ThunderRoad]], ThunderRoad",
        "dropItem": {
          "$type": "ThunderRoad.AreaTable+AreaSettings, ThunderRoad",
          "bpGeneratorIdContainer": {
            "$type": "ThunderRoad.IAreaBlueprintGenerator+IAreaBlueprintGeneratorIdContainer, ThunderRoad",
            "dataId": "GL_Std_Castle_ViaductZipline",
            "category": "Area"
          },
          "exitConnection": [
            1,
            2
          ],
          "entranceConnection": [
            0,
            1
          ],
          "maxCreature": 4
        },
        "probabilityWeight": 1.3
      },
      {
        "$type": "ThunderRoad.DropTable`1+Drop[[ThunderRoad.AreaTable+AreaSettings, ThunderRoad]], ThunderRoad",
        "dropItem": {
          "$type": "ThunderRoad.AreaTable+AreaSettings, ThunderRoad",
          "bpGeneratorIdContainer": {
            "$type": "ThunderRoad.IAreaBlueprintGenerator+IAreaBlueprintGeneratorIdContainer, ThunderRoad",
            "dataId": "GL_Std_xCastle&Cave_Source",
            "category": "Area"
          },
          "exitConnection": [
            0,
            1,
            2
          ],
          "entranceConnection": [
            0,
            1,
            2
          ],
          "maxCreature": 3
        },
        "probabilityWeight": 0.6
      },
      {
        "$type": "ThunderRoad.DropTable`1+Drop[[ThunderRoad.AreaTable+AreaSettings, ThunderRoad]], ThunderRoad",
        "dropItem": {
          "$type": "ThunderRoad.AreaTable+AreaSettings, ThunderRoad",
          "bpGeneratorIdContainer": {
            "$type": "ThunderRoad.IAreaBlueprintGenerator+IAreaBlueprintGeneratorIdContainer, ThunderRoad",
            "dataId": "GL_Std_C&C_FallenCorridor",
            "category": "Area"
          },
          "exitConnection": [
            0,
            1
          ],
          "entranceConnection": [
            0,
            1
          ],
          "maxCreature": 4
        },
        "probabilityWeight": 1.1
      },
      {
        "$type": "ThunderRoad.DropTable`1+Drop[[ThunderRoad.AreaTable+AreaSettings, ThunderRoad]], ThunderRoad",
        "dropItem": {
          "$type": "ThunderRoad.AreaTable+AreaSettings, ThunderRoad",
          "bpGeneratorIdContainer": {
            "$type": "ThunderRoad.IAreaBlueprintGenerator+IAreaBlueprintGeneratorIdContainer, ThunderRoad",
            "dataId": "GL_Std_Castle_CliffTerrace",
            "category": "Area"
          },
          "exitConnection": [
            0,
            1
          ],
          "entranceConnection": [
            0,
            1
          ],
          "maxCreature": 4
        },
        "probabilityWeight": 1.5
      },
      {
        "$type": "ThunderRoad.DropTable`1+Drop[[ThunderRoad.AreaTable+AreaSettings, ThunderRoad]], ThunderRoad",
        "dropItem": {
          "$type": "ThunderRoad.AreaTable+AreaSettings, ThunderRoad",
          "bpGeneratorIdContainer": {
            "$type": "ThunderRoad.IAreaBlueprintGenerator+IAreaBlueprintGeneratorIdContainer, ThunderRoad",
            "dataId": "GL_Std_Castle_KingCorridor",
            "category": "Area"
          },
          "exitConnection": [
            0,
            1,
            2
          ],
          "entranceConnection": [
            0,
            1,
            2
          ],
          "maxCreature": 4
        },
        "probabilityWeight": 0.5
      },
      {
        "$type": "ThunderRoad.DropTable`1+Drop[[ThunderRoad.AreaTable+AreaSettings, ThunderRoad]], ThunderRoad",
        "dropItem": {
          "$type": "ThunderRoad.AreaTable+AreaSettings, ThunderRoad",
          "bpGeneratorIdContainer": {
            "$type": "ThunderRoad.IAreaBlueprintGenerator+IAreaBlueprintGeneratorIdContainer, ThunderRoad",
            "dataId": "GL_Std_Castle_CollapsedCeiling",
            "category": "Area"
          },
          "exitConnection": [
            0,
            1
          ],
          "entranceConnection": [
            0,
            1
          ],
          "maxCreature": 4
        },
        "probabilityWeight": 0.1
      },
      {
        "$type": "ThunderRoad.DropTable`1+Drop[[ThunderRoad.AreaTable+AreaSettings, ThunderRoad]], ThunderRoad",
        "dropItem": {
          "$type": "ThunderRoad.AreaTable+AreaSettings, ThunderRoad",
          "bpGeneratorIdContainer": {
            "$type": "ThunderRoad.IAreaBlueprintGenerator+IAreaBlueprintGeneratorIdContainer, ThunderRoad",
            "dataId": "GL_Std_Castle_SewerGate",
            "category": "Area"
          },
          "exitConnection": [
            0,
            1
          ],
          "entranceConnection": [
            0,
            1
          ],
          "maxCreature": 4
        },
        "probabilityWeight": 0.6
      },
      {
        "$type": "ThunderRoad.DropTable`1+Drop[[ThunderRoad.AreaTable+AreaSettings, ThunderRoad]], ThunderRoad",
        "dropItem": {
          "$type": "ThunderRoad.AreaTable+AreaSettings, ThunderRoad",
          "bpGeneratorIdContainer": {
            "$type": "ThunderRoad.IAreaBlueprintGenerator+IAreaBlueprintGeneratorIdContainer, ThunderRoad",
            "dataId": "GL_Std_Castle_SmallGarden",
            "category": "Area"
          },
          "exitConnection": [
            0,
            1,
            2
          ],
          "entranceConnection": [
            0,
            1,
            2
          ],
          "maxCreature": 4
        },
        "probabilityWeight": 0.05
      }
    ]
  },
  "groupPath": "Outpost"
}