{
  "$type": "ThunderRoad.AreaTable, ThunderRoad",
  "id": "DA_Uptown_Transi",
  "sensitiveContent": "None",
  "sensitiveFilterBehaviour": "Discard",
  "version": 0,
  "areaSettingTable": {
    "$type": "ThunderRoad.AreaTable+AreaSettingsTable, ThunderRoad",
    "drops": [
      {
        "$type": "ThunderRoad.DropTable`1+Drop[[ThunderRoad.AreaTable+AreaSettings, ThunderRoad]], ThunderRoad",
        "dropItem": {
          "$type": "ThunderRoad.AreaTable+AreaSettings, ThunderRoad",
          "bpGeneratorIdContainer": {
            "$type": "ThunderRoad.IAreaBlueprintGenerator+IAreaBlueprintGeneratorIdContainer, ThunderRoad",
            "dataId": "DA_XSTransi_Beastiary",
            "category": "Area"
          },
          "exitConnection": [
            0,
            1
          ],
          "entranceConnection": [
            0,
            1
          ],
          "maxCreature": 4
        },
        "probabilityWeight": 1.2
      },
      {
        "$type": "ThunderRoad.DropTable`1+Drop[[ThunderRoad.AreaTable+AreaSettings, ThunderRoad]], ThunderRoad",
        "dropItem": {
          "$type": "ThunderRoad.AreaTable+AreaSettings, ThunderRoad",
          "bpGeneratorIdContainer": {
            "$type": "ThunderRoad.IAreaBlueprintGenerator+IAreaBlueprintGeneratorIdContainer, ThunderRoad",
            "dataId": "DA_XSTransi_Corridor1",
            "category": "Area"
          },
          "exitConnection": [
            0,
            1
          ],
          "entranceConnection": [
            0,
            1
          ],
          "maxCreature": 3
        },
        "probabilityWeight": 1.0
      },
      {
        "$type": "ThunderRoad.DropTable`1+Drop[[ThunderRoad.AreaTable+AreaSettings, ThunderRoad]], ThunderRoad",
        "dropItem": {
          "$type": "ThunderRoad.AreaTable+AreaSettings, ThunderRoad",
          "bpGeneratorIdContainer": {
            "$type": "ThunderRoad.IAreaBlueprintGenerator+IAreaBlueprintGeneratorIdContainer, ThunderRoad",
            "dataId": "DA_XSTransi_GatheringHall",
            "category": "Area"
          },
          "exitConnection": [
            0,
            1,
            2
          ],
          "entranceConnection": [
            0,
            1,
            2
          ],
          "maxCreature": 3
        },
        "probabilityWeight": 1.2
      },
      {
        "$type": "ThunderRoad.DropTable`1+Drop[[ThunderRoad.AreaTable+AreaSettings, ThunderRoad]], ThunderRoad",
        "dropItem": {
          "$type": "ThunderRoad.AreaTable+AreaSettings, ThunderRoad",
          "bpGeneratorIdContainer": {
            "$type": "ThunderRoad.IAreaBlueprintGenerator+IAreaBlueprintGeneratorIdContainer, ThunderRoad",
            "dataId": "DA_XSTransi_Observatory",
            "category": "Area"
          },
          "exitConnection": [
            0,
            1
          ],
          "entranceConnection": [
            0,
            1
          ],
          "maxCreature": 4
        },
        "probabilityWeight": 1.0
      },
      {
        "$type": "ThunderRoad.DropTable`1+Drop[[ThunderRoad.AreaTable+AreaSettings, ThunderRoad]], ThunderRoad",
        "dropItem": {
          "$type": "ThunderRoad.AreaTable+AreaSettings, ThunderRoad",
          "bpGeneratorIdContainer": {
            "$type": "ThunderRoad.IAreaBlueprintGenerator+IAreaBlueprintGeneratorIdContainer, ThunderRoad",
            "dataId": "DA_XSTransi_RoundtableOfLords",
            "category": "Area"
          },
          "exitConnection": [
            0,
            1
          ],
          "entranceConnection": [
            0,
            1
          ],
          "maxCreature": 3
        },
        "probabilityWeight": 1.0
      },
      {
        "$type": "ThunderRoad.DropTable`1+Drop[[ThunderRoad.AreaTable+AreaSettings, ThunderRoad]], ThunderRoad",
        "dropItem": {
          "$type": "ThunderRoad.AreaTable+AreaSettings, ThunderRoad",
          "bpGeneratorIdContainer": {
            "$type": "ThunderRoad.IAreaBlueprintGenerator+IAreaBlueprintGeneratorIdContainer, ThunderRoad",
            "dataId": "DA_XSTransi_GreatGarden",
            "category": "Area"
          },
          "exitConnection": [
            0,
            1
          ],
          "entranceConnection": [
            0,
            1
          ],
          "maxCreature": 3
        },
        "probabilityWeight": 1.2
      }
    ]
  },
  "groupPath": "Dalgarian"
}