{
  "$type": "ThunderRoad.ColliderGroupData, ThunderRoad",
  "id": "BladeAxe",
  "sensitiveContent": "None",
  "sensitiveFilterBehaviour": "Discard",
  "version": 0,
  "collisionHandling": "ByGroup",
  "allowPenetration": false,
  "modifiers": [
    {
      "$type": "ThunderRoad.ColliderGroupData+Modifier, ThunderRoad",
      "tierFilter": "Tier0",
      "imbueType": "None",
      "imbueMax": 100.0,
      "imbueRate": 1.0,
      "imbueConstantLoss": 3.0,
      "staffSlamLoss": 90.0,
      "imbueHitLoss": 30.0,
      "imbueVelocityLossPerSecond": 0.0,
      "imbueEffectiveness": 1.0,
      "waterLossRateMultiplier": 1.0,
      "deflectMaxAngleCollision": 0.0,
      "deflectMaxAngleTarget": 0.0,
      "deflectSpeedMultiplier": 2.0,
      "deflectSpreadHeight": 1.0,
      "deflectSpreadWidth": 1.0,
      "spellFilterLogic": "AnyExcept",
      "spellIds": []
    },
    {
      "$type": "ThunderRoad.ColliderGroupData+Modifier, ThunderRoad",
      "tierFilter": "Tier1",
      "imbueType": "Blade",
      "imbueMax": 100.0,
      "imbueRate": 2.0,
      "imbueConstantLoss": 2.0,
      "staffSlamLoss": 90.0,
      "imbueHitLoss": 4.0,
      "imbueVelocityLossPerSecond": 0.0,
      "imbueEffectiveness": 1.0,
      "waterLossRateMultiplier": 1.0,
      "deflectMaxAngleCollision": 50.0,
      "deflectMaxAngleTarget": 60.0,
      "deflectSpeedMultiplier": 1.25,
      "deflectSpreadHeight": 2.0,
      "deflectSpreadWidth": 2.0,
      "spellFilterLogic": "AnyExcept",
      "spellIds": []
    },
    {
      "$type": "ThunderRoad.ColliderGroupData+Modifier, ThunderRoad",
      "tierFilter": "Tier2",
      "imbueType": "Blade",
      "imbueMax": 100.0,
      "imbueRate": 2.0,
      "imbueConstantLoss": 1.0,
      "staffSlamLoss": 90.0,
      "imbueHitLoss": 3.0,
      "imbueVelocityLossPerSecond": 0.0,
      "imbueEffectiveness": 1.0,
      "waterLossRateMultiplier": 1.0,
      "deflectMaxAngleCollision": 60.0,
      "deflectMaxAngleTarget": 60.0,
      "deflectSpeedMultiplier": 1.35,
      "deflectSpreadHeight": 1.5,
      "deflectSpreadWidth": 1.5,
      "spellFilterLogic": "AnyExcept",
      "spellIds": []
    },
    {
      "$type": "ThunderRoad.ColliderGroupData+Modifier, ThunderRoad",
      "tierFilter": "Tier3",
      "imbueType": "Blade",
      "imbueMax": 100.0,
      "imbueRate": 2.0,
      "imbueConstantLoss": 0.45,
      "staffSlamLoss": 90.0,
      "imbueHitLoss": 2.0,
      "imbueVelocityLossPerSecond": 0.0,
      "imbueEffectiveness": 1.0,
      "waterLossRateMultiplier": 1.0,
      "deflectMaxAngleCollision": 70.0,
      "deflectMaxAngleTarget": 60.0,
      "deflectSpeedMultiplier": 1.5,
      "deflectSpreadHeight": 1.0,
      "deflectSpreadWidth": 1.0,
      "spellFilterLogic": "AnyExcept",
      "spellIds": []
    },
    {
      "$type": "ThunderRoad.ColliderGroupData+Modifier, ThunderRoad",
      "tierFilter": "Tier4",
      "imbueType": "Blade",
      "imbueMax": 100.0,
      "imbueRate": 3.0,
      "imbueConstantLoss": 0.1,
      "staffSlamLoss": 90.0,
      "imbueHitLoss": 0.5,
      "imbueVelocityLossPerSecond": 0.0,
      "imbueEffectiveness": 1.0,
      "waterLossRateMultiplier": 1.0,
      "deflectMaxAngleCollision": 80.0,
      "deflectMaxAngleTarget": 60.0,
      "deflectSpeedMultiplier": 1.75,
      "deflectSpreadHeight": 0.5,
      "deflectSpreadWidth": 0.5,
      "spellFilterLogic": "AnyExcept",
      "spellIds": []
    },
    {
      "$type": "ThunderRoad.ColliderGroupData+Modifier, ThunderRoad",
      "tierFilter": "Tier5",
      "imbueType": "Blade",
      "imbueMax": 100.0,
      "imbueRate": 3.0,
      "imbueConstantLoss": 0.05,
      "staffSlamLoss": 90.0,
      "imbueHitLoss": 0.1,
      "imbueVelocityLossPerSecond": 0.0,
      "imbueEffectiveness": 1.0,
      "waterLossRateMultiplier": 1.0,
      "deflectMaxAngleCollision": 80.0,
      "deflectMaxAngleTarget": 60.0,
      "deflectSpeedMultiplier": 2.0,
      "deflectSpreadHeight": 0.5,
      "deflectSpreadWidth": 0.5,
      "spellFilterLogic": "AnyExcept",
      "spellIds": []
    }
  ],
  "ignoredImbueEffectModules": null,
  "customSpellEffects": false,
  "customSpellEffectIDs": null,
  "customSpellEffectData": null,
  "groupPath": null
}