{
  "$type": "ThunderRoad.ColliderGroupData, ThunderRoad",
  "id": "BladeSwordCrystal",
  "sensitiveContent": "None",
  "sensitiveFilterBehaviour": "Discard",
  "version": 0,
  "collisionHandling": "ByGroup",
  "allowPenetration": false,
  "modifiers": [
    {
      "$type": "ThunderRoad.ColliderGroupData+Modifier, ThunderRoad",
      "tierFilter": "Tier0",
      "imbueType": "Crystal",
      "imbueMax": 100.0,
      "imbueRate": 0.6,
      "imbueConstantLoss": 1.0,
      "staffSlamLoss": 90.0,
      "imbueHitLoss": 0.0,
      "imbueVelocityLossPerSecond": 0.0,
      "imbueEffectiveness": 1.0,
      "waterLossRateMultiplier": 1.0,
      "deflectMaxAngleCollision": 30.0,
      "deflectMaxAngleTarget": 30.0,
      "deflectSpeedMultiplier": 1.25,
      "deflectSpreadHeight": 1.5,
      "deflectSpreadWidth": 1.5,
      "spellFilterLogic": "AnyExcept",
      "spellIds": []
    },
    {
      "$type": "ThunderRoad.ColliderGroupData+Modifier, ThunderRoad",
      "tierFilter": "Tier1",
      "imbueType": "Crystal",
      "imbueMax": 100.0,
      "imbueRate": 0.8,
      "imbueConstantLoss": 0.5,
      "staffSlamLoss": 85.0,
      "imbueHitLoss": 0.0,
      "imbueVelocityLossPerSecond": 0.0,
      "imbueEffectiveness": 1.0,
      "waterLossRateMultiplier": 1.0,
      "deflectMaxAngleCollision": 60.0,
      "deflectMaxAngleTarget": 60.0,
      "deflectSpeedMultiplier": 1.4,
      "deflectSpreadHeight": 1.25,
      "deflectSpreadWidth": 1.25,
      "spellFilterLogic": "AnyExcept",
      "spellIds": []
    },
    {
      "$type": "ThunderRoad.ColliderGroupData+Modifier, ThunderRoad",
      "tierFilter": "Tier2",
      "imbueType": "Crystal",
      "imbueMax": 100.0,
      "imbueRate": 0.9,
      "imbueConstantLoss": 0.25,
      "staffSlamLoss": 60.0,
      "imbueHitLoss": 0.0,
      "imbueVelocityLossPerSecond": 0.0,
      "imbueEffectiveness": 1.0,
      "waterLossRateMultiplier": 1.0,
      "deflectMaxAngleCollision": 60.0,
      "deflectMaxAngleTarget": 60.0,
      "deflectSpeedMultiplier": 1.6,
      "deflectSpreadHeight": 1.0,
      "deflectSpreadWidth": 1.0,
      "spellFilterLogic": "AnyExcept",
      "spellIds": []
    },
    {
      "$type": "ThunderRoad.ColliderGroupData+Modifier, ThunderRoad",
      "tierFilter": "Tier3",
      "imbueType": "Crystal",
      "imbueMax": 100.0,
      "imbueRate": 1.0,
      "imbueConstantLoss": 0.125,
      "staffSlamLoss": 40.0,
      "imbueHitLoss": 0.0,
      "imbueVelocityLossPerSecond": 0.0,
      "imbueEffectiveness": 1.0,
      "waterLossRateMultiplier": 1.0,
      "deflectMaxAngleCollision": 70.0,
      "deflectMaxAngleTarget": 60.0,
      "deflectSpeedMultiplier": 1.75,
      "deflectSpreadHeight": 0.75,
      "deflectSpreadWidth": 0.75,
      "spellFilterLogic": "AnyExcept",
      "spellIds": []
    },
    {
      "$type": "ThunderRoad.ColliderGroupData+Modifier, ThunderRoad",
      "tierFilter": "Tier4",
      "imbueType": "Crystal",
      "imbueMax": 100.0,
      "imbueRate": 1.2,
      "imbueConstantLoss": -2.5,
      "staffSlamLoss": 30.0,
      "imbueHitLoss": 0.0,
      "imbueVelocityLossPerSecond": 0.0,
      "imbueEffectiveness": 1.0,
      "waterLossRateMultiplier": 1.0,
      "deflectMaxAngleCollision": 80.0,
      "deflectMaxAngleTarget": 60.0,
      "deflectSpeedMultiplier": 2.0,
      "deflectSpreadHeight": 0.5,
      "deflectSpreadWidth": 0.5,
      "spellFilterLogic": "AnyExcept",
      "spellIds": []
    },
    {
      "$type": "ThunderRoad.ColliderGroupData+Modifier, ThunderRoad",
      "tierFilter": "Tier5",
      "imbueType": "Crystal",
      "imbueMax": 100.0,
      "imbueRate": 1.5,
      "imbueConstantLoss": -3.0,
      "staffSlamLoss": 20.0,
      "imbueHitLoss": 0.0,
      "imbueVelocityLossPerSecond": 0.0,
      "imbueEffectiveness": 1.0,
      "waterLossRateMultiplier": 0.0,
      "deflectMaxAngleCollision": 80.0,
      "deflectMaxAngleTarget": 60.0,
      "deflectSpeedMultiplier": 2.0,
      "deflectSpreadHeight": 0.5,
      "deflectSpreadWidth": 0.5,
      "spellFilterLogic": "AnyExcept",
      "spellIds": []
    }
  ],
  "ignoredImbueEffectModules": [
    "ThunderRoad.EffectModuleDecal, ThunderRoad, Version=0.0.0.0, Culture=neutral, PublicKeyToken=null",
    "ThunderRoad.EffectModuleLight, ThunderRoad, Version=0.0.0.0, Culture=neutral, PublicKeyToken=null",
    "ThunderRoad.EffectModuleMesh, ThunderRoad, Version=0.0.0.0, Culture=neutral, PublicKeyToken=null",
    "ThunderRoad.EffectModuleParticle, ThunderRoad, Version=0.0.0.0, Culture=neutral, PublicKeyToken=null",
    "ThunderRoad.EffectModuleReveal, ThunderRoad, Version=0.0.0.0, Culture=neutral, PublicKeyToken=null",
    "ThunderRoad.EffectModuleVfx, ThunderRoad, Version=0.0.0.0, Culture=neutral, PublicKeyToken=null"
  ],
  "customSpellEffects": false,
  "customSpellEffectIDs": null,
  "customSpellEffectData": null,
  "groupPath": null
}