{
  "$type": "ThunderRoad.BehaviorTreeData, ThunderRoad",
  "id": "HumanCombatFirearm",
  "sensitiveContent": "None",
  "sensitiveFilterBehaviour": "Discard",
  "version": 0,
  "type": "SubTree",
  "rootNode": {
    "$type": "ThunderRoad.AI.Control.Sequence, ThunderRoad",
    "evaluateAllNodesOnCycle": false,
    "childs": [
      {
        "$type": "ThunderRoad.AI.Control.Selector, ThunderRoad",
        "evaluateAllNodesOnCycle": false,
        "childs": [
          {
            "$type": "ThunderRoad.AI.Action.CanDrawItem, ThunderRoad",
            "targetTransformVariableName": "",
            "drawRightWeapon": true,
            "rightInfo": {
              "$type": "ThunderRoad.Equipment+WeaponDrawInfo, ThunderRoad",
              "weaponClass": "Firearm",
              "weaponHandling": "TwoHanded",
              "checkAmmo": false,
              "checkInHolder": false
            },
            "drawLeftWeapon": false,
            "leftInfo": {
              "$type": "ThunderRoad.Equipment+WeaponDrawInfo, ThunderRoad",
              "weaponClass": "None",
              "weaponHandling": "None",
              "checkAmmo": false,
              "checkInHolder": false
            },
            "blackboard": null,
            "creature": null,
            "brainData": null
          },
          {
            "$type": "ThunderRoad.AI.Action.CanDrawItem, ThunderRoad",
            "targetTransformVariableName": "",
            "drawRightWeapon": true,
            "rightInfo": {
              "$type": "ThunderRoad.Equipment+WeaponDrawInfo, ThunderRoad",
              "weaponClass": "Firearm",
              "weaponHandling": "OneHanded",
              "checkAmmo": false,
              "checkInHolder": false
            },
            "drawLeftWeapon": true,
            "leftInfo": {
              "$type": "ThunderRoad.Equipment+WeaponDrawInfo, ThunderRoad",
              "weaponClass": "Firearm",
              "weaponHandling": "OneHanded",
              "checkAmmo": false,
              "checkInHolder": false
            },
            "blackboard": null,
            "creature": null,
            "brainData": null
          },
          {
            "$type": "ThunderRoad.AI.Action.CanDrawItem, ThunderRoad",
            "targetTransformVariableName": "",
            "drawRightWeapon": true,
            "rightInfo": {
              "$type": "ThunderRoad.Equipment+WeaponDrawInfo, ThunderRoad",
              "weaponClass": "Firearm",
              "weaponHandling": "OneHanded",
              "checkAmmo": false,
              "checkInHolder": false
            },
            "drawLeftWeapon": false,
            "leftInfo": {
              "$type": "ThunderRoad.Equipment+WeaponDrawInfo, ThunderRoad",
              "weaponClass": "None",
              "weaponHandling": "None",
              "checkAmmo": false,
              "checkInHolder": false
            },
            "blackboard": null,
            "creature": null,
            "brainData": null
          },
          {
            "$type": "ThunderRoad.AI.Action.CanDrawItem, ThunderRoad",
            "targetTransformVariableName": "",
            "drawRightWeapon": false,
            "rightInfo": {
              "$type": "ThunderRoad.Equipment+WeaponDrawInfo, ThunderRoad",
              "weaponClass": "None",
              "weaponHandling": "None",
              "checkAmmo": false,
              "checkInHolder": false
            },
            "drawLeftWeapon": true,
            "leftInfo": {
              "$type": "ThunderRoad.Equipment+WeaponDrawInfo, ThunderRoad",
              "weaponClass": "Firearm",
              "weaponHandling": "OneHanded",
              "checkAmmo": false,
              "checkInHolder": false
            },
            "blackboard": null,
            "creature": null,
            "brainData": null
          }
        ]
      },
      {
        "$type": "ThunderRoad.AI.Control.Selector, ThunderRoad",
        "evaluateAllNodesOnCycle": true,
        "childs": [
          {
            "$type": "ThunderRoad.AI.Control.Sequence, ThunderRoad",
            "evaluateAllNodesOnCycle": false,
            "childs": [
              {
                "$type": "ThunderRoad.AI.Action.DrawItem, ThunderRoad",
                "holsterRightItem": true,
                "holsterLeftItem": false,
                "waitForFinished": false,
                "targetTransformVariableName": "",
                "drawRightWeapon": true,
                "rightInfo": {
                  "$type": "ThunderRoad.Equipment+WeaponDrawInfo, ThunderRoad",
                  "weaponClass": "Firearm",
                  "weaponHandling": "OneHanded",
                  "checkAmmo": false,
                  "checkInHolder": false
                },
                "drawLeftWeapon": true,
                "leftInfo": {
                  "$type": "ThunderRoad.Equipment+WeaponDrawInfo, ThunderRoad",
                  "weaponClass": "Firearm",
                  "weaponHandling": "OneHanded",
                  "checkAmmo": false,
                  "checkInHolder": false
                },
                "blackboard": null,
                "creature": null,
                "brainData": null
              },
              {
                "$type": "ThunderRoad.AI.Action.SetStanceFromData, ThunderRoad",
                "getStanceFromWeapons": true,
                "specifiedID": null,
                "onlyOnce": false,
                "blackboard": null,
                "creature": null,
                "brainData": null
              },
              {
                "$type": "ThunderRoad.AI.Action.SetDefenseState, ThunderRoad",
                "parry": false,
                "dodge": true,
                "blackboard": null,
                "creature": null,
                "brainData": null
              }
            ]
          },
          {
            "$type": "ThunderRoad.AI.Control.Sequence, ThunderRoad",
            "evaluateAllNodesOnCycle": false,
            "childs": [
              {
                "$type": "ThunderRoad.AI.Action.DrawItem, ThunderRoad",
                "holsterRightItem": true,
                "holsterLeftItem": false,
                "waitForFinished": false,
                "targetTransformVariableName": "",
                "drawRightWeapon": true,
                "rightInfo": {
                  "$type": "ThunderRoad.Equipment+WeaponDrawInfo, ThunderRoad",
                  "weaponClass": "Firearm",
                  "weaponHandling": "TwoHanded",
                  "checkAmmo": false,
                  "checkInHolder": false
                },
                "drawLeftWeapon": false,
                "leftInfo": {
                  "$type": "ThunderRoad.Equipment+WeaponDrawInfo, ThunderRoad",
                  "weaponClass": "None",
                  "weaponHandling": "None",
                  "checkAmmo": false,
                  "checkInHolder": false
                },
                "blackboard": null,
                "creature": null,
                "brainData": null
              },
              {
                "$type": "ThunderRoad.AI.Action.SetStanceFromData, ThunderRoad",
                "getStanceFromWeapons": true,
                "specifiedID": null,
                "onlyOnce": false,
                "blackboard": null,
                "creature": null,
                "brainData": null
              },
              {
                "$type": "ThunderRoad.AI.Action.SetDefenseState, ThunderRoad",
                "parry": false,
                "dodge": true,
                "blackboard": null,
                "creature": null,
                "brainData": null
              }
            ]
          },
          {
            "$type": "ThunderRoad.AI.Control.Sequence, ThunderRoad",
            "evaluateAllNodesOnCycle": false,
            "childs": [
              {
                "$type": "ThunderRoad.AI.Action.DrawItem, ThunderRoad",
                "holsterRightItem": true,
                "holsterLeftItem": false,
                "waitForFinished": false,
                "targetTransformVariableName": "",
                "drawRightWeapon": true,
                "rightInfo": {
                  "$type": "ThunderRoad.Equipment+WeaponDrawInfo, ThunderRoad",
                  "weaponClass": "Firearm",
                  "weaponHandling": "OneHanded",
                  "checkAmmo": false,
                  "checkInHolder": false
                },
                "drawLeftWeapon": true,
                "leftInfo": {
                  "$type": "ThunderRoad.Equipment+WeaponDrawInfo, ThunderRoad",
                  "weaponClass": "Shield",
                  "weaponHandling": "OneHanded",
                  "checkAmmo": false,
                  "checkInHolder": false
                },
                "blackboard": null,
                "creature": null,
                "brainData": null
              },
              {
                "$type": "ThunderRoad.AI.Action.SetStanceFromData, ThunderRoad",
                "getStanceFromWeapons": true,
                "specifiedID": null,
                "onlyOnce": false,
                "blackboard": null,
                "creature": null,
                "brainData": null
              },
              {
                "$type": "ThunderRoad.AI.Action.SetDefenseState, ThunderRoad",
                "parry": true,
                "dodge": true,
                "blackboard": null,
                "creature": null,
                "brainData": null
              }
            ]
          },
          {
            "$type": "ThunderRoad.AI.Control.Sequence, ThunderRoad",
            "evaluateAllNodesOnCycle": false,
            "childs": [
              {
                "$type": "ThunderRoad.AI.Action.DrawItem, ThunderRoad",
                "holsterRightItem": true,
                "holsterLeftItem": false,
                "waitForFinished": false,
                "targetTransformVariableName": "",
                "drawRightWeapon": true,
                "rightInfo": {
                  "$type": "ThunderRoad.Equipment+WeaponDrawInfo, ThunderRoad",
                  "weaponClass": "Melee",
                  "weaponHandling": "OneHanded",
                  "checkAmmo": false,
                  "checkInHolder": false
                },
                "drawLeftWeapon": true,
                "leftInfo": {
                  "$type": "ThunderRoad.Equipment+WeaponDrawInfo, ThunderRoad",
                  "weaponClass": "Firearm",
                  "weaponHandling": "OneHanded",
                  "checkAmmo": false,
                  "checkInHolder": false
                },
                "blackboard": null,
                "creature": null,
                "brainData": null
              },
              {
                "$type": "ThunderRoad.AI.Action.SetStanceFromData, ThunderRoad",
                "getStanceFromWeapons": true,
                "specifiedID": null,
                "onlyOnce": false,
                "blackboard": null,
                "creature": null,
                "brainData": null
              },
              {
                "$type": "ThunderRoad.AI.Action.SetDefenseState, ThunderRoad",
                "parry": true,
                "dodge": true,
                "blackboard": null,
                "creature": null,
                "brainData": null
              },
              {
                "$type": "ThunderRoad.AI.Get.GetCreaturePart, ThunderRoad",
                "target": "CurrentTarget",
                "inputCreatureVariableName": "",
                "targetPart": "CreatureRoot",
                "outputTransformVariableName": "ShootPosition",
                "blackboard": null,
                "creature": null,
                "brainData": null
              }
            ]
          },
          {
            "$type": "ThunderRoad.AI.Control.Sequence, ThunderRoad",
            "evaluateAllNodesOnCycle": false,
            "childs": [
              {
                "$type": "ThunderRoad.AI.Action.DrawItem, ThunderRoad",
                "holsterRightItem": true,
                "holsterLeftItem": false,
                "waitForFinished": false,
                "targetTransformVariableName": "",
                "drawRightWeapon": true,
                "rightInfo": {
                  "$type": "ThunderRoad.Equipment+WeaponDrawInfo, ThunderRoad",
                  "weaponClass": "Firearm",
                  "weaponHandling": "OneHanded",
                  "checkAmmo": false,
                  "checkInHolder": false
                },
                "drawLeftWeapon": false,
                "leftInfo": {
                  "$type": "ThunderRoad.Equipment+WeaponDrawInfo, ThunderRoad",
                  "weaponClass": "None",
                  "weaponHandling": "None",
                  "checkAmmo": false,
                  "checkInHolder": false
                },
                "blackboard": null,
                "creature": null,
                "brainData": null
              },
              {
                "$type": "ThunderRoad.AI.Action.SetStanceFromData, ThunderRoad",
                "getStanceFromWeapons": true,
                "specifiedID": null,
                "onlyOnce": false,
                "blackboard": null,
                "creature": null,
                "brainData": null
              },
              {
                "$type": "ThunderRoad.AI.Action.SetDefenseState, ThunderRoad",
                "parry": false,
                "dodge": true,
                "blackboard": null,
                "creature": null,
                "brainData": null
              }
            ]
          }
        ]
      },
      {
        "$type": "ThunderRoad.AI.Decorator.AlwaysSuccess, ThunderRoad",
        "child": {
          "$type": "ThunderRoad.AI.Control.Selector, ThunderRoad",
          "evaluateAllNodesOnCycle": false,
          "childs": [
            {
              "$type": "ThunderRoad.AI.Get.GetShootPoint, ThunderRoad",
              "target": "CurrentTarget",
              "inputVariableName": "",
              "checkShortestPath": false,
              "outputPositionVariableName": "ShootPosition",
              "blackboard": null,
              "creature": null,
              "brainData": null
            },
            {
              "$type": "ThunderRoad.AI.Get.GetShootPosition, ThunderRoad",
              "target": "CurrentTarget",
              "inputVariableName": "",
              "checkShortestPath": false,
              "outputPositionVariableName": "ShootPosition",
              "blackboard": null,
              "creature": null,
              "brainData": null
            }
          ]
        }
      },
      {
        "$type": "ThunderRoad.AI.Control.Selector, ThunderRoad",
        "evaluateAllNodesOnCycle": true,
        "childs": [
          {
            "$type": "ThunderRoad.AI.Action.AttackFirearm, ThunderRoad",
            "firearmToShoot": "DualWield",
            "inputTransformVariableName": "CurrentTargetSightedPartTransform",
            "useCurrentTargetIfNullTransform": true,
            "overrideSpread": false,
            "spreadOverride": {
              "x": 0.0,
              "y": 0.0
            },
            "overrideWeaponRotationX": false,
            "overrideWeaponRotationY": false,
            "overrideWeaponRotationZ": false,
            "weaponRotationOverride": {
              "x": 0.0,
              "y": 0.0,
              "z": 0.0
            },
            "moduleFirearm": null,
            "moduleRanged": null,
            "blackboard": null,
            "creature": null,
            "brainData": null
          },
          {
            "$type": "ThunderRoad.AI.Action.AttackFirearm, ThunderRoad",
            "firearmToShoot": "MainHand",
            "inputTransformVariableName": "CurrentTargetSightedPartTransform",
            "useCurrentTargetIfNullTransform": true,
            "overrideSpread": false,
            "spreadOverride": {
              "x": 0.0,
              "y": 0.0
            },
            "overrideWeaponRotationX": false,
            "overrideWeaponRotationY": false,
            "overrideWeaponRotationZ": false,
            "weaponRotationOverride": {
              "x": 0.0,
              "y": 0.0,
              "z": 0.0
            },
            "moduleFirearm": null,
            "moduleRanged": null,
            "blackboard": null,
            "creature": null,
            "brainData": null
          },
          {
            "$type": "ThunderRoad.AI.Action.AttackFirearm, ThunderRoad",
            "firearmToShoot": "OffHand",
            "inputTransformVariableName": "CurrentTargetSightedPartTransform",
            "useCurrentTargetIfNullTransform": true,
            "overrideSpread": false,
            "spreadOverride": {
              "x": 0.0,
              "y": 0.0
            },
            "overrideWeaponRotationX": false,
            "overrideWeaponRotationY": false,
            "overrideWeaponRotationZ": false,
            "weaponRotationOverride": {
              "x": 0.0,
              "y": 0.0,
              "z": 0.0
            },
            "moduleFirearm": null,
            "moduleRanged": null,
            "blackboard": null,
            "creature": null,
            "brainData": null
          },
          {
            "$type": "ThunderRoad.AI.Action.MoveTo, ThunderRoad",
            "moveTarget": "InputTransform",
            "inputMoveTargetVariableName": "ShootPosition",
            "turnTarget": "CurrentTarget",
            "turnTargetDirection": "Position",
            "inputTurnTargetVariableName": "",
            "forceTurnToUseMoveDirectionAtDistance": true,
            "turnMoveDirectionDistance": 10.0,
            "turnMoveDirectionSpeed": 1.0,
            "approachMoveSpeedRatio": 1.0,
            "approachTurnSpeedRatio": 1.0,
            "approachRunSpeedRatio": 1.0,
            "moveCloserIfNoSight": false,
            "strafeAroundTarget": false,
            "strafeMoveSpeedRatio": 0.75,
            "strafeTurnSpeedRatio": 1.0,
            "strafeRunSpeedRatio": 0.0,
            "checkMaxAllies": false,
            "safeRangeOffset": 0.25,
            "safeRangeThickness": 2.0,
            "reportUnreachable": false,
            "useModuleStrafeDelay": false,
            "repathMinDelay": 0.0,
            "repathMaxDelay": 0.0,
            "autoRadius": "None",
            "targetMinRadius": 1.0,
            "targetMaxRadius": 5.0,
            "keepWeaponDistance": 0.6,
            "blackboardMinName": null,
            "blackboardMaxName": null,
            "angleMode": "CheckAllies",
            "changeAngleUntilUnobstructed": true,
            "targetRadiusMinAngle": 0.0,
            "targetRadiusMaxAngle": 0.0,
            "blackboard": null,
            "creature": null,
            "brainData": null
          },
          {
            "$type": "ThunderRoad.AI.Decorator.IfCondition, ThunderRoad",
            "operation": "AND",
            "ifConditions": [
              {
                "$type": "ThunderRoad.AI.Condition.IsThreatened, ThunderRoad",
                "target": "CurrentTarget",
                "inputCreatureVariableName": "",
                "threatMinSpeed": 2.5,
                "threatDuration": 1.5
              }
            ],
            "ifNotConditions": [],
            "child": {
              "$type": "ThunderRoad.AI.Action.SetDefenseState, ThunderRoad",
              "parry": true,
              "dodge": true,
              "blackboard": null,
              "creature": null,
              "brainData": null
            }
          },
          {
            "$type": "ThunderRoad.AI.Action.AttackMelee, ThunderRoad",
            "target": "CurrentTarget",
            "inputTransformVariableName": "",
            "inputCreatureVariableName": "",
            "useMeleeDelay": false,
            "defensePreferenceChance": true,
            "checkCurrentTargetSight": true,
            "checkCloseAllies": true,
            "checkNavMesh": true,
            "forceMeleeRange": 0.0,
            "forceMeleeRangeMoved": 0.0,
            "forceWeaponReach": 0.0,
            "forceMaxRangeDelta": 0.0,
            "stopOnReset": false,
            "pickClipSequentialMaxIndex": 0,
            "updateClipRange": false,
            "blackboard": null,
            "creature": null,
            "brainData": null
          },
          {
            "$type": "ThunderRoad.AI.Decorator.AlwaysSuccess, ThunderRoad",
            "child": null
          }
        ]
      }
    ]
  },
  "groupPath": null
}