{
  "$type": "ThunderRoad.BehaviorTreeData, ThunderRoad",
  "id": "HumanCombatThrow",
  "sensitiveContent": "None",
  "sensitiveFilterBehaviour": "Discard",
  "version": 0,
  "type": "SubTree",
  "rootNode": {
    "$type": "ThunderRoad.AI.Control.Selector, ThunderRoad",
    "evaluateAllNodesOnCycle": false,
    "childs": [
      {
        "$type": "ThunderRoad.AI.Decorator.IfCondition, ThunderRoad",
        "operation": "AND",
        "ifConditions": [
          {
            "$type": "ThunderRoad.AI.Condition.IsGrabbing, ThunderRoad",
            "weaponOnly": false,
            "hand": "Left",
            "weaponClass": "Throwable",
            "weaponClassFilter": "Equal"
          },
          {
            "$type": "ThunderRoad.AI.Condition.IsGrabbing, ThunderRoad",
            "weaponOnly": false,
            "hand": "Right",
            "weaponClass": "Throwable",
            "weaponClassFilter": "NotEqual"
          }
        ],
        "ifNotConditions": null,
        "child": {
          "$type": "ThunderRoad.AI.Control.Sequence, ThunderRoad",
          "evaluateAllNodesOnCycle": false,
          "childs": [
            {
              "$type": "ThunderRoad.AI.Action.SetStance, ThunderRoad",
              "stance": "Melee1H",
              "onlyOnce": false,
              "blackboard": null,
              "creature": null,
              "brainData": null
            },
            {
              "$type": "ThunderRoad.AI.Action.AttackThrow, ThunderRoad",
              "preferredThrowHand": "PreferLeft",
              "grabRock": false,
              "inputTransformVariableName": "CurrentTargetSightedPartTransform",
              "useCurrentTargetIfNullTransform": true,
              "overrideSpread": false,
              "spreadOverride": {
                "x": 0.0,
                "y": 0.0
              },
              "overrideWeaponRotationX": false,
              "overrideWeaponRotationY": false,
              "overrideWeaponRotationZ": false,
              "weaponRotationOverride": {
                "x": 0.0,
                "y": 0.0,
                "z": 0.0
              },
              "moduleThrow": null,
              "moduleRanged": null,
              "blackboard": null,
              "creature": null,
              "brainData": null
            }
          ]
        }
      },
      {
        "$type": "ThunderRoad.AI.Control.Selector, ThunderRoad",
        "evaluateAllNodesOnCycle": false,
        "childs": [
          {
            "$type": "ThunderRoad.AI.Control.Sequence, ThunderRoad",
            "evaluateAllNodesOnCycle": false,
            "childs": [
              {
                "$type": "ThunderRoad.AI.Control.Selector, ThunderRoad",
                "evaluateAllNodesOnCycle": false,
                "childs": [
                  {
                    "$type": "ThunderRoad.AI.Action.DrawItem, ThunderRoad",
                    "holsterRightItem": true,
                    "holsterLeftItem": false,
                    "waitForFinished": false,
                    "targetTransformVariableName": "",
                    "drawRightWeapon": true,
                    "rightInfo": {
                      "$type": "ThunderRoad.Equipment+WeaponDrawInfo, ThunderRoad",
                      "weaponClass": "Throwable",
                      "weaponHandling": "OneHanded",
                      "checkAmmo": false,
                      "checkInHolder": true
                    },
                    "drawLeftWeapon": true,
                    "leftInfo": {
                      "$type": "ThunderRoad.Equipment+WeaponDrawInfo, ThunderRoad",
                      "weaponClass": "Throwable",
                      "weaponHandling": "OneHanded",
                      "checkAmmo": false,
                      "checkInHolder": true
                    },
                    "blackboard": null,
                    "creature": null,
                    "brainData": null
                  },
                  {
                    "$type": "ThunderRoad.AI.Action.DrawItem, ThunderRoad",
                    "holsterRightItem": true,
                    "holsterLeftItem": false,
                    "waitForFinished": false,
                    "targetTransformVariableName": "",
                    "drawRightWeapon": true,
                    "rightInfo": {
                      "$type": "ThunderRoad.Equipment+WeaponDrawInfo, ThunderRoad",
                      "weaponClass": "Throwable",
                      "weaponHandling": "OneHanded",
                      "checkAmmo": false,
                      "checkInHolder": true
                    },
                    "drawLeftWeapon": false,
                    "leftInfo": {
                      "$type": "ThunderRoad.Equipment+WeaponDrawInfo, ThunderRoad",
                      "weaponClass": "None",
                      "weaponHandling": "None",
                      "checkAmmo": false,
                      "checkInHolder": false
                    },
                    "blackboard": null,
                    "creature": null,
                    "brainData": null
                  }
                ]
              },
              {
                "$type": "ThunderRoad.AI.Action.SetStance, ThunderRoad",
                "stance": "MeleeShield",
                "onlyOnce": false,
                "blackboard": null,
                "creature": null,
                "brainData": null
              },
              {
                "$type": "ThunderRoad.AI.Decorator.AlwaysSuccess, ThunderRoad",
                "child": {
                  "$type": "ThunderRoad.AI.Control.Selector, ThunderRoad",
                  "evaluateAllNodesOnCycle": false,
                  "childs": [
                    {
                      "$type": "ThunderRoad.AI.Get.GetShootPoint, ThunderRoad",
                      "target": "CurrentTarget",
                      "inputVariableName": "",
                      "checkShortestPath": false,
                      "outputPositionVariableName": "ShootPosition",
                      "blackboard": null,
                      "creature": null,
                      "brainData": null
                    },
                    {
                      "$type": "ThunderRoad.AI.Get.GetShootPosition, ThunderRoad",
                      "target": "CurrentTarget",
                      "inputVariableName": "",
                      "checkShortestPath": false,
                      "outputPositionVariableName": "ShootPosition",
                      "blackboard": null,
                      "creature": null,
                      "brainData": null
                    }
                  ]
                }
              },
              {
                "$type": "ThunderRoad.AI.Control.Selector, ThunderRoad",
                "evaluateAllNodesOnCycle": true,
                "childs": [
                  {
                    "$type": "ThunderRoad.AI.Action.AttackThrow, ThunderRoad",
                    "preferredThrowHand": "PreferRight",
                    "grabRock": false,
                    "inputTransformVariableName": "CurrentTargetSightedPartTransform",
                    "useCurrentTargetIfNullTransform": true,
                    "overrideSpread": false,
                    "spreadOverride": {
                      "x": 0.0,
                      "y": 0.0
                    },
                    "overrideWeaponRotationX": false,
                    "overrideWeaponRotationY": false,
                    "overrideWeaponRotationZ": false,
                    "weaponRotationOverride": {
                      "x": 0.0,
                      "y": 0.0,
                      "z": 0.0
                    },
                    "moduleThrow": null,
                    "moduleRanged": null,
                    "blackboard": null,
                    "creature": null,
                    "brainData": null
                  },
                  {
                    "$type": "ThunderRoad.AI.Action.MoveTo, ThunderRoad",
                    "moveTarget": "CurrentTarget",
                    "inputMoveTargetVariableName": "",
                    "turnTarget": "CurrentTarget",
                    "turnTargetDirection": "Position",
                    "inputTurnTargetVariableName": "",
                    "forceTurnToUseMoveDirectionAtDistance": false,
                    "turnMoveDirectionDistance": 10.0,
                    "turnMoveDirectionSpeed": 1.0,
                    "approachMoveSpeedRatio": 1.0,
                    "approachTurnSpeedRatio": 1.0,
                    "approachRunSpeedRatio": 1.0,
                    "moveCloserIfNoSight": false,
                    "strafeAroundTarget": true,
                    "strafeMoveSpeedRatio": 0.75,
                    "strafeTurnSpeedRatio": 1.0,
                    "strafeRunSpeedRatio": 0.0,
                    "checkMaxAllies": true,
                    "safeRangeOffset": 0.25,
                    "safeRangeThickness": 2.0,
                    "reportUnreachable": false,
                    "useModuleStrafeDelay": true,
                    "repathMinDelay": 0.0,
                    "repathMaxDelay": 0.0,
                    "autoRadius": "None",
                    "targetMinRadius": 7.0,
                    "targetMaxRadius": 20.0,
                    "keepWeaponDistance": 0.6,
                    "blackboardMinName": null,
                    "blackboardMaxName": null,
                    "angleMode": "CheckAllies",
                    "changeAngleUntilUnobstructed": true,
                    "targetRadiusMinAngle": 20.0,
                    "targetRadiusMaxAngle": 45.0,
                    "blackboard": null,
                    "creature": null,
                    "brainData": null
                  },
                  {
                    "$type": "ThunderRoad.AI.Decorator.AlwaysSuccess, ThunderRoad",
                    "child": null
                  }
                ]
              }
            ]
          },
          {
            "$type": "ThunderRoad.AI.Control.Sequence, ThunderRoad",
            "evaluateAllNodesOnCycle": false,
            "childs": [
              {
                "$type": "ThunderRoad.AI.Action.DrawItem, ThunderRoad",
                "holsterRightItem": true,
                "holsterLeftItem": false,
                "waitForFinished": false,
                "targetTransformVariableName": "",
                "drawRightWeapon": false,
                "rightInfo": {
                  "$type": "ThunderRoad.Equipment+WeaponDrawInfo, ThunderRoad",
                  "weaponClass": "None",
                  "weaponHandling": "None",
                  "checkAmmo": false,
                  "checkInHolder": false
                },
                "drawLeftWeapon": true,
                "leftInfo": {
                  "$type": "ThunderRoad.Equipment+WeaponDrawInfo, ThunderRoad",
                  "weaponClass": "Throwable",
                  "weaponHandling": "OneHanded",
                  "checkAmmo": false,
                  "checkInHolder": true
                },
                "blackboard": null,
                "creature": null,
                "brainData": null
              },
              {
                "$type": "ThunderRoad.AI.Action.SetStance, ThunderRoad",
                "stance": "Melee1H",
                "onlyOnce": false,
                "blackboard": null,
                "creature": null,
                "brainData": null
              },
              {
                "$type": "ThunderRoad.AI.Decorator.AlwaysSuccess, ThunderRoad",
                "child": {
                  "$type": "ThunderRoad.AI.Control.Selector, ThunderRoad",
                  "evaluateAllNodesOnCycle": false,
                  "childs": [
                    {
                      "$type": "ThunderRoad.AI.Get.GetShootPoint, ThunderRoad",
                      "target": "CurrentTarget",
                      "inputVariableName": "",
                      "checkShortestPath": false,
                      "outputPositionVariableName": "ShootPosition",
                      "blackboard": null,
                      "creature": null,
                      "brainData": null
                    },
                    {
                      "$type": "ThunderRoad.AI.Get.GetShootPosition, ThunderRoad",
                      "target": "CurrentTarget",
                      "inputVariableName": "",
                      "checkShortestPath": false,
                      "outputPositionVariableName": "ShootPosition",
                      "blackboard": null,
                      "creature": null,
                      "brainData": null
                    }
                  ]
                }
              },
              {
                "$type": "ThunderRoad.AI.Control.Selector, ThunderRoad",
                "evaluateAllNodesOnCycle": true,
                "childs": [
                  {
                    "$type": "ThunderRoad.AI.Action.AttackThrow, ThunderRoad",
                    "preferredThrowHand": "PreferLeft",
                    "grabRock": false,
                    "inputTransformVariableName": "CurrentTargetSightedPartTransform",
                    "useCurrentTargetIfNullTransform": true,
                    "overrideSpread": false,
                    "spreadOverride": {
                      "x": 0.0,
                      "y": 0.0
                    },
                    "overrideWeaponRotationX": false,
                    "overrideWeaponRotationY": false,
                    "overrideWeaponRotationZ": false,
                    "weaponRotationOverride": {
                      "x": 0.0,
                      "y": 0.0,
                      "z": 0.0
                    },
                    "moduleThrow": null,
                    "moduleRanged": null,
                    "blackboard": null,
                    "creature": null,
                    "brainData": null
                  },
                  {
                    "$type": "ThunderRoad.AI.Action.MoveTo, ThunderRoad",
                    "moveTarget": "CurrentTarget",
                    "inputMoveTargetVariableName": "",
                    "turnTarget": "CurrentTarget",
                    "turnTargetDirection": "Position",
                    "inputTurnTargetVariableName": "",
                    "forceTurnToUseMoveDirectionAtDistance": false,
                    "turnMoveDirectionDistance": 10.0,
                    "turnMoveDirectionSpeed": 1.0,
                    "approachMoveSpeedRatio": 1.0,
                    "approachTurnSpeedRatio": 1.0,
                    "approachRunSpeedRatio": 1.0,
                    "moveCloserIfNoSight": false,
                    "strafeAroundTarget": true,
                    "strafeMoveSpeedRatio": 0.75,
                    "strafeTurnSpeedRatio": 1.0,
                    "strafeRunSpeedRatio": 0.0,
                    "checkMaxAllies": true,
                    "safeRangeOffset": 0.25,
                    "safeRangeThickness": 2.0,
                    "reportUnreachable": false,
                    "useModuleStrafeDelay": true,
                    "repathMinDelay": 0.0,
                    "repathMaxDelay": 0.0,
                    "autoRadius": "None",
                    "targetMinRadius": 7.0,
                    "targetMaxRadius": 20.0,
                    "keepWeaponDistance": 0.6,
                    "blackboardMinName": null,
                    "blackboardMaxName": null,
                    "angleMode": "CheckAllies",
                    "changeAngleUntilUnobstructed": true,
                    "targetRadiusMinAngle": 20.0,
                    "targetRadiusMaxAngle": 45.0,
                    "blackboard": null,
                    "creature": null,
                    "brainData": null
                  },
                  {
                    "$type": "ThunderRoad.AI.Decorator.AlwaysSuccess, ThunderRoad",
                    "child": null
                  }
                ]
              }
            ]
          }
        ]
      }
    ]
  },
  "groupPath": null
}