{
  "$type": "ThunderRoad.BehaviorTreeData, ThunderRoad",
  "id": "HumanCombatRanged",
  "sensitiveContent": "None",
  "sensitiveFilterBehaviour": "Discard",
  "version": 0,
  "type": "SubTree",
  "rootNode": {
    "$type": "ThunderRoad.AI.Control.Sequence, ThunderRoad",
    "evaluateAllNodesOnCycle": false,
    "childs": [
      {
        "$type": "ThunderRoad.AI.Control.Selector, ThunderRoad",
        "evaluateAllNodesOnCycle": true,
        "childs": [
          {
            "$type": "ThunderRoad.AI.ChildTreeNode, ThunderRoad",
            "reference": "ForceID",
            "childTreeID": "HumanCombatFirearm",
            "childTreeName": null
          },
          {
            "$type": "ThunderRoad.AI.ChildTreeNode, ThunderRoad",
            "reference": "ForceID",
            "childTreeID": "HumanCombatCrossbow",
            "childTreeName": null
          },
          {
            "$type": "ThunderRoad.AI.ChildTreeNode, ThunderRoad",
            "reference": "ForceID",
            "childTreeID": "HumanCombatBow",
            "childTreeName": null
          },
          {
            "$type": "ThunderRoad.AI.ChildTreeNode, ThunderRoad",
            "reference": "ForceID",
            "childTreeID": "HumanCombatThrow",
            "childTreeName": null
          }
        ]
      }
    ]
  },
  "groupPath": null
}