{
  "$type": "ThunderRoad.BehaviorTreeData, ThunderRoad",
  "id": "ShopkeeperTree",
  "sensitiveContent": "None",
  "sensitiveFilterBehaviour": "Discard",
  "version": 0,
  "type": "MasterTree",
  "rootNode": {
    "$type": "ThunderRoad.AI.Control.Selector, ThunderRoad",
    "evaluateAllNodesOnCycle": true,
    "childs": [
      {
        "$type": "ThunderRoad.AI.Decorator.IfCondition, ThunderRoad",
        "operation": "AND",
        "ifConditions": [
          {
            "$type": "ThunderRoad.AI.Condition.BlackboardValue, ThunderRoad",
            "variableName": "TurnToPlayer",
            "variableType": "Bool",
            "variableComparator": "Equal",
            "comparedValue": 0.0
          }
        ],
        "ifNotConditions": null,
        "child": {
          "$type": "ThunderRoad.AI.Control.Sequence, ThunderRoad",
          "evaluateAllNodesOnCycle": false,
          "childs": [
            {
              "$type": "ThunderRoad.AI.Action.SetBrainState, ThunderRoad",
              "brainState": "Idle",
              "blackboard": null,
              "creature": null,
              "brainData": null
            },
            {
              "$type": "ThunderRoad.AI.Get.GetCreature, ThunderRoad",
              "target": "ClosestFriend",
              "checkFov": false,
              "checkSight": true,
              "checkShortestPath": false,
              "rememberDuration": 5.0,
              "focusDuration": 5.0,
              "maxDistance": 10.0,
              "debugLines": false,
              "outputCreatureAsCurrentTarget": false,
              "outputCreatureVariableName": "LookCreature",
              "outputTransform": "None",
              "outputTransformVariableName": "",
              "blackboard": null,
              "creature": null,
              "brainData": null
            },
            {
              "$type": "ThunderRoad.AI.Get.GetCreaturePart, ThunderRoad",
              "target": "InputCreature",
              "inputCreatureVariableName": "LookCreature",
              "targetPart": "RagdollEyes",
              "outputTransformVariableName": "TargetEyes",
              "blackboard": null,
              "creature": null,
              "brainData": null
            },
            {
              "$type": "ThunderRoad.AI.Action.TurnTo, ThunderRoad",
              "target": "InputTransform",
              "inputVariableName": "TargetEyes",
              "successIfAngleReached": false,
              "successAngle": 0.0,
              "becomeExclusiveHandler": false,
              "blackboard": null,
              "creature": null,
              "brainData": null
            }
          ]
        }
      },
      {
        "$type": "ThunderRoad.AI.Decorator.IfCondition, ThunderRoad",
        "operation": "AND",
        "ifConditions": [
          {
            "$type": "ThunderRoad.AI.Condition.BlackboardValue, ThunderRoad",
            "variableName": "PlayerInSellZone",
            "variableType": "Bool",
            "variableComparator": "Equal",
            "comparedValue": 0.0
          }
        ],
        "ifNotConditions": null,
        "child": {
          "$type": "ThunderRoad.AI.Control.Sequence, ThunderRoad",
          "evaluateAllNodesOnCycle": false,
          "childs": [
            {
              "$type": "ThunderRoad.AI.Action.SetBrainState, ThunderRoad",
              "brainState": "Idle",
              "blackboard": null,
              "creature": null,
              "brainData": null
            },
            {
              "$type": "ThunderRoad.AI.Action.MoveTo, ThunderRoad",
              "moveTarget": "InputTransform",
              "inputMoveTargetVariableName": "SellPoint",
              "turnTarget": "MoveDirection",
              "turnTargetDirection": "Position",
              "inputTurnTargetVariableName": "SellPoint",
              "forceTurnToUseMoveDirectionAtDistance": false,
              "turnMoveDirectionDistance": 1.0,
              "turnMoveDirectionSpeed": 1.0,
              "approachMoveSpeedRatio": 0.8,
              "approachTurnSpeedRatio": 1.0,
              "approachRunSpeedRatio": 0.0,
              "moveCloserIfNoSight": false,
              "strafeAroundTarget": false,
              "strafeMoveSpeedRatio": 0.75,
              "strafeTurnSpeedRatio": 1.0,
              "strafeRunSpeedRatio": 0.0,
              "checkMaxAllies": false,
              "safeRangeOffset": 0.25,
              "safeRangeThickness": 2.0,
              "reportUnreachable": false,
              "useModuleStrafeDelay": false,
              "repathMinDelay": 0.0,
              "repathMaxDelay": 0.0,
              "autoRadius": "None",
              "targetMinRadius": 0.0,
              "targetMaxRadius": 0.1,
              "keepWeaponDistance": 0.6,
              "blackboardMinName": null,
              "blackboardMaxName": null,
              "angleMode": "None",
              "changeAngleUntilUnobstructed": false,
              "targetRadiusMinAngle": 0.0,
              "targetRadiusMaxAngle": 0.0,
              "blackboard": null,
              "creature": null,
              "brainData": null
            },
            {
              "$type": "ThunderRoad.AI.Action.TurnTo, ThunderRoad",
              "target": "InputTransformForward",
              "inputVariableName": "SellPoint",
              "successIfAngleReached": true,
              "successAngle": 2.0,
              "becomeExclusiveHandler": false,
              "blackboard": null,
              "creature": null,
              "brainData": null
            },
            {
              "$type": "ThunderRoad.AI.Action.PlayAnimation, ThunderRoad",
              "useAddressableAddress": false,
              "animationDataID": "HumanElbowRest",
              "overrideSpeed": false,
              "animationAddress": null,
              "animationSpeed": 1.0,
              "playType": "ThreeStep",
              "avoidLastPick": false,
              "upperOnly": false,
              "animDurationMinMax": {
                "x": 1.0,
                "y": 3.0
              },
              "exitAutomatically": true,
              "interruptStop": true,
              "mirror": false,
              "doCallbackNode": false,
              "callbackNode": null,
              "blackboard": null,
              "creature": null,
              "brainData": null
            }
          ]
        }
      },
      {
        "$type": "ThunderRoad.AI.Decorator.IfCondition, ThunderRoad",
        "operation": "AND",
        "ifConditions": [
          {
            "$type": "ThunderRoad.AI.Condition.BlackboardValue, ThunderRoad",
            "variableName": "PlayerInBuyZone",
            "variableType": "Bool",
            "variableComparator": "Equal",
            "comparedValue": 0.0
          }
        ],
        "ifNotConditions": null,
        "child": {
          "$type": "ThunderRoad.AI.Control.Sequence, ThunderRoad",
          "evaluateAllNodesOnCycle": false,
          "childs": [
            {
              "$type": "ThunderRoad.AI.Action.SetBrainState, ThunderRoad",
              "brainState": "Idle",
              "blackboard": null,
              "creature": null,
              "brainData": null
            },
            {
              "$type": "ThunderRoad.AI.Action.MoveTo, ThunderRoad",
              "moveTarget": "InputTransform",
              "inputMoveTargetVariableName": "BuyPoint",
              "turnTarget": "MoveDirection",
              "turnTargetDirection": "Position",
              "inputTurnTargetVariableName": "BuyPoint",
              "forceTurnToUseMoveDirectionAtDistance": false,
              "turnMoveDirectionDistance": 1.0,
              "turnMoveDirectionSpeed": 1.0,
              "approachMoveSpeedRatio": 0.8,
              "approachTurnSpeedRatio": 1.0,
              "approachRunSpeedRatio": 0.0,
              "moveCloserIfNoSight": false,
              "strafeAroundTarget": false,
              "strafeMoveSpeedRatio": 0.75,
              "strafeTurnSpeedRatio": 1.0,
              "strafeRunSpeedRatio": 0.0,
              "checkMaxAllies": false,
              "safeRangeOffset": 0.25,
              "safeRangeThickness": 2.0,
              "reportUnreachable": false,
              "useModuleStrafeDelay": false,
              "repathMinDelay": 0.0,
              "repathMaxDelay": 0.0,
              "autoRadius": "None",
              "targetMinRadius": 0.0,
              "targetMaxRadius": 0.1,
              "keepWeaponDistance": 0.6,
              "blackboardMinName": null,
              "blackboardMaxName": null,
              "angleMode": "None",
              "changeAngleUntilUnobstructed": false,
              "targetRadiusMinAngle": 0.0,
              "targetRadiusMaxAngle": 0.0,
              "blackboard": null,
              "creature": null,
              "brainData": null
            },
            {
              "$type": "ThunderRoad.AI.Action.TurnTo, ThunderRoad",
              "target": "InputTransformForward",
              "inputVariableName": "BuyPoint",
              "successIfAngleReached": true,
              "successAngle": 2.0,
              "becomeExclusiveHandler": false,
              "blackboard": null,
              "creature": null,
              "brainData": null
            },
            {
              "$type": "ThunderRoad.AI.Action.PlayAnimation, ThunderRoad",
              "useAddressableAddress": false,
              "animationDataID": "HumanLeanCounter",
              "overrideSpeed": false,
              "animationAddress": null,
              "animationSpeed": 1.0,
              "playType": "ThreeStep",
              "avoidLastPick": false,
              "upperOnly": false,
              "animDurationMinMax": {
                "x": 1.0,
                "y": 3.0
              },
              "exitAutomatically": true,
              "interruptStop": true,
              "mirror": false,
              "doCallbackNode": false,
              "callbackNode": null,
              "blackboard": null,
              "creature": null,
              "brainData": null
            }
          ]
        }
      },
      {
        "$type": "ThunderRoad.AI.Decorator.IfCondition, ThunderRoad",
        "operation": "AND",
        "ifConditions": [
          {
            "$type": "ThunderRoad.AI.Condition.BlackboardValue, ThunderRoad",
            "variableName": "PlayerInStoreZone",
            "variableType": "Bool",
            "variableComparator": "Equal",
            "comparedValue": 0.0
          }
        ],
        "ifNotConditions": null,
        "child": {
          "$type": "ThunderRoad.AI.Control.Sequence, ThunderRoad",
          "evaluateAllNodesOnCycle": false,
          "childs": [
            {
              "$type": "ThunderRoad.AI.Action.SetBrainState, ThunderRoad",
              "brainState": "Idle",
              "blackboard": null,
              "creature": null,
              "brainData": null
            },
            {
              "$type": "ThunderRoad.AI.Action.MoveTo, ThunderRoad",
              "moveTarget": "InputTransform",
              "inputMoveTargetVariableName": "StorePoint",
              "turnTarget": "MoveDirection",
              "turnTargetDirection": "Position",
              "inputTurnTargetVariableName": "BuyPoint",
              "forceTurnToUseMoveDirectionAtDistance": false,
              "turnMoveDirectionDistance": 1.0,
              "turnMoveDirectionSpeed": 1.0,
              "approachMoveSpeedRatio": 0.8,
              "approachTurnSpeedRatio": 1.0,
              "approachRunSpeedRatio": 0.0,
              "moveCloserIfNoSight": false,
              "strafeAroundTarget": false,
              "strafeMoveSpeedRatio": 0.75,
              "strafeTurnSpeedRatio": 1.0,
              "strafeRunSpeedRatio": 0.0,
              "checkMaxAllies": false,
              "safeRangeOffset": 0.25,
              "safeRangeThickness": 2.0,
              "reportUnreachable": false,
              "useModuleStrafeDelay": false,
              "repathMinDelay": 0.0,
              "repathMaxDelay": 0.0,
              "autoRadius": "None",
              "targetMinRadius": 0.0,
              "targetMaxRadius": 0.1,
              "keepWeaponDistance": 0.6,
              "blackboardMinName": null,
              "blackboardMaxName": null,
              "angleMode": "None",
              "changeAngleUntilUnobstructed": false,
              "targetRadiusMinAngle": 0.0,
              "targetRadiusMaxAngle": 0.0,
              "blackboard": null,
              "creature": null,
              "brainData": null
            },
            {
              "$type": "ThunderRoad.AI.Action.TurnTo, ThunderRoad",
              "target": "InputTransformForward",
              "inputVariableName": "StorePoint",
              "successIfAngleReached": true,
              "successAngle": 2.0,
              "becomeExclusiveHandler": false,
              "blackboard": null,
              "creature": null,
              "brainData": null
            },
            {
              "$type": "ThunderRoad.AI.Action.PlayAnimation, ThunderRoad",
              "useAddressableAddress": false,
              "animationDataID": "HumanElbowRest",
              "overrideSpeed": false,
              "animationAddress": null,
              "animationSpeed": 1.0,
              "playType": "ThreeStep",
              "avoidLastPick": false,
              "upperOnly": false,
              "animDurationMinMax": {
                "x": 1.0,
                "y": 3.0
              },
              "exitAutomatically": true,
              "interruptStop": true,
              "mirror": false,
              "doCallbackNode": false,
              "callbackNode": null,
              "blackboard": null,
              "creature": null,
              "brainData": null
            }
          ]
        }
      },
      {
        "$type": "ThunderRoad.AI.Decorator.IfCondition, ThunderRoad",
        "operation": "AND",
        "ifConditions": [],
        "ifNotConditions": [
          {
            "$type": "ThunderRoad.AI.Condition.BlackboardValue, ThunderRoad",
            "variableName": "PlayerInBuyZone",
            "variableType": "Bool",
            "variableComparator": "Equal",
            "comparedValue": 0.0
          },
          {
            "$type": "ThunderRoad.AI.Condition.BlackboardValue, ThunderRoad",
            "variableName": "PlayerInSellZone",
            "variableType": "Bool",
            "variableComparator": "Equal",
            "comparedValue": 0.0
          },
          {
            "$type": "ThunderRoad.AI.Condition.BlackboardValue, ThunderRoad",
            "variableName": "PlayerInStoreZone",
            "variableType": "Bool",
            "variableComparator": "Equal",
            "comparedValue": 0.0
          }
        ],
        "child": {
          "$type": "ThunderRoad.AI.Control.Sequence, ThunderRoad",
          "evaluateAllNodesOnCycle": false,
          "childs": [
            {
              "$type": "ThunderRoad.AI.Action.SetBrainState, ThunderRoad",
              "brainState": "Patrol",
              "blackboard": null,
              "creature": null,
              "brainData": null
            },
            {
              "$type": "ThunderRoad.AI.Get.GetTransform, ThunderRoad",
              "target": "RandomWayPoint",
              "prioritizeShortestPath": true,
              "outputTransformVariableName": "Waypoint",
              "blackboard": null,
              "creature": null,
              "brainData": null
            },
            {
              "$type": "ThunderRoad.AI.Action.MoveTo, ThunderRoad",
              "moveTarget": "InputTransform",
              "inputMoveTargetVariableName": "Waypoint",
              "turnTarget": "MoveDirection",
              "turnTargetDirection": "Forward",
              "inputTurnTargetVariableName": "",
              "forceTurnToUseMoveDirectionAtDistance": false,
              "turnMoveDirectionDistance": 1.0,
              "turnMoveDirectionSpeed": 1.0,
              "approachMoveSpeedRatio": 0.8,
              "approachTurnSpeedRatio": 1.0,
              "approachRunSpeedRatio": 0.0,
              "moveCloserIfNoSight": false,
              "strafeAroundTarget": false,
              "strafeMoveSpeedRatio": 0.75,
              "strafeTurnSpeedRatio": 1.0,
              "strafeRunSpeedRatio": 0.0,
              "checkMaxAllies": true,
              "safeRangeOffset": 0.25,
              "safeRangeThickness": 2.0,
              "reportUnreachable": false,
              "useModuleStrafeDelay": false,
              "repathMinDelay": 0.0,
              "repathMaxDelay": 0.0,
              "autoRadius": "None",
              "targetMinRadius": 0.0,
              "targetMaxRadius": 0.1,
              "keepWeaponDistance": 0.6,
              "blackboardMinName": null,
              "blackboardMaxName": null,
              "angleMode": "None",
              "changeAngleUntilUnobstructed": false,
              "targetRadiusMinAngle": 0.0,
              "targetRadiusMaxAngle": 0.0,
              "blackboard": null,
              "creature": null,
              "brainData": null
            },
            {
              "$type": "ThunderRoad.AI.Action.WayPointTask, ThunderRoad",
              "inputTransformVariableName": "Waypoint",
              "outputTargetVariableName": "WaypointTarget",
              "resetInteruptAnimation": false,
              "blackboard": null,
              "creature": null,
              "brainData": null
            },
            {
              "$type": "ThunderRoad.AI.Action.TurnTo, ThunderRoad",
              "target": "InputTransformForward",
              "inputVariableName": "Waypoint",
              "successIfAngleReached": false,
              "successAngle": 0.0,
              "becomeExclusiveHandler": false,
              "blackboard": null,
              "creature": null,
              "brainData": null
            }
          ]
        }
      }
    ]
  },
  "groupPath": null
}