{
  "$type": "ThunderRoad.BehaviorTreeData, ThunderRoad",
  "id": "HumanUnarmed",
  "sensitiveContent": "None",
  "sensitiveFilterBehaviour": "Discard",
  "version": 0,
  "type": "SubTree",
  "rootNode": {
    "$type": "ThunderRoad.AI.Decorator.IfCondition, ThunderRoad",
    "operation": "AND",
    "ifConditions": [
      {
        "$type": "ThunderRoad.AI.Condition.IsUnarmed, ThunderRoad",
        "isMainHandCheck": false
      }
    ],
    "ifNotConditions": null,
    "child": {
      "$type": "ThunderRoad.AI.Control.Selector, ThunderRoad",
      "evaluateAllNodesOnCycle": true,
      "childs": [
        {
          "$type": "ThunderRoad.AI.Control.Sequence, ThunderRoad",
          "evaluateAllNodesOnCycle": true,
          "childs": [
            {
              "$type": "ThunderRoad.AI.Decorator.AlwaysSuccess, ThunderRoad",
              "child": {
                "$type": "ThunderRoad.AI.Decorator.IfCondition, ThunderRoad",
                "operation": "AND",
                "ifConditions": [
                  {
                    "$type": "ThunderRoad.AI.Condition.IsGrabbing, ThunderRoad",
                    "weaponOnly": false,
                    "hand": "Left",
                    "weaponClass": "None",
                    "weaponClassFilter": "NotEqual"
                  }
                ],
                "ifNotConditions": null,
                "child": {
                  "$type": "ThunderRoad.AI.Action.HolsterItem, ThunderRoad",
                  "holsterRight": false,
                  "holsterLeft": true,
                  "waitForFinished": false,
                  "blackboard": null,
                  "creature": null,
                  "brainData": null
                }
              }
            },
            {
              "$type": "ThunderRoad.AI.Action.SetStance, ThunderRoad",
              "stance": "Flee",
              "onlyOnce": false,
              "blackboard": null,
              "creature": null,
              "brainData": null
            },
            {
              "$type": "ThunderRoad.AI.Action.SetDefenseState, ThunderRoad",
              "parry": false,
              "dodge": true,
              "blackboard": null,
              "creature": null,
              "brainData": null
            },
            {
              "$type": "ThunderRoad.AI.Get.GetItem, ThunderRoad",
              "searchRadius": 30.0,
              "checkCanSeeItem": true,
              "checkID": false,
              "itemID": "",
              "checkType": true,
              "type": "Weapon",
              "checkClass": true,
              "weaponClass": "Melee",
              "checkHandling": true,
              "weaponHandling": "OneHanded",
              "checkGrabbableSide": true,
              "handleSide": "Right",
              "avoidTargetRadius": 4.0,
              "requirePathAvailable": true,
              "useShortestPath": true,
              "outputItemVariableName": "",
              "outputItemTransformVariableName": "",
              "outputItemHandleVariableName": "WeaponHandleToGrab",
              "outputItemHandleTransformVariableName": "WeaponHandleToGrabTransform",
              "blackboard": null,
              "creature": null,
              "brainData": null
            },
            {
              "$type": "ThunderRoad.AI.Control.Selector, ThunderRoad",
              "evaluateAllNodesOnCycle": false,
              "childs": [
                {
                  "$type": "ThunderRoad.AI.Action.PickupItem, ThunderRoad",
                  "inputItemHandleVariableName": "WeaponHandleToGrab",
                  "pickupIKDuration": 0.75,
                  "pickupDuration": 1.05,
                  "useIK": false,
                  "pickupAnimationId": "HumanPickup",
                  "moduleLook": null,
                  "moduleEquipment": null,
                  "blackboard": null,
                  "creature": null,
                  "brainData": null
                },
                {
                  "$type": "ThunderRoad.AI.Action.MoveTo, ThunderRoad",
                  "moveTarget": "InputTransform",
                  "inputMoveTargetVariableName": "WeaponHandleToGrabTransform",
                  "turnTarget": "CurrentTarget",
                  "turnTargetDirection": "Position",
                  "inputTurnTargetVariableName": "",
                  "forceTurnToUseMoveDirectionAtDistance": true,
                  "turnMoveDirectionDistance": 10.0,
                  "turnMoveDirectionSpeed": 1.0,
                  "approachMoveSpeedRatio": 1.0,
                  "approachTurnSpeedRatio": 1.0,
                  "approachRunSpeedRatio": 1.0,
                  "moveCloserIfNoSight": false,
                  "strafeAroundTarget": false,
                  "strafeMoveSpeedRatio": 0.75,
                  "strafeTurnSpeedRatio": 1.0,
                  "strafeRunSpeedRatio": 0.0,
                  "checkMaxAllies": false,
                  "safeRangeOffset": 0.25,
                  "safeRangeThickness": 2.0,
                  "reportUnreachable": false,
                  "useModuleStrafeDelay": false,
                  "repathMinDelay": 0.0,
                  "repathMaxDelay": 0.0,
                  "autoRadius": "None",
                  "targetMinRadius": 0.0,
                  "targetMaxRadius": 0.2,
                  "keepWeaponDistance": 0.6,
                  "blackboardMinName": null,
                  "blackboardMaxName": null,
                  "angleMode": "None",
                  "changeAngleUntilUnobstructed": false,
                  "targetRadiusMinAngle": 0.0,
                  "targetRadiusMaxAngle": 0.0,
                  "blackboard": null,
                  "creature": null,
                  "brainData": null
                }
              ]
            },
            {
              "$type": "ThunderRoad.AI.Decorator.AlwaysSuccess, ThunderRoad",
              "child": {
                "$type": "ThunderRoad.AI.Decorator.IfCondition, ThunderRoad",
                "operation": "AND",
                "ifConditions": [
                  {
                    "$type": "ThunderRoad.AI.Condition.IsGrabbing, ThunderRoad",
                    "weaponOnly": false,
                    "hand": "Left",
                    "weaponClass": "None",
                    "weaponClassFilter": "NotEqual"
                  }
                ],
                "ifNotConditions": null,
                "child": {
                  "$type": "ThunderRoad.AI.Action.HolsterItem, ThunderRoad",
                  "holsterRight": false,
                  "holsterLeft": true,
                  "waitForFinished": false,
                  "blackboard": null,
                  "creature": null,
                  "brainData": null
                }
              }
            }
          ]
        },
        {
          "$type": "ThunderRoad.AI.ChildTreeNode, ThunderRoad",
          "reference": "ForceID",
          "childTreeID": "Flee",
          "childTreeName": null
        }
      ]
    }
  },
  "groupPath": null
}