{
  "$type": "ThunderRoad.BehaviorTreeData, ThunderRoad",
  "id": "HumanFollow",
  "sensitiveContent": "None",
  "sensitiveFilterBehaviour": "Discard",
  "version": 0,
  "type": "SubTree",
  "rootNode": {
    "$type": "ThunderRoad.AI.Control.Sequence, ThunderRoad",
    "evaluateAllNodesOnCycle": true,
    "childs": [
      {
        "$type": "ThunderRoad.AI.Control.Selector, ThunderRoad",
        "evaluateAllNodesOnCycle": false,
        "childs": [
          {
            "$type": "ThunderRoad.AI.Control.Sequence, ThunderRoad",
            "evaluateAllNodesOnCycle": false,
            "childs": [
              {
                "$type": "ThunderRoad.AI.Get.GetRagdollTouch, ThunderRoad",
                "damageCondition": "OnlyIfDamage",
                "factionCondition": "OnlyPlayer",
                "typeCondition": "OnlyPart",
                "bodyStateCondition": "StandingAlive",
                "rememberDuration": 1.0,
                "outputCreatureAsCurrentTarget": false,
                "outputCreatureVariableName": "Player",
                "outputPartTransformVariableName": "",
                "blackboard": null,
                "creature": null,
                "brainData": null
              },
              {
                "$type": "ThunderRoad.AI.Action.SetFollowTarget, ThunderRoad",
                "action": "Clear",
                "creatureVariableName": "FollowTarget",
                "blackboard": null,
                "creature": null,
                "brainData": null
              },
              {
                "$type": "ThunderRoad.AI.Action.SetBrainState, ThunderRoad",
                "brainState": "Idle",
                "blackboard": null,
                "creature": null,
                "brainData": null
              }
            ]
          },
          {
            "$type": "ThunderRoad.AI.Decorator.AlwaysSuccess, ThunderRoad",
            "child": {
              "$type": "ThunderRoad.AI.Control.Selector, ThunderRoad",
              "evaluateAllNodesOnCycle": false,
              "childs": [
                {
                  "$type": "ThunderRoad.AI.Get.GetCreature, ThunderRoad",
                  "target": "ClosestFollowable",
                  "checkFov": true,
                  "checkSight": true,
                  "checkShortestPath": false,
                  "rememberDuration": 5.0,
                  "focusDuration": 5.0,
                  "maxDistance": 0.0,
                  "debugLines": false,
                  "outputCreatureAsCurrentTarget": false,
                  "outputCreatureVariableName": "FollowTarget",
                  "outputTransform": "None",
                  "outputTransformVariableName": "",
                  "blackboard": null,
                  "creature": null,
                  "brainData": null
                },
                {
                  "$type": "ThunderRoad.AI.Get.GetRagdollTouch, ThunderRoad",
                  "damageCondition": "NoDamage",
                  "factionCondition": "OnlyPlayer",
                  "typeCondition": "OnlyPart",
                  "bodyStateCondition": "StandingAlive",
                  "rememberDuration": 1.0,
                  "outputCreatureAsCurrentTarget": false,
                  "outputCreatureVariableName": "FollowTarget",
                  "outputPartTransformVariableName": "",
                  "blackboard": null,
                  "creature": null,
                  "brainData": null
                }
              ]
            }
          }
        ]
      },
      {
        "$type": "ThunderRoad.AI.Action.SetFollowTarget, ThunderRoad",
        "action": "Set",
        "creatureVariableName": "FollowTarget",
        "blackboard": null,
        "creature": null,
        "brainData": null
      },
      {
        "$type": "ThunderRoad.AI.Action.SetBrainState, ThunderRoad",
        "brainState": "Follow",
        "blackboard": null,
        "creature": null,
        "brainData": null
      },
      {
        "$type": "ThunderRoad.AI.Decorator.AlwaysSuccess, ThunderRoad",
        "child": {
          "$type": "ThunderRoad.AI.Control.Sequence, ThunderRoad",
          "evaluateAllNodesOnCycle": false,
          "childs": [
            {
              "$type": "ThunderRoad.AI.Get.GetCreaturePart, ThunderRoad",
              "target": "InputCreature",
              "inputCreatureVariableName": "FollowTarget",
              "targetPart": "RagdollEyes",
              "outputTransformVariableName": "FollowEyes",
              "blackboard": null,
              "creature": null,
              "brainData": null
            },
            {
              "$type": "ThunderRoad.AI.Action.SetLookAt, ThunderRoad",
              "enabled": true,
              "bodyBehaviour": "BodyUpright",
              "target": "InputTransform",
              "inputVariableName": "FollowEyes",
              "localOffset": {
                "x": 0.0,
                "y": 0.0,
                "z": 0.0
              },
              "blackboard": null,
              "creature": null,
              "brainData": null
            }
          ]
        }
      },
      {
        "$type": "ThunderRoad.AI.Decorator.AlwaysSuccess, ThunderRoad",
        "child": {
          "$type": "ThunderRoad.AI.Control.Sequence, ThunderRoad",
          "evaluateAllNodesOnCycle": false,
          "childs": [
            {
              "$type": "ThunderRoad.AI.Get.GetCreaturePart, ThunderRoad",
              "target": "InputCreature",
              "inputCreatureVariableName": "FollowTarget",
              "targetPart": "CreatureRoot",
              "outputTransformVariableName": "FollowRoot",
              "blackboard": null,
              "creature": null,
              "brainData": null
            },
            {
              "$type": "ThunderRoad.AI.Action.TurnTo, ThunderRoad",
              "target": "InputTransform",
              "inputVariableName": "FollowRoot",
              "successIfAngleReached": false,
              "successAngle": 0.0,
              "becomeExclusiveHandler": false,
              "blackboard": null,
              "creature": null,
              "brainData": null
            }
          ]
        }
      },
      {
        "$type": "ThunderRoad.AI.Decorator.AlwaysSuccess, ThunderRoad",
        "child": {
          "$type": "ThunderRoad.AI.Action.MoveTo, ThunderRoad",
          "moveTarget": "InputCreature",
          "inputMoveTargetVariableName": "FollowTarget",
          "turnTarget": "MoveDirection",
          "turnTargetDirection": "Position",
          "inputTurnTargetVariableName": "",
          "forceTurnToUseMoveDirectionAtDistance": true,
          "turnMoveDirectionDistance": 10.0,
          "turnMoveDirectionSpeed": 1.0,
          "approachMoveSpeedRatio": 1.0,
          "approachTurnSpeedRatio": 1.0,
          "approachRunSpeedRatio": 1.0,
          "moveCloserIfNoSight": false,
          "strafeAroundTarget": false,
          "strafeMoveSpeedRatio": 0.75,
          "strafeTurnSpeedRatio": 1.0,
          "strafeRunSpeedRatio": 0.0,
          "checkMaxAllies": true,
          "safeRangeOffset": 0.25,
          "safeRangeThickness": 2.0,
          "reportUnreachable": false,
          "useModuleStrafeDelay": true,
          "repathMinDelay": 0.0,
          "repathMaxDelay": 0.0,
          "autoRadius": "MeleeRange",
          "targetMinRadius": 0.0,
          "targetMaxRadius": 0.1,
          "keepWeaponDistance": 0.6,
          "blackboardMinName": null,
          "blackboardMaxName": null,
          "angleMode": "CheckAllies",
          "changeAngleUntilUnobstructed": true,
          "targetRadiusMinAngle": 20.0,
          "targetRadiusMaxAngle": 45.0,
          "blackboard": null,
          "creature": null,
          "brainData": null
        }
      }
    ]
  },
  "groupPath": null
}