{
  "$type": "ThunderRoad.BehaviorTreeData, ThunderRoad",
  "id": "HumanCombatSpell",
  "sensitiveContent": "None",
  "sensitiveFilterBehaviour": "Discard",
  "version": 0,
  "type": "SubTree",
  "rootNode": {
    "$type": "ThunderRoad.AI.Control.Sequence, ThunderRoad",
    "evaluateAllNodesOnCycle": false,
    "childs": [
      {
        "$type": "ThunderRoad.AI.Decorator.IfCondition, ThunderRoad",
        "operation": "AND",
        "ifConditions": [
          {
            "$type": "ThunderRoad.AI.Condition.HasSpell, ThunderRoad",
            "spellID": null,
            "spellMinDistance": 8.0,
            "spellMaxDistance": 30.0
          }
        ],
        "ifNotConditions": null,
        "child": {
          "$type": "ThunderRoad.AI.Decorator.AlwaysSuccess, ThunderRoad",
          "child": null
        }
      },
      {
        "$type": "ThunderRoad.AI.Control.Selector, ThunderRoad",
        "evaluateAllNodesOnCycle": false,
        "childs": [
          {
            "$type": "ThunderRoad.AI.Control.Sequence, ThunderRoad",
            "evaluateAllNodesOnCycle": false,
            "childs": [
              {
                "$type": "ThunderRoad.AI.Action.DrawItem, ThunderRoad",
                "holsterRightItem": true,
                "holsterLeftItem": false,
                "waitForFinished": false,
                "targetTransformVariableName": "",
                "drawRightWeapon": true,
                "rightInfo": {
                  "$type": "ThunderRoad.Equipment+WeaponDrawInfo, ThunderRoad",
                  "weaponClass": "Wand",
                  "weaponHandling": "TwoHanded",
                  "checkAmmo": false,
                  "checkInHolder": false
                },
                "drawLeftWeapon": false,
                "leftInfo": {
                  "$type": "ThunderRoad.Equipment+WeaponDrawInfo, ThunderRoad",
                  "weaponClass": "None",
                  "weaponHandling": "None",
                  "checkAmmo": false,
                  "checkInHolder": false
                },
                "blackboard": null,
                "creature": null,
                "brainData": null
              },
              {
                "$type": "ThunderRoad.AI.Action.SetStance, ThunderRoad",
                "stance": "Staff",
                "onlyOnce": false,
                "blackboard": null,
                "creature": null,
                "brainData": null
              },
              {
                "$type": "ThunderRoad.AI.Action.SetDefenseState, ThunderRoad",
                "parry": false,
                "dodge": true,
                "blackboard": null,
                "creature": null,
                "brainData": null
              }
            ]
          },
          {
            "$type": "ThunderRoad.AI.Control.Sequence, ThunderRoad",
            "evaluateAllNodesOnCycle": false,
            "childs": [
              {
                "$type": "ThunderRoad.AI.Action.DrawItem, ThunderRoad",
                "holsterRightItem": true,
                "holsterLeftItem": false,
                "waitForFinished": false,
                "targetTransformVariableName": "",
                "drawRightWeapon": true,
                "rightInfo": {
                  "$type": "ThunderRoad.Equipment+WeaponDrawInfo, ThunderRoad",
                  "weaponClass": "Melee",
                  "weaponHandling": "OneHanded",
                  "checkAmmo": false,
                  "checkInHolder": false
                },
                "drawLeftWeapon": false,
                "leftInfo": {
                  "$type": "ThunderRoad.Equipment+WeaponDrawInfo, ThunderRoad",
                  "weaponClass": "None",
                  "weaponHandling": "None",
                  "checkAmmo": false,
                  "checkInHolder": false
                },
                "blackboard": null,
                "creature": null,
                "brainData": null
              },
              {
                "$type": "ThunderRoad.AI.Action.SetStance, ThunderRoad",
                "stance": "Melee1H",
                "onlyOnce": false,
                "blackboard": null,
                "creature": null,
                "brainData": null
              },
              {
                "$type": "ThunderRoad.AI.Action.SetDefenseState, ThunderRoad",
                "parry": true,
                "dodge": true,
                "blackboard": null,
                "creature": null,
                "brainData": null
              }
            ]
          }
        ]
      },
      {
        "$type": "ThunderRoad.AI.Control.Selector, ThunderRoad",
        "evaluateAllNodesOnCycle": true,
        "childs": [
          {
            "$type": "ThunderRoad.AI.Decorator.IfCondition, ThunderRoad",
            "operation": "AND",
            "ifConditions": [
              {
                "$type": "ThunderRoad.AI.Condition.IsThreatened, ThunderRoad",
                "target": "CurrentTarget",
                "inputCreatureVariableName": "",
                "threatMinSpeed": 2.0,
                "threatDuration": 2.0
              }
            ],
            "ifNotConditions": [],
            "child": {
              "$type": "ThunderRoad.AI.Action.MoveTo, ThunderRoad",
              "moveTarget": "CurrentTarget",
              "inputMoveTargetVariableName": "ShootPosition",
              "turnTarget": "CurrentTarget",
              "turnTargetDirection": "Position",
              "inputTurnTargetVariableName": "",
              "forceTurnToUseMoveDirectionAtDistance": false,
              "turnMoveDirectionDistance": 10.0,
              "turnMoveDirectionSpeed": 1.0,
              "approachMoveSpeedRatio": 1.0,
              "approachTurnSpeedRatio": 1.0,
              "approachRunSpeedRatio": 1.0,
              "moveCloserIfNoSight": false,
              "strafeAroundTarget": false,
              "strafeMoveSpeedRatio": 0.75,
              "strafeTurnSpeedRatio": 1.0,
              "strafeRunSpeedRatio": 0.0,
              "checkMaxAllies": false,
              "safeRangeOffset": 0.25,
              "safeRangeThickness": 2.0,
              "reportUnreachable": false,
              "useModuleStrafeDelay": false,
              "repathMinDelay": 0.0,
              "repathMaxDelay": 0.0,
              "autoRadius": "None",
              "targetMinRadius": 3.0,
              "targetMaxRadius": 7.0,
              "keepWeaponDistance": 0.6,
              "blackboardMinName": null,
              "blackboardMaxName": null,
              "angleMode": "None",
              "changeAngleUntilUnobstructed": false,
              "targetRadiusMinAngle": 0.0,
              "targetRadiusMaxAngle": 0.0,
              "blackboard": null,
              "creature": null,
              "brainData": null
            }
          },
          {
            "$type": "ThunderRoad.AI.Control.Sequence, ThunderRoad",
            "evaluateAllNodesOnCycle": false,
            "childs": [
              {
                "$type": "ThunderRoad.AI.Control.Selector, ThunderRoad",
                "evaluateAllNodesOnCycle": false,
                "childs": [
                  {
                    "$type": "ThunderRoad.AI.Get.GetShootPoint, ThunderRoad",
                    "target": "CurrentTarget",
                    "inputVariableName": "",
                    "checkShortestPath": false,
                    "outputPositionVariableName": "ShootPosition",
                    "blackboard": null,
                    "creature": null,
                    "brainData": null
                  },
                  {
                    "$type": "ThunderRoad.AI.Get.GetShootPosition, ThunderRoad",
                    "target": "CurrentTarget",
                    "inputVariableName": "",
                    "checkShortestPath": false,
                    "outputPositionVariableName": "ShootPosition",
                    "blackboard": null,
                    "creature": null,
                    "brainData": null
                  }
                ]
              },
              {
                "$type": "ThunderRoad.AI.Control.Selector, ThunderRoad",
                "evaluateAllNodesOnCycle": true,
                "childs": [
                  {
                    "$type": "ThunderRoad.AI.Control.Sequence, ThunderRoad",
                    "evaluateAllNodesOnCycle": true,
                    "childs": [
                      {
                        "$type": "ThunderRoad.AI.Action.PickSpell, ThunderRoad",
                        "side": "Left",
                        "selectionMode": "ByDistance",
                        "spellID": "",
                        "target": "CurrentTarget",
                        "inputTransformVariableName": "",
                        "blackboard": null,
                        "creature": null,
                        "brainData": null
                      },
                      {
                        "$type": "ThunderRoad.AI.Action.AttackSpell, ThunderRoad",
                        "target": "CurrentTarget",
                        "inputTransformVariableName": "",
                        "castLeft": true,
                        "castRight": false,
                        "blackboard": null,
                        "creature": null,
                        "brainData": null
                      }
                    ]
                  },
                  {
                    "$type": "ThunderRoad.AI.Action.AttackMelee, ThunderRoad",
                    "target": "CurrentTarget",
                    "inputTransformVariableName": "",
                    "inputCreatureVariableName": "",
                    "useMeleeDelay": true,
                    "defensePreferenceChance": true,
                    "checkCurrentTargetSight": true,
                    "checkCloseAllies": true,
                    "checkNavMesh": true,
                    "forceMeleeRange": 0.0,
                    "forceMeleeRangeMoved": 0.0,
                    "forceWeaponReach": 0.0,
                    "forceMaxRangeDelta": 0.0,
                    "stopOnReset": false,
                    "pickClipSequentialMaxIndex": 0,
                    "updateClipRange": false,
                    "blackboard": null,
                    "creature": null,
                    "brainData": null
                  },
                  {
                    "$type": "ThunderRoad.AI.Action.MoveTo, ThunderRoad",
                    "moveTarget": "InputPosition",
                    "inputMoveTargetVariableName": "ShootPosition",
                    "turnTarget": "CurrentTarget",
                    "turnTargetDirection": "Position",
                    "inputTurnTargetVariableName": "",
                    "forceTurnToUseMoveDirectionAtDistance": false,
                    "turnMoveDirectionDistance": 10.0,
                    "turnMoveDirectionSpeed": 1.0,
                    "approachMoveSpeedRatio": 1.0,
                    "approachTurnSpeedRatio": 1.0,
                    "approachRunSpeedRatio": 1.0,
                    "moveCloserIfNoSight": false,
                    "strafeAroundTarget": false,
                    "strafeMoveSpeedRatio": 0.75,
                    "strafeTurnSpeedRatio": 1.0,
                    "strafeRunSpeedRatio": 0.0,
                    "checkMaxAllies": false,
                    "safeRangeOffset": 0.25,
                    "safeRangeThickness": 2.0,
                    "reportUnreachable": false,
                    "useModuleStrafeDelay": false,
                    "repathMinDelay": 0.0,
                    "repathMaxDelay": 0.0,
                    "autoRadius": "None",
                    "targetMinRadius": 0.0,
                    "targetMaxRadius": 0.5,
                    "keepWeaponDistance": 0.6,
                    "blackboardMinName": null,
                    "blackboardMaxName": null,
                    "angleMode": "None",
                    "changeAngleUntilUnobstructed": false,
                    "targetRadiusMinAngle": 0.0,
                    "targetRadiusMaxAngle": 0.0,
                    "blackboard": null,
                    "creature": null,
                    "brainData": null
                  }
                ]
              }
            ]
          }
        ]
      }
    ]
  },
  "groupPath": null
}