{
  "$type": "ThunderRoad.BehaviorTreeData, ThunderRoad",
  "id": "Flee",
  "sensitiveContent": "None",
  "sensitiveFilterBehaviour": "Discard",
  "version": 0,
  "type": "SubTree",
  "rootNode": {
    "$type": "ThunderRoad.AI.Control.Sequence, ThunderRoad",
    "evaluateAllNodesOnCycle": false,
    "childs": [
      {
        "$type": "ThunderRoad.AI.Control.Selector, ThunderRoad",
        "evaluateAllNodesOnCycle": false,
        "childs": [
          {
            "$type": "ThunderRoad.AI.Get.GetTransform, ThunderRoad",
            "target": "ClosestDungeonExit",
            "prioritizeShortestPath": true,
            "outputTransformVariableName": "FleePoint",
            "blackboard": null,
            "creature": null,
            "brainData": null
          },
          {
            "$type": "ThunderRoad.AI.Get.GetTransform, ThunderRoad",
            "target": "ClosestFleePoint",
            "prioritizeShortestPath": true,
            "outputTransformVariableName": "FleePoint",
            "blackboard": null,
            "creature": null,
            "brainData": null
          }
        ]
      },
      {
        "$type": "ThunderRoad.AI.Control.Selector, ThunderRoad",
        "evaluateAllNodesOnCycle": false,
        "childs": [
          {
            "$type": "ThunderRoad.AI.Action.MoveTo, ThunderRoad",
            "moveTarget": "InputTransform",
            "inputMoveTargetVariableName": "FleePoint",
            "turnTarget": "CurrentTarget",
            "turnTargetDirection": "Position",
            "inputTurnTargetVariableName": "",
            "forceTurnToUseMoveDirectionAtDistance": true,
            "turnMoveDirectionDistance": 10.0,
            "turnMoveDirectionSpeed": 1.0,
            "approachMoveSpeedRatio": 1.0,
            "approachTurnSpeedRatio": 1.0,
            "approachRunSpeedRatio": 1.0,
            "moveCloserIfNoSight": false,
            "strafeAroundTarget": false,
            "strafeMoveSpeedRatio": 0.75,
            "strafeTurnSpeedRatio": 1.0,
            "strafeRunSpeedRatio": 0.0,
            "checkMaxAllies": false,
            "safeRangeOffset": 0.25,
            "safeRangeThickness": 2.0,
            "reportUnreachable": false,
            "useModuleStrafeDelay": false,
            "repathMinDelay": 0.0,
            "repathMaxDelay": 0.0,
            "autoRadius": "None",
            "targetMinRadius": 0.0,
            "targetMaxRadius": 0.5,
            "keepWeaponDistance": 0.6,
            "blackboardMinName": null,
            "blackboardMaxName": null,
            "angleMode": "None",
            "changeAngleUntilUnobstructed": false,
            "targetRadiusMinAngle": 0.0,
            "targetRadiusMaxAngle": 0.0,
            "blackboard": null,
            "creature": null,
            "brainData": null
          },
          {
            "$type": "ThunderRoad.AI.Action.MoveTo, ThunderRoad",
            "moveTarget": "InputTransform",
            "inputMoveTargetVariableName": "FleePoint",
            "turnTarget": "InputTransform",
            "turnTargetDirection": "Position",
            "inputTurnTargetVariableName": "FleePoint",
            "forceTurnToUseMoveDirectionAtDistance": true,
            "turnMoveDirectionDistance": 10.0,
            "turnMoveDirectionSpeed": 1.0,
            "approachMoveSpeedRatio": 1.0,
            "approachTurnSpeedRatio": 1.0,
            "approachRunSpeedRatio": 1.0,
            "moveCloserIfNoSight": false,
            "strafeAroundTarget": false,
            "strafeMoveSpeedRatio": 0.75,
            "strafeTurnSpeedRatio": 1.0,
            "strafeRunSpeedRatio": 0.0,
            "checkMaxAllies": false,
            "safeRangeOffset": 0.25,
            "safeRangeThickness": 2.0,
            "reportUnreachable": false,
            "useModuleStrafeDelay": false,
            "repathMinDelay": 0.0,
            "repathMaxDelay": 0.0,
            "autoRadius": "None",
            "targetMinRadius": 0.0,
            "targetMaxRadius": 0.5,
            "keepWeaponDistance": 0.6,
            "blackboardMinName": null,
            "blackboardMaxName": null,
            "angleMode": "None",
            "changeAngleUntilUnobstructed": false,
            "targetRadiusMinAngle": 0.0,
            "targetRadiusMaxAngle": 0.0,
            "blackboard": null,
            "creature": null,
            "brainData": null
          }
        ]
      },
      {
        "$type": "ThunderRoad.AI.Decorator.IfCondition, ThunderRoad",
        "operation": "AND",
        "ifConditions": [
          {
            "$type": "ThunderRoad.AI.Condition.TargetWithinRange, ThunderRoad",
            "flatDistance": true,
            "target": "InputTransform",
            "inputTransformVariableName": "FleePoint",
            "comparison": "LessThanOrEqual",
            "range": "Fixed",
            "distance": 0.5,
            "valueName": "TargetWithinRange",
            "addedDistance": 0.0,
            "maxDiff": 0.0
          }
        ],
        "ifNotConditions": null,
        "child": {
          "$type": "ThunderRoad.AI.Action.Despawn, ThunderRoad",
          "blackboard": null,
          "creature": null,
          "brainData": null
        }
      }
    ]
  },
  "groupPath": null
}