{
  "$type": "ThunderRoad.AreaData, ThunderRoad",
  "id": "GL_XSTransi_Cave_11",
  "sensitiveContent": "None",
  "sensitiveFilterBehaviour": "Discard",
  "version": 0,
  "isUnique": true,
  "areaPrefabAddress": "Bas.Area.GL_XSTransi_Cave_11",
  "lightingPresetAddress": "Bas.Area.GL_XSTransi_Cave_11.LightingPreset",
  "cullingAddress": "Bas.Area.GL_XSTransi_Cave_11.CullData",
  "Bounds": {
    "$type": "UnityEngine.Bounds, UnityEngine.CoreModule",
    "center": {
      "x": -2.362145,
      "y": -1.61391258,
      "z": 10.09
    },
    "size": {
      "x": 14.2480288,
      "y": 19.0121117,
      "z": 20.18
    },
    "extents": {
      "x": 7.12401438,
      "y": 9.506056,
      "z": 10.09
    },
    "min": {
      "x": -9.486159,
      "y": -11.1199684,
      "z": 0.0
    },
    "max": {
      "x": 4.76186943,
      "y": 7.89214325,
      "z": 20.18
    }
  },
  "allowedRotation": [
    "Front",
    "Back",
    "Left",
    "Right"
  ],
  "connections": [
    {
      "$type": "ThunderRoad.AreaData+AreaConnection, ThunderRoad",
      "connectionTypeIdContainerList": [
        {
          "$type": "ThunderRoad.AreaData+AreaConnectionTypeIdContainer, ThunderRoad",
          "dataId": "GL_Cave"
        }
      ],
      "overrideBlockerTableAdress": {
        "$type": "ThunderRoad.AreaConnectionTypeData+PrefabAdressTable, ThunderRoad",
        "drops": []
      },
      "position": {
        "x": 0.0,
        "y": 2.75,
        "z": 0.0
      },
      "face": "Back",
      "fakeViewAddress": "Bas.Area.GL_XSTransi_Cave_11.FakeView.0"
    },
    {
      "$type": "ThunderRoad.AreaData+AreaConnection, ThunderRoad",
      "connectionTypeIdContainerList": [
        {
          "$type": "ThunderRoad.AreaData+AreaConnectionTypeIdContainer, ThunderRoad",
          "dataId": "GL_Cave"
        }
      ],
      "overrideBlockerTableAdress": {
        "$type": "ThunderRoad.AreaConnectionTypeData+PrefabAdressTable, ThunderRoad",
        "drops": []
      },
      "position": {
        "x": -0.55,
        "y": -9.84,
        "z": 20.18
      },
      "face": "Front",
      "fakeViewAddress": "Bas.Area.GL_XSTransi_Cave_11.FakeView.1"
    }
  ],
  "areaGlobalParameters": [],
  "groupPath": "Outpost/XSTransi"
}