{
  "$type": "ThunderRoad.AreaData, ThunderRoad",
  "id": "DA_XSTransi_GreatGarden",
  "sensitiveContent": "None",
  "sensitiveFilterBehaviour": "Discard",
  "version": 0,
  "isUnique": true,
  "areaPrefabAddress": "Bas.Area.DA_XSTransi_GreatGarden",
  "lightingPresetAddress": "Bas.Area.DA_XSTransi_GreatGarden.LightingPreset",
  "cullingAddress": "Bas.Area.DA_XSTransi_GreatGarden.CullData",
  "Bounds": {
    "$type": "UnityEngine.Bounds, UnityEngine.CoreModule",
    "center": {
      "x": -18.28209,
      "y": 21.9844551,
      "z": 0.5677643
    },
    "size": {
      "x": 80.93583,
      "y": 73.18446,
      "z": 112.095528
    },
    "extents": {
      "x": 40.4679146,
      "y": 36.59223,
      "z": 56.0477638
    },
    "min": {
      "x": -58.7500038,
      "y": -14.6077766,
      "z": -55.48
    },
    "max": {
      "x": 22.1858253,
      "y": 58.5766869,
      "z": 56.61553
    }
  },
  "allowedRotation": [
    "Front",
    "Back",
    "Left",
    "Right"
  ],
  "connections": [
    {
      "$type": "ThunderRoad.AreaData+AreaConnection, ThunderRoad",
      "connectionTypeIdContainerList": [
        {
          "$type": "ThunderRoad.AreaData+AreaConnectionTypeIdContainer, ThunderRoad",
          "dataId": "DA_Cave"
        },
        {
          "$type": "ThunderRoad.AreaData+AreaConnectionTypeIdContainer, ThunderRoad",
          "dataId": "DA_Interior"
        }
      ],
      "overrideBlockerTableAdress": {
        "$type": "ThunderRoad.AreaConnectionTypeData+PrefabAdressTable, ThunderRoad",
        "drops": []
      },
      "position": {
        "x": -58.7500038,
        "y": 1.95,
        "z": 29.0001087
      },
      "face": "Left",
      "fakeViewAddress": "Bas.Area.DA_XSTransi_GreatGarden.FakeView.0"
    },
    {
      "$type": "ThunderRoad.AreaData+AreaConnection, ThunderRoad",
      "connectionTypeIdContainerList": [
        {
          "$type": "ThunderRoad.AreaData+AreaConnectionTypeIdContainer, ThunderRoad",
          "dataId": "DA_Interior"
        },
        {
          "$type": "ThunderRoad.AreaData+AreaConnectionTypeIdContainer, ThunderRoad",
          "dataId": "DA_Cave"
        }
      ],
      "overrideBlockerTableAdress": {
        "$type": "ThunderRoad.AreaConnectionTypeData+PrefabAdressTable, ThunderRoad",
        "drops": []
      },
      "position": {
        "x": -15.9,
        "y": 0.0,
        "z": -55.48
      },
      "face": "Back",
      "fakeViewAddress": "Bas.Area.DA_XSTransi_GreatGarden.FakeView.1"
    }
  ],
  "areaGlobalParameters": [],
  "groupPath": "Dalgarian/XSTransi"
}