{
  "$type": "ThunderRoad.AreaData, ThunderRoad",
  "id": "DA_XSTransi_Corridor1",
  "sensitiveContent": "None",
  "sensitiveFilterBehaviour": "Discard",
  "version": 0,
  "isUnique": true,
  "areaPrefabAddress": "Bas.Area.DA_XSTransi_Corridor1",
  "lightingPresetAddress": "Bas.Area.DA_XSTransi_Corridor1.LightingPreset",
  "cullingAddress": "Bas.Area.DA_XSTransi_Corridor1.CullData",
  "Bounds": {
    "$type": "UnityEngine.Bounds, UnityEngine.CoreModule",
    "center": {
      "x": -2.077198,
      "y": 10.5118351,
      "z": 14.1875019
    },
    "size": {
      "x": 49.5776024,
      "y": 57.19331,
      "z": 58.1750031
    },
    "extents": {
      "x": 24.7888012,
      "y": 28.5966549,
      "z": 29.0875015
    },
    "min": {
      "x": -26.866,
      "y": -18.08482,
      "z": -14.9
    },
    "max": {
      "x": 22.7116032,
      "y": 39.10849,
      "z": 43.275
    }
  },
  "allowedRotation": [
    "Front",
    "Back",
    "Left",
    "Right"
  ],
  "connections": [
    {
      "$type": "ThunderRoad.AreaData+AreaConnection, ThunderRoad",
      "connectionTypeIdContainerList": [
        {
          "$type": "ThunderRoad.AreaData+AreaConnectionTypeIdContainer, ThunderRoad",
          "dataId": "DA_Interior"
        },
        {
          "$type": "ThunderRoad.AreaData+AreaConnectionTypeIdContainer, ThunderRoad",
          "dataId": "DA_Cave"
        }
      ],
      "overrideBlockerTableAdress": {
        "$type": "ThunderRoad.AreaConnectionTypeData+PrefabAdressTable, ThunderRoad",
        "drops": []
      },
      "position": {
        "x": -24.8,
        "y": 0.28,
        "z": -14.9
      },
      "face": "Back",
      "fakeViewAddress": "Bas.Area.DA_XSTransi_Corridor1.FakeView.0"
    },
    {
      "$type": "ThunderRoad.AreaData+AreaConnection, ThunderRoad",
      "connectionTypeIdContainerList": [
        {
          "$type": "ThunderRoad.AreaData+AreaConnectionTypeIdContainer, ThunderRoad",
          "dataId": "DA_Interior"
        },
        {
          "$type": "ThunderRoad.AreaData+AreaConnectionTypeIdContainer, ThunderRoad",
          "dataId": "DA_Cave"
        }
      ],
      "overrideBlockerTableAdress": {
        "$type": "ThunderRoad.AreaConnectionTypeData+PrefabAdressTable, ThunderRoad",
        "drops": []
      },
      "position": {
        "x": -5.75,
        "y": 4.0,
        "z": 43.275
      },
      "face": "Front",
      "fakeViewAddress": "Bas.Area.DA_XSTransi_Corridor1.FakeView.1"
    }
  ],
  "areaGlobalParameters": [],
  "groupPath": "Dalgarian/XSTransi"
}