{
  "$type": "ThunderRoad.AreaData, ThunderRoad",
  "id": "GL_XSTransi_Castle_14",
  "sensitiveContent": "None",
  "sensitiveFilterBehaviour": "Discard",
  "version": 0,
  "isUnique": true,
  "areaPrefabAddress": "Bas.Area.GL_XSTransi_Castle_14",
  "lightingPresetAddress": "Bas.Area.GL_XSTransi_Castle_14.LightingPreset",
  "cullingAddress": "Bas.Area.GL_XSTransi_Castle_14.CullData",
  "Bounds": {
    "$type": "UnityEngine.Bounds, UnityEngine.CoreModule",
    "center": {
      "x": 5.69401264,
      "y": 2.12602925,
      "z": 0.377578735
    },
    "size": {
      "x": 21.9360256,
      "y": 7.00067568,
      "z": 21.88716
    },
    "extents": {
      "x": 10.9680128,
      "y": 3.50033784,
      "z": 10.94358
    },
    "min": {
      "x": -5.274,
      "y": -1.37430859,
      "z": -10.5660009
    },
    "max": {
      "x": 16.6620255,
      "y": 5.626367,
      "z": 11.3211584
    }
  },
  "allowedRotation": [
    "Front",
    "Back",
    "Left",
    "Right"
  ],
  "connections": [
    {
      "$type": "ThunderRoad.AreaData+AreaConnection, ThunderRoad",
      "connectionTypeIdContainerList": [
        {
          "$type": "ThunderRoad.AreaData+AreaConnectionTypeIdContainer, ThunderRoad",
          "dataId": "GL_Interior"
        }
      ],
      "overrideBlockerTableAdress": {
        "$type": "ThunderRoad.AreaConnectionTypeData+PrefabAdressTable, ThunderRoad",
        "drops": []
      },
      "position": {
        "x": -5.274,
        "y": 0.036,
        "z": 8.534
      },
      "face": "Left",
      "fakeViewAddress": "Bas.Area.GL_XSTransi_Castle_14.FakeView.0"
    },
    {
      "$type": "ThunderRoad.AreaData+AreaConnection, ThunderRoad",
      "connectionTypeIdContainerList": [
        {
          "$type": "ThunderRoad.AreaData+AreaConnectionTypeIdContainer, ThunderRoad",
          "dataId": "GL_Interior"
        }
      ],
      "overrideBlockerTableAdress": {
        "$type": "ThunderRoad.AreaConnectionTypeData+PrefabAdressTable, ThunderRoad",
        "drops": []
      },
      "position": {
        "x": 5.826,
        "y": 0.036,
        "z": -10.5660009
      },
      "face": "Back",
      "fakeViewAddress": "Bas.Area.GL_XSTransi_Castle_14.FakeView.1"
    }
  ],
  "areaGlobalParameters": [],
  "groupPath": "Outpost/XSTransi"
}