{
  "$type": "ThunderRoad.AreaData, ThunderRoad",
  "id": "DA_Std_UrbanStreets",
  "sensitiveContent": "None",
  "sensitiveFilterBehaviour": "Discard",
  "version": 0,
  "isUnique": true,
  "areaPrefabAddress": "Bas.Area.DA_Std_UrbanStreets",
  "lightingPresetAddress": "Bas.Area.DA_Std_UrbanStreets.LightingPreset",
  "cullingAddress": "Bas.Area.DA_Std_UrbanStreets.CullData",
  "Bounds": {
    "$type": "UnityEngine.Bounds, UnityEngine.CoreModule",
    "center": {
      "x": 30.5456467,
      "y": 61.6207657,
      "z": -36.3944
    },
    "size": {
      "x": 233.524887,
      "y": 162.940765,
      "z": 174.9182
    },
    "extents": {
      "x": 116.762444,
      "y": 81.47038,
      "z": 87.4591
    },
    "min": {
      "x": -86.2168,
      "y": -19.849617,
      "z": -123.8535
    },
    "max": {
      "x": 147.30809,
      "y": 143.091156,
      "z": 51.0646973
    }
  },
  "allowedRotation": [
    "Front",
    "Back",
    "Left",
    "Right"
  ],
  "connections": [
    {
      "$type": "ThunderRoad.AreaData+AreaConnection, ThunderRoad",
      "connectionTypeIdContainerList": [
        {
          "$type": "ThunderRoad.AreaData+AreaConnectionTypeIdContainer, ThunderRoad",
          "dataId": "DA_Cave"
        },
        {
          "$type": "ThunderRoad.AreaData+AreaConnectionTypeIdContainer, ThunderRoad",
          "dataId": "DA_Interior"
        }
      ],
      "overrideBlockerTableAdress": {
        "$type": "ThunderRoad.AreaConnectionTypeData+PrefabAdressTable, ThunderRoad",
        "drops": []
      },
      "position": {
        "x": -86.2168,
        "y": 2.89999962,
        "z": 25.0647011
      },
      "face": "Left",
      "fakeViewAddress": "Bas.Area.DA_Std_UrbanStreets.FakeView.0"
    },
    {
      "$type": "ThunderRoad.AreaData+AreaConnection, ThunderRoad",
      "connectionTypeIdContainerList": [
        {
          "$type": "ThunderRoad.AreaData+AreaConnectionTypeIdContainer, ThunderRoad",
          "dataId": "DA_Cave"
        },
        {
          "$type": "ThunderRoad.AreaData+AreaConnectionTypeIdContainer, ThunderRoad",
          "dataId": "DA_Interior"
        }
      ],
      "overrideBlockerTableAdress": {
        "$type": "ThunderRoad.AreaConnectionTypeData+PrefabAdressTable, ThunderRoad",
        "drops": []
      },
      "position": {
        "x": 4.78319931,
        "y": 11.4,
        "z": 51.0647
      },
      "face": "Front",
      "fakeViewAddress": "Bas.Area.DA_Std_UrbanStreets.FakeView.1"
    }
  ],
  "areaGlobalParameters": [],
  "groupPath": "Dalgarian/Standard"
}