{
  "$type": "ThunderRoad.AreaData, ThunderRoad",
  "id": "GL_Transi_Castle_SewerRerout",
  "sensitiveContent": "None",
  "sensitiveFilterBehaviour": "Discard",
  "version": 0,
  "isUnique": true,
  "areaPrefabAddress": "Bas.Area.GL_Transi_Castle_SewerRerout",
  "lightingPresetAddress": "Bas.Area.GL_Transi_Castle_SewerRerout.LightingPreset",
  "cullingAddress": "Bas.Area.GL_Transi_Castle_SewerRerout.CullData",
  "Bounds": {
    "$type": "UnityEngine.Bounds, UnityEngine.CoreModule",
    "center": {
      "x": 12.1235008,
      "y": 9.042451,
      "z": -3.93203259
    },
    "size": {
      "x": 44.137,
      "y": 17.5449028,
      "z": 29.7249546
    },
    "extents": {
      "x": 22.0685,
      "y": 8.772451,
      "z": 14.8624773
    },
    "min": {
      "x": -9.945,
      "y": 0.2699995,
      "z": -18.79451
    },
    "max": {
      "x": 34.192,
      "y": 17.8149033,
      "z": 10.9304447
    }
  },
  "allowedRotation": [
    "Front",
    "Back",
    "Left",
    "Right"
  ],
  "connections": [
    {
      "$type": "ThunderRoad.AreaData+AreaConnection, ThunderRoad",
      "connectionTypeIdContainerList": [
        {
          "$type": "ThunderRoad.AreaData+AreaConnectionTypeIdContainer, ThunderRoad",
          "dataId": "GL_Interior"
        },
        {
          "$type": "ThunderRoad.AreaData+AreaConnectionTypeIdContainer, ThunderRoad",
          "dataId": "GL_Cave"
        }
      ],
      "overrideBlockerTableAdress": {
        "$type": "ThunderRoad.AreaConnectionTypeData+PrefabAdressTable, ThunderRoad",
        "drops": []
      },
      "position": {
        "x": -9.945,
        "y": 6.525,
        "z": 0.169
      },
      "face": "Left",
      "fakeViewAddress": "Bas.Area.GL_Transi_Castle_SewerRerout.FakeView.0"
    },
    {
      "$type": "ThunderRoad.AreaData+AreaConnection, ThunderRoad",
      "connectionTypeIdContainerList": [
        {
          "$type": "ThunderRoad.AreaData+AreaConnectionTypeIdContainer, ThunderRoad",
          "dataId": "GL_Interior"
        },
        {
          "$type": "ThunderRoad.AreaData+AreaConnectionTypeIdContainer, ThunderRoad",
          "dataId": "GL_Cave"
        }
      ],
      "overrideBlockerTableAdress": {
        "$type": "ThunderRoad.AreaConnectionTypeData+PrefabAdressTable, ThunderRoad",
        "drops": []
      },
      "position": {
        "x": 34.192,
        "y": 6.525,
        "z": 0.169
      },
      "face": "Right",
      "fakeViewAddress": "Bas.Area.GL_Transi_Castle_SewerRerout.FakeView.1"
    }
  ],
  "areaGlobalParameters": [],
  "groupPath": "Outpost/Transi"
}