{
  "$type": "ThunderRoad.AreaData, ThunderRoad",
  "id": "GL_Std_Castle_SewerGate",
  "sensitiveContent": "None",
  "sensitiveFilterBehaviour": "Discard",
  "version": 0,
  "isUnique": true,
  "areaPrefabAddress": "Bas.Area.GL_Std_Castle_SewerGate",
  "lightingPresetAddress": "Bas.Area.GL_Std_Castle_SewerGate.LightingPreset",
  "cullingAddress": "Bas.Area.GL_Std_Castle_SewerGate.CullData",
  "Bounds": {
    "$type": "UnityEngine.Bounds, UnityEngine.CoreModule",
    "center": {
      "x": 6.76600552,
      "y": 2.41332531,
      "z": -7.59964561
    },
    "size": {
      "x": 42.010006,
      "y": 25.87814,
      "z": 44.8380051
    },
    "extents": {
      "x": 21.005003,
      "y": 12.93907,
      "z": 22.4190025
    },
    "min": {
      "x": -14.2389975,
      "y": -10.5257444,
      "z": -30.0186481
    },
    "max": {
      "x": 27.7710075,
      "y": 15.3523951,
      "z": 14.8193569
    }
  },
  "allowedRotation": [
    "Front",
    "Back",
    "Left",
    "Right"
  ],
  "connections": [
    {
      "$type": "ThunderRoad.AreaData+AreaConnection, ThunderRoad",
      "connectionTypeIdContainerList": [
        {
          "$type": "ThunderRoad.AreaData+AreaConnectionTypeIdContainer, ThunderRoad",
          "dataId": "GL_Interior"
        }
      ],
      "overrideBlockerTableAdress": {
        "$type": "ThunderRoad.AreaConnectionTypeData+PrefabAdressTable, ThunderRoad",
        "drops": []
      },
      "position": {
        "x": 27.77101,
        "y": 4.014999,
        "z": -13.69
      },
      "face": "Right",
      "fakeViewAddress": "Bas.Area.GL_Std_Castle_SewerGate.FakeView.0"
    },
    {
      "$type": "ThunderRoad.AreaData+AreaConnection, ThunderRoad",
      "connectionTypeIdContainerList": [
        {
          "$type": "ThunderRoad.AreaData+AreaConnectionTypeIdContainer, ThunderRoad",
          "dataId": "GL_Interior"
        },
        {
          "$type": "ThunderRoad.AreaData+AreaConnectionTypeIdContainer, ThunderRoad",
          "dataId": "GL_Cave"
        }
      ],
      "overrideBlockerTableAdress": {
        "$type": "ThunderRoad.AreaConnectionTypeData+PrefabAdressTable, ThunderRoad",
        "drops": []
      },
      "position": {
        "x": -14.2389975,
        "y": 2.0,
        "z": -13.812
      },
      "face": "Left",
      "fakeViewAddress": "Bas.Area.GL_Std_Castle_SewerGate.FakeView.1"
    }
  ],
  "areaGlobalParameters": [
    {
      "$type": "ThunderRoad.AreaSunGlobalParameter, ThunderRoad",
      "dirLightColor": {
        "r": 1.0,
        "g": 0.956862748,
        "b": 0.8392157,
        "a": 1.0
      },
      "dirLightIntensity": 2.2,
      "dirLightIndirectMultiplier": 1.0,
      "directionalLightLocalRotation": {
        "x": 0.425462961,
        "y": 0.408667922,
        "z": -0.626448154,
        "w": 0.509445369
      },
      "visibleFromGate": true
    }
  ],
  "groupPath": "Outpost/Standard"
}