{
  "$type": "ThunderRoad.AreaData, ThunderRoad",
  "id": "GL_Transi_Castle_StorageHallway",
  "sensitiveContent": "None",
  "sensitiveFilterBehaviour": "Discard",
  "version": 0,
  "isUnique": true,
  "areaPrefabAddress": "Bas.Area.GL_Transi_Castle_StorageHallway",
  "lightingPresetAddress": "Bas.Area.GL_Transi_Castle_StorageHallway.LightingPreset",
  "cullingAddress": "Bas.Area.GL_Transi_Castle_StorageHallway.CullData",
  "Bounds": {
    "$type": "UnityEngine.Bounds, UnityEngine.CoreModule",
    "center": {
      "x": 4.83319473,
      "y": -2.03610039,
      "z": -11.1535921
    },
    "size": {
      "x": 21.94039,
      "y": 6.10229,
      "z": 13.6268139
    },
    "extents": {
      "x": 10.9701948,
      "y": 3.051145,
      "z": 6.813407
    },
    "min": {
      "x": -6.137,
      "y": -5.08724546,
      "z": -17.967
    },
    "max": {
      "x": 15.80339,
      "y": 1.01504469,
      "z": -4.340185
    }
  },
  "allowedRotation": [
    "Front",
    "Back",
    "Left",
    "Right"
  ],
  "connections": [
    {
      "$type": "ThunderRoad.AreaData+AreaConnection, ThunderRoad",
      "connectionTypeIdContainerList": [
        {
          "$type": "ThunderRoad.AreaData+AreaConnectionTypeIdContainer, ThunderRoad",
          "dataId": "GL_Interior"
        }
      ],
      "overrideBlockerTableAdress": {
        "$type": "ThunderRoad.AreaConnectionTypeData+PrefabAdressTable, ThunderRoad",
        "drops": []
      },
      "position": {
        "x": -6.137,
        "y": -4.445,
        "z": -7.977
      },
      "face": "Left",
      "fakeViewAddress": "Bas.Area.GL_Transi_Castle_StorageHallway.FakeView.0"
    },
    {
      "$type": "ThunderRoad.AreaData+AreaConnection, ThunderRoad",
      "connectionTypeIdContainerList": [
        {
          "$type": "ThunderRoad.AreaData+AreaConnectionTypeIdContainer, ThunderRoad",
          "dataId": "GL_Interior"
        }
      ],
      "overrideBlockerTableAdress": {
        "$type": "ThunderRoad.AreaConnectionTypeData+PrefabAdressTable, ThunderRoad",
        "drops": []
      },
      "position": {
        "x": 10.742,
        "y": -4.4238,
        "z": -17.967
      },
      "face": "Back",
      "fakeViewAddress": "Bas.Area.GL_Transi_Castle_StorageHallway.FakeView.1"
    }
  ],
  "areaGlobalParameters": [],
  "groupPath": "Outpost/Transi"
}