{
  "$type": "ThunderRoad.AreaData, ThunderRoad",
  "id": "GL_Transi_Castle_Hallway01",
  "sensitiveContent": "None",
  "sensitiveFilterBehaviour": "Discard",
  "version": 0,
  "isUnique": true,
  "areaPrefabAddress": "Bas.Area.GL_Transi_Castle_Hallway01",
  "lightingPresetAddress": "Bas.Area.GL_Transi_Castle_Hallway01.LightingPreset",
  "cullingAddress": "Bas.Area.GL_Transi_Castle_Hallway01.CullData",
  "Bounds": {
    "$type": "UnityEngine.Bounds, UnityEngine.CoreModule",
    "center": {
      "x": -14.0,
      "y": 5.00000572,
      "z": -0.8527365
    },
    "size": {
      "x": 30.0,
      "y": 12.0002594,
      "z": 17.705471
    },
    "extents": {
      "x": 15.0,
      "y": 6.0001297,
      "z": 8.85273552
    },
    "min": {
      "x": -29.0,
      "y": -1.000124,
      "z": -9.705472
    },
    "max": {
      "x": 1.0,
      "y": 11.0001354,
      "z": 7.999999
    }
  },
  "allowedRotation": [
    "Front",
    "Back",
    "Left",
    "Right"
  ],
  "connections": [
    {
      "$type": "ThunderRoad.AreaData+AreaConnection, ThunderRoad",
      "connectionTypeIdContainerList": [
        {
          "$type": "ThunderRoad.AreaData+AreaConnectionTypeIdContainer, ThunderRoad",
          "dataId": "GL_Interior"
        }
      ],
      "overrideBlockerTableAdress": {
        "$type": "ThunderRoad.AreaConnectionTypeData+PrefabAdressTable, ThunderRoad",
        "drops": []
      },
      "position": {
        "x": 1.0,
        "y": 0.0,
        "z": 0.0
      },
      "face": "Right",
      "fakeViewAddress": "Bas.Area.GL_Transi_Castle_Hallway01.FakeView.0"
    },
    {
      "$type": "ThunderRoad.AreaData+AreaConnection, ThunderRoad",
      "connectionTypeIdContainerList": [
        {
          "$type": "ThunderRoad.AreaData+AreaConnectionTypeIdContainer, ThunderRoad",
          "dataId": "GL_Interior"
        }
      ],
      "overrideBlockerTableAdress": {
        "$type": "ThunderRoad.AreaConnectionTypeData+PrefabAdressTable, ThunderRoad",
        "drops": []
      },
      "position": {
        "x": -29.0,
        "y": 0.0,
        "z": 0.0
      },
      "face": "Left",
      "fakeViewAddress": "Bas.Area.GL_Transi_Castle_Hallway01.FakeView.1"
    },
    {
      "$type": "ThunderRoad.AreaData+AreaConnection, ThunderRoad",
      "connectionTypeIdContainerList": [
        {
          "$type": "ThunderRoad.AreaData+AreaConnectionTypeIdContainer, ThunderRoad",
          "dataId": "GL_Interior"
        }
      ],
      "overrideBlockerTableAdress": {
        "$type": "ThunderRoad.AreaConnectionTypeData+PrefabAdressTable, ThunderRoad",
        "drops": []
      },
      "position": {
        "x": -6.0,
        "y": 5.0,
        "z": 8.0
      },
      "face": "Front",
      "fakeViewAddress": "Bas.Area.GL_Transi_Castle_Hallway01.FakeView.2"
    }
  ],
  "areaGlobalParameters": [],
  "groupPath": "Outpost/Transi"
}