{
  "$type": "ThunderRoad.AreaData, ThunderRoad",
  "id": "GL_Transi_Castle_TwoFloorsCorridor",
  "sensitiveContent": "None",
  "sensitiveFilterBehaviour": "Discard",
  "version": 0,
  "isUnique": true,
  "areaPrefabAddress": "Bas.Area.GL_Transi_Castle_TwoFloorsCorridor",
  "lightingPresetAddress": "Bas.Area.GL_Transi_Castle_TwoFloorsCorridor.LightingPreset",
  "cullingAddress": "Bas.Area.GL_Transi_Castle_TwoFloorsCorridor.CullData",
  "Bounds": {
    "$type": "UnityEngine.Bounds, UnityEngine.CoreModule",
    "center": {
      "x": -11.42305,
      "y": 3.96702123,
      "z": 4.52405
    },
    "size": {
      "x": 22.5441017,
      "y": 11.9729776,
      "z": 14.9821005
    },
    "extents": {
      "x": 11.2720509,
      "y": 5.986489,
      "z": 7.49105024
    },
    "min": {
      "x": -22.6951,
      "y": -2.01946759,
      "z": -2.967
    },
    "max": {
      "x": -0.150999069,
      "y": 9.95351,
      "z": 12.0151005
    }
  },
  "allowedRotation": [
    "Front",
    "Back",
    "Left",
    "Right"
  ],
  "connections": [
    {
      "$type": "ThunderRoad.AreaData+AreaConnection, ThunderRoad",
      "connectionTypeIdContainerList": [
        {
          "$type": "ThunderRoad.AreaData+AreaConnectionTypeIdContainer, ThunderRoad",
          "dataId": "GL_Interior"
        },
        {
          "$type": "ThunderRoad.AreaData+AreaConnectionTypeIdContainer, ThunderRoad",
          "dataId": "GL_Cave"
        }
      ],
      "overrideBlockerTableAdress": {
        "$type": "ThunderRoad.AreaConnectionTypeData+PrefabAdressTable, ThunderRoad",
        "drops": []
      },
      "position": {
        "x": -0.151,
        "y": 0.029,
        "z": 0.0
      },
      "face": "Right",
      "fakeViewAddress": "Bas.Area.GL_Transi_Castle_TwoFloorsCorridor.FakeView.0"
    },
    {
      "$type": "ThunderRoad.AreaData+AreaConnection, ThunderRoad",
      "connectionTypeIdContainerList": [
        {
          "$type": "ThunderRoad.AreaData+AreaConnectionTypeIdContainer, ThunderRoad",
          "dataId": "GL_Interior"
        }
      ],
      "overrideBlockerTableAdress": {
        "$type": "ThunderRoad.AreaConnectionTypeData+PrefabAdressTable, ThunderRoad",
        "drops": []
      },
      "position": {
        "x": -22.6951,
        "y": 4.0998,
        "z": 0.0
      },
      "face": "Left",
      "fakeViewAddress": "Bas.Area.GL_Transi_Castle_TwoFloorsCorridor.FakeView.1"
    },
    {
      "$type": "ThunderRoad.AreaData+AreaConnection, ThunderRoad",
      "connectionTypeIdContainerList": [
        {
          "$type": "ThunderRoad.AreaData+AreaConnectionTypeIdContainer, ThunderRoad",
          "dataId": "GL_Interior"
        },
        {
          "$type": "ThunderRoad.AreaData+AreaConnectionTypeIdContainer, ThunderRoad",
          "dataId": "GL_Cave"
        }
      ],
      "overrideBlockerTableAdress": {
        "$type": "ThunderRoad.AreaConnectionTypeData+PrefabAdressTable, ThunderRoad",
        "drops": []
      },
      "position": {
        "x": -19.75,
        "y": -0.9781,
        "z": -2.967
      },
      "face": "Back",
      "fakeViewAddress": "Bas.Area.GL_Transi_Castle_TwoFloorsCorridor.FakeView.2"
    }
  ],
  "areaGlobalParameters": [],
  "groupPath": "Outpost/Transi"
}