{
  "$type": "ThunderRoad.AreaData, ThunderRoad",
  "id": "GL_Transi_Castle_Barracks",
  "sensitiveContent": "None",
  "sensitiveFilterBehaviour": "Discard",
  "version": 0,
  "isUnique": true,
  "areaPrefabAddress": "Bas.Area.GL_Transi_Castle_Barracks",
  "lightingPresetAddress": "Bas.Area.GL_Transi_Castle_Barracks.LightingPreset",
  "cullingAddress": "Bas.Area.GL_Transi_Castle_Barracks.CullData",
  "Bounds": {
    "$type": "UnityEngine.Bounds, UnityEngine.CoreModule",
    "center": {
      "x": -9.872499,
      "y": -1.87184429,
      "z": -27.1124878
    },
    "size": {
      "x": 34.2450027,
      "y": 9.734488,
      "z": 18.4650269
    },
    "extents": {
      "x": 17.1225014,
      "y": 4.867244,
      "z": 9.232513
    },
    "min": {
      "x": -26.995,
      "y": -6.739088,
      "z": -36.345
    },
    "max": {
      "x": 7.250002,
      "y": 2.99539948,
      "z": -17.8799744
    }
  },
  "allowedRotation": [
    "Front",
    "Back",
    "Left",
    "Right"
  ],
  "connections": [
    {
      "$type": "ThunderRoad.AreaData+AreaConnection, ThunderRoad",
      "connectionTypeIdContainerList": [
        {
          "$type": "ThunderRoad.AreaData+AreaConnectionTypeIdContainer, ThunderRoad",
          "dataId": "GL_Interior"
        }
      ],
      "overrideBlockerTableAdress": {
        "$type": "ThunderRoad.AreaConnectionTypeData+PrefabAdressTable, ThunderRoad",
        "drops": []
      },
      "position": {
        "x": -15.021143,
        "y": -2.989,
        "z": -36.345
      },
      "face": "Back",
      "fakeViewAddress": "Bas.Area.GL_Transi_Castle_Barracks.FakeView.0"
    },
    {
      "$type": "ThunderRoad.AreaData+AreaConnection, ThunderRoad",
      "connectionTypeIdContainerList": [
        {
          "$type": "ThunderRoad.AreaData+AreaConnectionTypeIdContainer, ThunderRoad",
          "dataId": "GL_Interior"
        }
      ],
      "overrideBlockerTableAdress": {
        "$type": "ThunderRoad.AreaConnectionTypeData+PrefabAdressTable, ThunderRoad",
        "drops": []
      },
      "position": {
        "x": 7.25,
        "y": -5.0,
        "z": -21.35
      },
      "face": "Right",
      "fakeViewAddress": "Bas.Area.GL_Transi_Castle_Barracks.FakeView.1"
    }
  ],
  "areaGlobalParameters": [],
  "groupPath": "Outpost/Transi"
}