{
  "$type": "ThunderRoad.AreaData, ThunderRoad",
  "id": "GL_XSTransi_Cave_12",
  "sensitiveContent": "None",
  "sensitiveFilterBehaviour": "Discard",
  "version": 0,
  "isUnique": true,
  "areaPrefabAddress": "Bas.Area.GL_XSTransi_Cave_12",
  "lightingPresetAddress": "Bas.Area.GL_XSTransi_Cave_12.LightingPreset",
  "cullingAddress": "Bas.Area.GL_XSTransi_Cave_12.CullData",
  "Bounds": {
    "$type": "UnityEngine.Bounds, UnityEngine.CoreModule",
    "center": {
      "x": -5.42433167,
      "y": 2.1028223,
      "z": -9.491219
    },
    "size": {
      "x": 45.3486633,
      "y": 32.1804657,
      "z": 59.25084
    },
    "extents": {
      "x": 22.6743317,
      "y": 16.0902328,
      "z": 29.62542
    },
    "min": {
      "x": -28.0986633,
      "y": -13.9874105,
      "z": -39.11664
    },
    "max": {
      "x": 17.25,
      "y": 18.1930542,
      "z": 20.134201
    }
  },
  "allowedRotation": [
    "Front",
    "Back",
    "Left",
    "Right"
  ],
  "connections": [
    {
      "$type": "ThunderRoad.AreaData+AreaConnection, ThunderRoad",
      "connectionTypeIdContainerList": [
        {
          "$type": "ThunderRoad.AreaData+AreaConnectionTypeIdContainer, ThunderRoad",
          "dataId": "GL_Interior"
        },
        {
          "$type": "ThunderRoad.AreaData+AreaConnectionTypeIdContainer, ThunderRoad",
          "dataId": "GL_Cave"
        }
      ],
      "overrideBlockerTableAdress": {
        "$type": "ThunderRoad.AreaConnectionTypeData+PrefabAdressTable, ThunderRoad",
        "drops": []
      },
      "position": {
        "x": 8.0,
        "y": -10.5,
        "z": 20.1342
      },
      "face": "Front",
      "fakeViewAddress": "Bas.Area.GL_XSTransi_Cave_12.FakeView.0"
    },
    {
      "$type": "ThunderRoad.AreaData+AreaConnection, ThunderRoad",
      "connectionTypeIdContainerList": [
        {
          "$type": "ThunderRoad.AreaData+AreaConnectionTypeIdContainer, ThunderRoad",
          "dataId": "GL_Cave"
        }
      ],
      "overrideBlockerTableAdress": {
        "$type": "ThunderRoad.AreaConnectionTypeData+PrefabAdressTable, ThunderRoad",
        "drops": []
      },
      "position": {
        "x": 17.25,
        "y": -5.0,
        "z": 5.0
      },
      "face": "Right",
      "fakeViewAddress": "Bas.Area.GL_XSTransi_Cave_12.FakeView.1"
    }
  ],
  "areaGlobalParameters": [
    {
      "$type": "ThunderRoad.AreaSunGlobalParameter, ThunderRoad",
      "dirLightColor": {
        "r": 1.0,
        "g": 0.956862748,
        "b": 0.8392157,
        "a": 1.0
      },
      "dirLightIntensity": 3.0,
      "dirLightIndirectMultiplier": 2.0,
      "directionalLightLocalRotation": {
        "x": 0.61738044,
        "y": -0.623193264,
        "z": 0.3083945,
        "w": 0.367919058
      },
      "visibleFromGate": true
    }
  ],
  "groupPath": "Outpost/XSTransi"
}