{
  "$type": "ThunderRoad.AreaData, ThunderRoad",
  "id": "GL_Transi_Cave_Mine",
  "sensitiveContent": "None",
  "sensitiveFilterBehaviour": "Discard",
  "version": 0,
  "isUnique": true,
  "areaPrefabAddress": "Bas.Area.GL_Transi_Cave_Mine",
  "lightingPresetAddress": "Bas.Area.GL_Transi_Cave_Mine.LightingPreset",
  "cullingAddress": "Bas.Area.GL_Transi_Cave_Mine.CullData",
  "Bounds": {
    "$type": "UnityEngine.Bounds, UnityEngine.CoreModule",
    "center": {
      "x": -1.11655807,
      "y": -8.757,
      "z": -3.520011
    },
    "size": {
      "x": 11.7568569,
      "y": 17.75,
      "z": 15.8913784
    },
    "extents": {
      "x": 5.87842846,
      "y": 8.875,
      "z": 7.945689
    },
    "min": {
      "x": -6.99498653,
      "y": -17.632,
      "z": -11.4657
    },
    "max": {
      "x": 4.76187038,
      "y": 0.118000031,
      "z": 4.42567825
    }
  },
  "allowedRotation": [
    "Front",
    "Back",
    "Left",
    "Right"
  ],
  "connections": [
    {
      "$type": "ThunderRoad.AreaData+AreaConnection, ThunderRoad",
      "connectionTypeIdContainerList": [
        {
          "$type": "ThunderRoad.AreaData+AreaConnectionTypeIdContainer, ThunderRoad",
          "dataId": "GL_CaveVertical"
        }
      ],
      "overrideBlockerTableAdress": {
        "$type": "ThunderRoad.AreaConnectionTypeData+PrefabAdressTable, ThunderRoad",
        "drops": []
      },
      "position": {
        "x": 0.0,
        "y": 0.118,
        "z": 0.0
      },
      "face": "Up",
      "fakeViewAddress": "Bas.Area.GL_Transi_Cave_Mine.FakeView.0"
    },
    {
      "$type": "ThunderRoad.AreaData+AreaConnection, ThunderRoad",
      "connectionTypeIdContainerList": [
        {
          "$type": "ThunderRoad.AreaData+AreaConnectionTypeIdContainer, ThunderRoad",
          "dataId": "GL_CaveVertical"
        }
      ],
      "overrideBlockerTableAdress": {
        "$type": "ThunderRoad.AreaConnectionTypeData+PrefabAdressTable, ThunderRoad",
        "drops": []
      },
      "position": {
        "x": -3.5,
        "y": -17.632,
        "z": 2.1E-06
      },
      "face": "Down",
      "fakeViewAddress": "Bas.Area.GL_Transi_Cave_Mine.FakeView.1"
    },
    {
      "$type": "ThunderRoad.AreaData+AreaConnection, ThunderRoad",
      "connectionTypeIdContainerList": [
        {
          "$type": "ThunderRoad.AreaData+AreaConnectionTypeIdContainer, ThunderRoad",
          "dataId": "GL_Cave"
        },
        {
          "$type": "ThunderRoad.AreaData+AreaConnectionTypeIdContainer, ThunderRoad",
          "dataId": "GL_Interior"
        }
      ],
      "overrideBlockerTableAdress": {
        "$type": "ThunderRoad.AreaConnectionTypeData+PrefabAdressTable, ThunderRoad",
        "drops": []
      },
      "position": {
        "x": 0.0,
        "y": -13.7051,
        "z": -11.4657
      },
      "face": "Back",
      "fakeViewAddress": "Bas.Area.GL_Transi_Cave_Mine.FakeView.2"
    }
  ],
  "areaGlobalParameters": [],
  "groupPath": "Outpost/Transi"
}