{
  "$type": "ThunderRoad.AreaData, ThunderRoad",
  "id": "GL_Std_Castle_KingCorridor",
  "sensitiveContent": "None",
  "sensitiveFilterBehaviour": "Discard",
  "version": 0,
  "isUnique": true,
  "areaPrefabAddress": "Bas.Area.GL_Std_Castle_KingCorridor",
  "lightingPresetAddress": "Bas.Area.GL_Std_Castle_KingCorridor.LightingPreset",
  "cullingAddress": "Bas.Area.GL_Std_Castle_KingCorridor.CullData",
  "Bounds": {
    "$type": "UnityEngine.Bounds, UnityEngine.CoreModule",
    "center": {
      "x": 0.4680004,
      "y": 0.3917513,
      "z": -1.449501
    },
    "size": {
      "x": 41.972,
      "y": 19.7835045,
      "z": 25.001
    },
    "extents": {
      "x": 20.986,
      "y": 9.891752,
      "z": 12.5005
    },
    "min": {
      "x": -20.518,
      "y": -9.500001,
      "z": -13.9500008
    },
    "max": {
      "x": 21.454,
      "y": 10.2835035,
      "z": 11.0509987
    }
  },
  "allowedRotation": [
    "Front",
    "Back",
    "Left",
    "Right"
  ],
  "connections": [
    {
      "$type": "ThunderRoad.AreaData+AreaConnection, ThunderRoad",
      "connectionTypeIdContainerList": [
        {
          "$type": "ThunderRoad.AreaData+AreaConnectionTypeIdContainer, ThunderRoad",
          "dataId": "GL_Interior"
        }
      ],
      "overrideBlockerTableAdress": {
        "$type": "ThunderRoad.AreaConnectionTypeData+PrefabAdressTable, ThunderRoad",
        "drops": []
      },
      "position": {
        "x": -20.518,
        "y": -5.5,
        "z": -0.172
      },
      "face": "Left",
      "fakeViewAddress": "Bas.Area.GL_Std_Castle_KingCorridor.FakeView.0"
    },
    {
      "$type": "ThunderRoad.AreaData+AreaConnection, ThunderRoad",
      "connectionTypeIdContainerList": [
        {
          "$type": "ThunderRoad.AreaData+AreaConnectionTypeIdContainer, ThunderRoad",
          "dataId": "GL_Interior"
        }
      ],
      "overrideBlockerTableAdress": {
        "$type": "ThunderRoad.AreaConnectionTypeData+PrefabAdressTable, ThunderRoad",
        "drops": []
      },
      "position": {
        "x": 21.454,
        "y": -5.474,
        "z": -0.21
      },
      "face": "Right",
      "fakeViewAddress": "Bas.Area.GL_Std_Castle_KingCorridor.FakeView.1"
    },
    {
      "$type": "ThunderRoad.AreaData+AreaConnection, ThunderRoad",
      "connectionTypeIdContainerList": [
        {
          "$type": "ThunderRoad.AreaData+AreaConnectionTypeIdContainer, ThunderRoad",
          "dataId": "GL_Interior"
        }
      ],
      "overrideBlockerTableAdress": {
        "$type": "ThunderRoad.AreaConnectionTypeData+PrefabAdressTable, ThunderRoad",
        "drops": []
      },
      "position": {
        "x": 10.461,
        "y": 1.513,
        "z": 11.051
      },
      "face": "Front",
      "fakeViewAddress": "Bas.Area.GL_Std_Castle_KingCorridor.FakeView.2"
    }
  ],
  "areaGlobalParameters": [
    {
      "$type": "ThunderRoad.AreaSunGlobalParameter, ThunderRoad",
      "dirLightColor": {
        "r": 1.0,
        "g": 0.9292579,
        "b": 0.81,
        "a": 1.0
      },
      "dirLightIntensity": 4.5,
      "dirLightIndirectMultiplier": 2.5,
      "directionalLightLocalRotation": {
        "x": 0.3789536,
        "y": -0.374388427,
        "z": 0.8102281,
        "w": 0.244454548
      },
      "visibleFromGate": true
    }
  ],
  "groupPath": "Outpost/Standard"
}