{
  "$type": "ThunderRoad.AreaData, ThunderRoad",
  "id": "DA_XSTransi_Beastiary",
  "sensitiveContent": "None",
  "sensitiveFilterBehaviour": "Discard",
  "version": 0,
  "isUnique": true,
  "areaPrefabAddress": "Bas.Area.DA_XSTransi_Beastiary",
  "lightingPresetAddress": "Bas.Area.DA_XSTransi_Beastiary.LightingPreset",
  "cullingAddress": "Bas.Area.DA_XSTransi_Beastiary.CullData",
  "Bounds": {
    "$type": "UnityEngine.Bounds, UnityEngine.CoreModule",
    "center": {
      "x": -20.2011528,
      "y": 10.8337078,
      "z": 12.4005318
    },
    "size": {
      "x": 70.61769,
      "y": 39.2417068,
      "z": 48.2456131
    },
    "extents": {
      "x": 35.3088455,
      "y": 19.6208534,
      "z": 24.1228065
    },
    "min": {
      "x": -55.51,
      "y": -8.787146,
      "z": -11.7222748
    },
    "max": {
      "x": 15.1076927,
      "y": 30.4545612,
      "z": 36.52334
    }
  },
  "allowedRotation": [
    "Front",
    "Back",
    "Left",
    "Right"
  ],
  "connections": [
    {
      "$type": "ThunderRoad.AreaData+AreaConnection, ThunderRoad",
      "connectionTypeIdContainerList": [
        {
          "$type": "ThunderRoad.AreaData+AreaConnectionTypeIdContainer, ThunderRoad",
          "dataId": "DA_Cave"
        },
        {
          "$type": "ThunderRoad.AreaData+AreaConnectionTypeIdContainer, ThunderRoad",
          "dataId": "DA_Interior"
        }
      ],
      "overrideBlockerTableAdress": {
        "$type": "ThunderRoad.AreaConnectionTypeData+PrefabAdressTable, ThunderRoad",
        "drops": []
      },
      "position": {
        "x": -55.51,
        "y": 4.0,
        "z": 24.25
      },
      "face": "Left",
      "fakeViewAddress": "Bas.Area.DA_XSTransi_Beastiary.FakeView.0"
    },
    {
      "$type": "ThunderRoad.AreaData+AreaConnection, ThunderRoad",
      "connectionTypeIdContainerList": [
        {
          "$type": "ThunderRoad.AreaData+AreaConnectionTypeIdContainer, ThunderRoad",
          "dataId": "DA_Interior"
        },
        {
          "$type": "ThunderRoad.AreaData+AreaConnectionTypeIdContainer, ThunderRoad",
          "dataId": "DA_Cave"
        }
      ],
      "overrideBlockerTableAdress": {
        "$type": "ThunderRoad.AreaConnectionTypeData+PrefabAdressTable, ThunderRoad",
        "drops": []
      },
      "position": {
        "x": -13.913,
        "y": -1.94586039,
        "z": -11.7222748
      },
      "face": "Back",
      "fakeViewAddress": "Bas.Area.DA_XSTransi_Beastiary.FakeView.1"
    }
  ],
  "areaGlobalParameters": [],
  "groupPath": "Dalgarian/XSTransi"
}