{
  "$type": "ThunderRoad.AreaData, ThunderRoad",
  "id": "DA_XSTransi_MetalStorage1",
  "sensitiveContent": "None",
  "sensitiveFilterBehaviour": "Discard",
  "version": 0,
  "isUnique": true,
  "areaPrefabAddress": "Bas.Area.DA_XSTransi_MetalStorage1",
  "lightingPresetAddress": "Bas.Area.DA_XSTransi_MetalStorage1.LightingPreset",
  "cullingAddress": "Bas.Area.DA_XSTransi_MetalStorage1.CullData",
  "Bounds": {
    "$type": "UnityEngine.Bounds, UnityEngine.CoreModule",
    "center": {
      "x": -7.907501,
      "y": -3.90018225,
      "z": 9.929773
    },
    "size": {
      "x": 32.085,
      "y": 14.2517176,
      "z": 39.65619
    },
    "extents": {
      "x": 16.0425,
      "y": 7.125859,
      "z": 19.8280945
    },
    "min": {
      "x": -23.95,
      "y": -11.026041,
      "z": -9.898321
    },
    "max": {
      "x": 8.134998,
      "y": 3.22567654,
      "z": 29.7578678
    }
  },
  "allowedRotation": [
    "Front",
    "Back",
    "Left",
    "Right"
  ],
  "connections": [
    {
      "$type": "ThunderRoad.AreaData+AreaConnection, ThunderRoad",
      "connectionTypeIdContainerList": [
        {
          "$type": "ThunderRoad.AreaData+AreaConnectionTypeIdContainer, ThunderRoad",
          "dataId": "DA_Interior"
        },
        {
          "$type": "ThunderRoad.AreaData+AreaConnectionTypeIdContainer, ThunderRoad",
          "dataId": "GL_Cave"
        }
      ],
      "overrideBlockerTableAdress": {
        "$type": "ThunderRoad.AreaConnectionTypeData+PrefabAdressTable, ThunderRoad",
        "drops": []
      },
      "position": {
        "x": -7.78,
        "y": -8.44,
        "z": -9.898321
      },
      "face": "Back",
      "fakeViewAddress": "Bas.Area.DA_XSTransi_MetalStorage1.FakeView.0"
    },
    {
      "$type": "ThunderRoad.AreaData+AreaConnection, ThunderRoad",
      "connectionTypeIdContainerList": [
        {
          "$type": "ThunderRoad.AreaData+AreaConnectionTypeIdContainer, ThunderRoad",
          "dataId": "DA_Cave"
        },
        {
          "$type": "ThunderRoad.AreaData+AreaConnectionTypeIdContainer, ThunderRoad",
          "dataId": "GL_Interior"
        }
      ],
      "overrideBlockerTableAdress": {
        "$type": "ThunderRoad.AreaConnectionTypeData+PrefabAdressTable, ThunderRoad",
        "drops": []
      },
      "position": {
        "x": 8.135,
        "y": -2.0,
        "z": 2.35000014
      },
      "face": "Right",
      "fakeViewAddress": "Bas.Area.DA_XSTransi_MetalStorage1.FakeView.1"
    },
    {
      "$type": "ThunderRoad.AreaData+AreaConnection, ThunderRoad",
      "connectionTypeIdContainerList": [
        {
          "$type": "ThunderRoad.AreaData+AreaConnectionTypeIdContainer, ThunderRoad",
          "dataId": "DA_Interior"
        },
        {
          "$type": "ThunderRoad.AreaData+AreaConnectionTypeIdContainer, ThunderRoad",
          "dataId": "DA_Cave"
        }
      ],
      "overrideBlockerTableAdress": {
        "$type": "ThunderRoad.AreaConnectionTypeData+PrefabAdressTable, ThunderRoad",
        "drops": []
      },
      "position": {
        "x": -23.95,
        "y": -2.0,
        "z": 2.25
      },
      "face": "Left",
      "fakeViewAddress": "Bas.Area.DA_XSTransi_MetalStorage1.FakeView.2"
    }
  ],
  "areaGlobalParameters": [],
  "groupPath": "Dalgarian/XSTransi"
}