{
  "$type": "ThunderRoad.AreaData, ThunderRoad",
  "id": "DA_XSTransi_MetalStorage2",
  "sensitiveContent": "None",
  "sensitiveFilterBehaviour": "Discard",
  "version": 0,
  "isUnique": true,
  "areaPrefabAddress": "Bas.Area.DA_XSTransi_MetalStorage2",
  "lightingPresetAddress": "Bas.Area.DA_XSTransi_MetalStorage2.LightingPreset",
  "cullingAddress": "Bas.Area.DA_XSTransi_MetalStorage2.CullData",
  "Bounds": {
    "$type": "UnityEngine.Bounds, UnityEngine.CoreModule",
    "center": {
      "x": 13.3499985,
      "y": 8.715975,
      "z": 9.175001
    },
    "size": {
      "x": 46.0,
      "y": 36.90511,
      "z": 68.05
    },
    "extents": {
      "x": 23.0,
      "y": 18.4525547,
      "z": 34.025
    },
    "min": {
      "x": -9.650002,
      "y": -9.73658,
      "z": -24.85
    },
    "max": {
      "x": 36.35,
      "y": 27.16853,
      "z": 43.2000046
    }
  },
  "allowedRotation": [
    "Front",
    "Back",
    "Left",
    "Right"
  ],
  "connections": [
    {
      "$type": "ThunderRoad.AreaData+AreaConnection, ThunderRoad",
      "connectionTypeIdContainerList": [
        {
          "$type": "ThunderRoad.AreaData+AreaConnectionTypeIdContainer, ThunderRoad",
          "dataId": "DA_Cave"
        },
        {
          "$type": "ThunderRoad.AreaData+AreaConnectionTypeIdContainer, ThunderRoad",
          "dataId": "DA_Interior"
        }
      ],
      "overrideBlockerTableAdress": {
        "$type": "ThunderRoad.AreaConnectionTypeData+PrefabAdressTable, ThunderRoad",
        "drops": []
      },
      "position": {
        "x": 19.3499222,
        "y": 6.4,
        "z": -24.85
      },
      "face": "Back",
      "fakeViewAddress": "Bas.Area.DA_XSTransi_MetalStorage2.FakeView.0"
    },
    {
      "$type": "ThunderRoad.AreaData+AreaConnection, ThunderRoad",
      "connectionTypeIdContainerList": [
        {
          "$type": "ThunderRoad.AreaData+AreaConnectionTypeIdContainer, ThunderRoad",
          "dataId": "DA_Interior"
        },
        {
          "$type": "ThunderRoad.AreaData+AreaConnectionTypeIdContainer, ThunderRoad",
          "dataId": "DA_Cave"
        }
      ],
      "overrideBlockerTableAdress": {
        "$type": "ThunderRoad.AreaConnectionTypeData+PrefabAdressTable, ThunderRoad",
        "drops": []
      },
      "position": {
        "x": -9.650002,
        "y": -7.4,
        "z": 2.4
      },
      "face": "Left",
      "fakeViewAddress": "Bas.Area.DA_XSTransi_MetalStorage2.FakeView.1"
    },
    {
      "$type": "ThunderRoad.AreaData+AreaConnection, ThunderRoad",
      "connectionTypeIdContainerList": [
        {
          "$type": "ThunderRoad.AreaData+AreaConnectionTypeIdContainer, ThunderRoad",
          "dataId": "DA_Cave"
        },
        {
          "$type": "ThunderRoad.AreaData+AreaConnectionTypeIdContainer, ThunderRoad",
          "dataId": "DA_Interior"
        }
      ],
      "overrideBlockerTableAdress": {
        "$type": "ThunderRoad.AreaConnectionTypeData+PrefabAdressTable, ThunderRoad",
        "drops": []
      },
      "position": {
        "x": 25.35,
        "y": -5.4,
        "z": 43.2
      },
      "face": "Front",
      "fakeViewAddress": "Bas.Area.DA_XSTransi_MetalStorage2.FakeView.2"
    }
  ],
  "areaGlobalParameters": [],
  "groupPath": "Dalgarian/XSTransi"
}