{
  "$type": "ThunderRoad.AreaData, ThunderRoad",
  "id": "DA_Parkour_CrackedRoom",
  "sensitiveContent": "None",
  "sensitiveFilterBehaviour": "Discard",
  "version": 0,
  "isUnique": true,
  "areaPrefabAddress": "Bas.Area.DA_Parkour_CrackedRoom",
  "lightingPresetAddress": "Bas.Area.DA_Parkour_CrackedRoom.LightingPreset",
  "cullingAddress": "Bas.Area.DA_Parkour_CrackedRoom.CullData",
  "Bounds": {
    "$type": "UnityEngine.Bounds, UnityEngine.CoreModule",
    "center": {
      "x": -20.8500023,
      "y": 3.28684616,
      "z": 3.51242065
    },
    "size": {
      "x": 72.6,
      "y": 109.033882,
      "z": 65.73154
    },
    "extents": {
      "x": 36.3,
      "y": 54.51694,
      "z": 32.86577
    },
    "min": {
      "x": -57.15,
      "y": -51.2300949,
      "z": -29.3533478
    },
    "max": {
      "x": 15.4499969,
      "y": 57.8037872,
      "z": 36.37819
    }
  },
  "allowedRotation": [
    "Front",
    "Back",
    "Left",
    "Right"
  ],
  "connections": [
    {
      "$type": "ThunderRoad.AreaData+AreaConnection, ThunderRoad",
      "connectionTypeIdContainerList": [
        {
          "$type": "ThunderRoad.AreaData+AreaConnectionTypeIdContainer, ThunderRoad",
          "dataId": "DA_Interior"
        },
        {
          "$type": "ThunderRoad.AreaData+AreaConnectionTypeIdContainer, ThunderRoad",
          "dataId": "DA_Cave"
        }
      ],
      "overrideBlockerTableAdress": {
        "$type": "ThunderRoad.AreaConnectionTypeData+PrefabAdressTable, ThunderRoad",
        "drops": []
      },
      "position": {
        "x": 15.45,
        "y": 0.149999976,
        "z": -1.33
      },
      "face": "Right",
      "fakeViewAddress": "Bas.Area.DA_Parkour_CrackedRoom.FakeView.0"
    },
    {
      "$type": "ThunderRoad.AreaData+AreaConnection, ThunderRoad",
      "connectionTypeIdContainerList": [
        {
          "$type": "ThunderRoad.AreaData+AreaConnectionTypeIdContainer, ThunderRoad",
          "dataId": "DA_Interior"
        },
        {
          "$type": "ThunderRoad.AreaData+AreaConnectionTypeIdContainer, ThunderRoad",
          "dataId": "DA_Cave"
        }
      ],
      "overrideBlockerTableAdress": {
        "$type": "ThunderRoad.AreaConnectionTypeData+PrefabAdressTable, ThunderRoad",
        "drops": []
      },
      "position": {
        "x": -57.15,
        "y": -5.105,
        "z": -0.4
      },
      "face": "Left",
      "fakeViewAddress": "Bas.Area.DA_Parkour_CrackedRoom.FakeView.1"
    }
  ],
  "areaGlobalParameters": [],
  "groupPath": "Dalgarian/Parkour"
}