{
  "$type": "ThunderRoad.AreaData, ThunderRoad",
  "id": "DA_Std_UndergroundLake",
  "sensitiveContent": "None",
  "sensitiveFilterBehaviour": "Discard",
  "version": 0,
  "isUnique": true,
  "areaPrefabAddress": "Bas.Area.DA_Std_UndergroundLake",
  "lightingPresetAddress": "Bas.Area.DA_Std_UndergroundLake.LightingPreset",
  "cullingAddress": "Bas.Area.DA_Std_UndergroundLake.CullData",
  "Bounds": {
    "$type": "UnityEngine.Bounds, UnityEngine.CoreModule",
    "center": {
      "x": -136.218109,
      "y": 53.4767151,
      "z": 273.644958
    },
    "size": {
      "x": 515.3962,
      "y": 402.9632,
      "z": 529.2899
    },
    "extents": {
      "x": 257.6981,
      "y": 201.4816,
      "z": 264.644958
    },
    "min": {
      "x": -393.9162,
      "y": -148.004883,
      "z": 9.0
    },
    "max": {
      "x": 121.47998,
      "y": 254.958313,
      "z": 538.2899
    }
  },
  "allowedRotation": [
    "Front",
    "Back",
    "Left",
    "Right"
  ],
  "connections": [
    {
      "$type": "ThunderRoad.AreaData+AreaConnection, ThunderRoad",
      "connectionTypeIdContainerList": [
        {
          "$type": "ThunderRoad.AreaData+AreaConnectionTypeIdContainer, ThunderRoad",
          "dataId": "DA_Cave"
        },
        {
          "$type": "ThunderRoad.AreaData+AreaConnectionTypeIdContainer, ThunderRoad",
          "dataId": "DA_Interior"
        }
      ],
      "overrideBlockerTableAdress": {
        "$type": "ThunderRoad.AreaConnectionTypeData+PrefabAdressTable, ThunderRoad",
        "drops": []
      },
      "position": {
        "x": 121.48,
        "y": 1.5,
        "z": 126.5
      },
      "face": "Right",
      "fakeViewAddress": "Bas.Area.DA_Std_UndergroundLake.FakeView.0"
    },
    {
      "$type": "ThunderRoad.AreaData+AreaConnection, ThunderRoad",
      "connectionTypeIdContainerList": [
        {
          "$type": "ThunderRoad.AreaData+AreaConnectionTypeIdContainer, ThunderRoad",
          "dataId": "DA_Cave"
        },
        {
          "$type": "ThunderRoad.AreaData+AreaConnectionTypeIdContainer, ThunderRoad",
          "dataId": "DA_Interior"
        }
      ],
      "overrideBlockerTableAdress": {
        "$type": "ThunderRoad.AreaConnectionTypeData+PrefabAdressTable, ThunderRoad",
        "drops": []
      },
      "position": {
        "x": 0.0,
        "y": -0.93,
        "z": 9.0
      },
      "face": "Back",
      "fakeViewAddress": "Bas.Area.DA_Std_UndergroundLake.FakeView.1"
    }
  ],
  "areaGlobalParameters": [
    {
      "$type": "ThunderRoad.AreaOceanGlobalParameter, ThunderRoad",
      "visibleFromGate": true
    }
  ],
  "groupPath": "Dalgarian/Standard"
}