{
  "$type": "ThunderRoad.AreaData, ThunderRoad",
  "id": "GL_Std_Castle_CliffTerrace",
  "sensitiveContent": "None",
  "sensitiveFilterBehaviour": "Discard",
  "version": 0,
  "isUnique": true,
  "areaPrefabAddress": "Bas.Area.GL_Std_Castle_CliffTerrace",
  "lightingPresetAddress": "Bas.Area.GL_Std_Castle_CliffTerrace.LightingPreset",
  "cullingAddress": "Bas.Area.GL_Std_Castle_CliffTerrace.CullData",
  "Bounds": {
    "$type": "UnityEngine.Bounds, UnityEngine.CoreModule",
    "center": {
      "x": 69.5524139,
      "y": 15.7803631,
      "z": 34.56249
    },
    "size": {
      "x": 59.97519,
      "y": 59.0041733,
      "z": 85.50752
    },
    "extents": {
      "x": 29.9875946,
      "y": 29.5020866,
      "z": 42.75376
    },
    "min": {
      "x": 39.56482,
      "y": -13.7217236,
      "z": -8.191273
    },
    "max": {
      "x": 99.54001,
      "y": 45.2824478,
      "z": 77.31625
    }
  },
  "allowedRotation": [
    "Front",
    "Back",
    "Left",
    "Right"
  ],
  "connections": [
    {
      "$type": "ThunderRoad.AreaData+AreaConnection, ThunderRoad",
      "connectionTypeIdContainerList": [
        {
          "$type": "ThunderRoad.AreaData+AreaConnectionTypeIdContainer, ThunderRoad",
          "dataId": "GL_Interior"
        }
      ],
      "overrideBlockerTableAdress": {
        "$type": "ThunderRoad.AreaConnectionTypeData+PrefabAdressTable, ThunderRoad",
        "drops": []
      },
      "position": {
        "x": 99.54,
        "y": 29.6938171,
        "z": 35.1630821
      },
      "face": "Right",
      "fakeViewAddress": "Bas.Area.GL_Std_Castle_CliffTerrace.FakeView.0"
    },
    {
      "$type": "ThunderRoad.AreaData+AreaConnection, ThunderRoad",
      "connectionTypeIdContainerList": [
        {
          "$type": "ThunderRoad.AreaData+AreaConnectionTypeIdContainer, ThunderRoad",
          "dataId": "GL_Interior"
        }
      ],
      "overrideBlockerTableAdress": {
        "$type": "ThunderRoad.AreaConnectionTypeData+PrefabAdressTable, ThunderRoad",
        "drops": []
      },
      "position": {
        "x": 89.526,
        "y": 25.7120552,
        "z": 77.316246
      },
      "face": "Front",
      "fakeViewAddress": "Bas.Area.GL_Std_Castle_CliffTerrace.FakeView.1"
    }
  ],
  "areaGlobalParameters": [
    {
      "$type": "ThunderRoad.AreaOceanGlobalParameter, ThunderRoad",
      "visibleFromGate": true
    },
    {
      "$type": "ThunderRoad.AreaSunGlobalParameter, ThunderRoad",
      "dirLightColor": {
        "r": 1.0,
        "g": 0.9221617,
        "b": 0.8066038,
        "a": 1.0
      },
      "dirLightIntensity": 3.2,
      "dirLightIndirectMultiplier": 1.2,
      "directionalLightLocalRotation": {
        "x": 0.5910129,
        "y": -0.2310514,
        "z": 0.7380816,
        "w": 0.2292479
      },
      "visibleFromGate": true
    }
  ],
  "groupPath": "Outpost/Standard"
}