{
  "$type": "ThunderRoad.AreaData, ThunderRoad",
  "id": "GL_XSTransi_Castle_11",
  "sensitiveContent": "None",
  "sensitiveFilterBehaviour": "Discard",
  "version": 0,
  "isUnique": true,
  "areaPrefabAddress": "Bas.Area.GL_XSTransi_Castle_11",
  "lightingPresetAddress": "Bas.Area.GL_XSTransi_Castle_11.LightingPreset",
  "cullingAddress": "Bas.Area.GL_XSTransi_Castle_11.CullData",
  "Bounds": {
    "$type": "UnityEngine.Bounds, UnityEngine.CoreModule",
    "center": {
      "x": 2.82413864,
      "y": 4.95046949,
      "z": 9.0
    },
    "size": {
      "x": 14.3017387,
      "y": 10.1243553,
      "z": 26.0
    },
    "extents": {
      "x": 7.15086937,
      "y": 5.06217766,
      "z": 13.0
    },
    "min": {
      "x": -4.32673073,
      "y": -0.111708164,
      "z": -4.0
    },
    "max": {
      "x": 9.975008,
      "y": 10.0126476,
      "z": 22.0
    }
  },
  "allowedRotation": [
    "Front",
    "Back",
    "Left",
    "Right"
  ],
  "connections": [
    {
      "$type": "ThunderRoad.AreaData+AreaConnection, ThunderRoad",
      "connectionTypeIdContainerList": [
        {
          "$type": "ThunderRoad.AreaData+AreaConnectionTypeIdContainer, ThunderRoad",
          "dataId": "GL_Interior"
        }
      ],
      "overrideBlockerTableAdress": {
        "$type": "ThunderRoad.AreaConnectionTypeData+PrefabAdressTable, ThunderRoad",
        "drops": []
      },
      "position": {
        "x": 3.19033825E-05,
        "y": 0.0,
        "z": -4.0
      },
      "face": "Back",
      "fakeViewAddress": "Bas.Area.GL_XSTransi_Castle_11.FakeView.0"
    },
    {
      "$type": "ThunderRoad.AreaData+AreaConnection, ThunderRoad",
      "connectionTypeIdContainerList": [
        {
          "$type": "ThunderRoad.AreaData+AreaConnectionTypeIdContainer, ThunderRoad",
          "dataId": "GL_Interior"
        }
      ],
      "overrideBlockerTableAdress": {
        "$type": "ThunderRoad.AreaConnectionTypeData+PrefabAdressTable, ThunderRoad",
        "drops": []
      },
      "position": {
        "x": 0.0,
        "y": 0.0,
        "z": 22.0
      },
      "face": "Front",
      "fakeViewAddress": "Bas.Area.GL_XSTransi_Castle_11.FakeView.1"
    }
  ],
  "areaGlobalParameters": [],
  "groupPath": "Outpost/XSTransi"
}