{
  "$type": "ThunderRoad.AreaData, ThunderRoad",
  "id": "DA_Parkour_BrokenBridge",
  "sensitiveContent": "None",
  "sensitiveFilterBehaviour": "Discard",
  "version": 0,
  "isUnique": true,
  "areaPrefabAddress": "Bas.Area.DA_Parkour_BrokenBridge",
  "lightingPresetAddress": "Bas.Area.DA_Parkour_BrokenBridge.LightingPreset",
  "cullingAddress": "Bas.Area.DA_Parkour_BrokenBridge.CullData",
  "Bounds": {
    "$type": "UnityEngine.Bounds, UnityEngine.CoreModule",
    "center": {
      "x": -157.287659,
      "y": 90.15721,
      "z": 19.9159164
    },
    "size": {
      "x": 843.869263,
      "y": 478.5916,
      "z": 176.068146
    },
    "extents": {
      "x": 421.934631,
      "y": 239.2958,
      "z": 88.03407
    },
    "min": {
      "x": -579.2223,
      "y": -149.1386,
      "z": -68.11816
    },
    "max": {
      "x": 264.646973,
      "y": 329.453,
      "z": 107.949989
    }
  },
  "allowedRotation": [
    "Front",
    "Back",
    "Left",
    "Right"
  ],
  "connections": [
    {
      "$type": "ThunderRoad.AreaData+AreaConnection, ThunderRoad",
      "connectionTypeIdContainerList": [
        {
          "$type": "ThunderRoad.AreaData+AreaConnectionTypeIdContainer, ThunderRoad",
          "dataId": "DA_Cave"
        },
        {
          "$type": "ThunderRoad.AreaData+AreaConnectionTypeIdContainer, ThunderRoad",
          "dataId": "DA_Interior"
        }
      ],
      "overrideBlockerTableAdress": {
        "$type": "ThunderRoad.AreaConnectionTypeData+PrefabAdressTable, ThunderRoad",
        "drops": []
      },
      "position": {
        "x": 24.36,
        "y": 17.6,
        "z": 107.95
      },
      "face": "Front",
      "fakeViewAddress": "Bas.Area.DA_Parkour_BrokenBridge.FakeView.0"
    },
    {
      "$type": "ThunderRoad.AreaData+AreaConnection, ThunderRoad",
      "connectionTypeIdContainerList": [
        {
          "$type": "ThunderRoad.AreaData+AreaConnectionTypeIdContainer, ThunderRoad",
          "dataId": "DA_Cave"
        },
        {
          "$type": "ThunderRoad.AreaData+AreaConnectionTypeIdContainer, ThunderRoad",
          "dataId": "DA_Interior"
        }
      ],
      "overrideBlockerTableAdress": {
        "$type": "ThunderRoad.AreaConnectionTypeData+PrefabAdressTable, ThunderRoad",
        "drops": []
      },
      "position": {
        "x": -68.13885,
        "y": 83.15,
        "z": -68.11816
      },
      "face": "Back",
      "fakeViewAddress": "Bas.Area.DA_Parkour_BrokenBridge.FakeView.1"
    }
  ],
  "areaGlobalParameters": [],
  "groupPath": "Dalgarian/Parkour"
}