{
  "$type": "ThunderRoad.AreaData, ThunderRoad",
  "id": "DA_Std_Refinary",
  "sensitiveContent": "None",
  "sensitiveFilterBehaviour": "Discard",
  "version": 0,
  "isUnique": true,
  "areaPrefabAddress": "Bas.Area.DA_Std_Refinary",
  "lightingPresetAddress": "Bas.Area.DA_Std_Refinary.LightingPreset",
  "cullingAddress": "Bas.Area.DA_Std_Refinary.CullData",
  "Bounds": {
    "$type": "UnityEngine.Bounds, UnityEngine.CoreModule",
    "center": {
      "x": 11.34399,
      "y": 54.2140846,
      "z": 10.5851631
    },
    "size": {
      "x": 119.680611,
      "y": 170.30809,
      "z": 67.7
    },
    "extents": {
      "x": 59.8403053,
      "y": 85.1540451,
      "z": 33.85
    },
    "min": {
      "x": -48.496315,
      "y": -30.93996,
      "z": -23.2648354
    },
    "max": {
      "x": 71.1842957,
      "y": 139.368134,
      "z": 44.43516
    }
  },
  "allowedRotation": [
    "Front",
    "Back",
    "Left",
    "Right"
  ],
  "connections": [
    {
      "$type": "ThunderRoad.AreaData+AreaConnection, ThunderRoad",
      "connectionTypeIdContainerList": [
        {
          "$type": "ThunderRoad.AreaData+AreaConnectionTypeIdContainer, ThunderRoad",
          "dataId": "DA_Cave"
        },
        {
          "$type": "ThunderRoad.AreaData+AreaConnectionTypeIdContainer, ThunderRoad",
          "dataId": "DA_Interior"
        }
      ],
      "overrideBlockerTableAdress": {
        "$type": "ThunderRoad.AreaConnectionTypeData+PrefabAdressTable, ThunderRoad",
        "drops": []
      },
      "position": {
        "x": -14.5863152,
        "y": -19.819,
        "z": 44.4351654
      },
      "face": "Front",
      "fakeViewAddress": "Bas.Area.DA_Std_Refinary.FakeView.0"
    },
    {
      "$type": "ThunderRoad.AreaData+AreaConnection, ThunderRoad",
      "connectionTypeIdContainerList": [
        {
          "$type": "ThunderRoad.AreaData+AreaConnectionTypeIdContainer, ThunderRoad",
          "dataId": "DA_Cave"
        },
        {
          "$type": "ThunderRoad.AreaData+AreaConnectionTypeIdContainer, ThunderRoad",
          "dataId": "DA_Interior"
        }
      ],
      "overrideBlockerTableAdress": {
        "$type": "ThunderRoad.AreaConnectionTypeData+PrefabAdressTable, ThunderRoad",
        "drops": []
      },
      "position": {
        "x": 36.2636871,
        "y": -2.71899986,
        "z": -23.2648354
      },
      "face": "Back",
      "fakeViewAddress": "Bas.Area.DA_Std_Refinary.FakeView.1"
    },
    {
      "$type": "ThunderRoad.AreaData+AreaConnection, ThunderRoad",
      "connectionTypeIdContainerList": [
        {
          "$type": "ThunderRoad.AreaData+AreaConnectionTypeIdContainer, ThunderRoad",
          "dataId": "DA_Cave"
        },
        {
          "$type": "ThunderRoad.AreaData+AreaConnectionTypeIdContainer, ThunderRoad",
          "dataId": "DA_Interior"
        }
      ],
      "overrideBlockerTableAdress": {
        "$type": "ThunderRoad.AreaConnectionTypeData+PrefabAdressTable, ThunderRoad",
        "drops": []
      },
      "position": {
        "x": -48.496315,
        "y": -4.359,
        "z": -10.4648352
      },
      "face": "Left",
      "fakeViewAddress": "Bas.Area.DA_Std_Refinary.FakeView.2"
    }
  ],
  "areaGlobalParameters": [],
  "groupPath": "Dalgarian/Standard"
}