{
  "$type": "ThunderRoad.AreaData, ThunderRoad",
  "id": "GL_Transi_Castle_RopeTraverse",
  "sensitiveContent": "None",
  "sensitiveFilterBehaviour": "Discard",
  "version": 0,
  "isUnique": true,
  "areaPrefabAddress": "Bas.Area.GL_Transi_Castle_RopeTraverse",
  "lightingPresetAddress": "Bas.Area.GL_Transi_Castle_RopeTraverse.LightingPreset",
  "cullingAddress": "Bas.Area.GL_Transi_Castle_RopeTraverse.CullData",
  "Bounds": {
    "$type": "UnityEngine.Bounds, UnityEngine.CoreModule",
    "center": {
      "x": -0.07800007,
      "y": 1.89454079,
      "z": -15.87451
    },
    "size": {
      "x": 29.844,
      "y": 37.9370728,
      "z": 32.2714424
    },
    "extents": {
      "x": 14.922,
      "y": 18.9685364,
      "z": 16.1357212
    },
    "min": {
      "x": -15.0,
      "y": -17.0739956,
      "z": -32.01023
    },
    "max": {
      "x": 14.844,
      "y": 20.8630772,
      "z": 0.2612114
    }
  },
  "allowedRotation": [
    "Front",
    "Back",
    "Left",
    "Right"
  ],
  "connections": [
    {
      "$type": "ThunderRoad.AreaData+AreaConnection, ThunderRoad",
      "connectionTypeIdContainerList": [
        {
          "$type": "ThunderRoad.AreaData+AreaConnectionTypeIdContainer, ThunderRoad",
          "dataId": "GL_Interior"
        }
      ],
      "overrideBlockerTableAdress": {
        "$type": "ThunderRoad.AreaConnectionTypeData+PrefabAdressTable, ThunderRoad",
        "drops": []
      },
      "position": {
        "x": 14.844,
        "y": -5.0,
        "z": -15.0
      },
      "face": "Right",
      "fakeViewAddress": "Bas.Area.GL_Transi_Castle_RopeTraverse.FakeView.0"
    },
    {
      "$type": "ThunderRoad.AreaData+AreaConnection, ThunderRoad",
      "connectionTypeIdContainerList": [
        {
          "$type": "ThunderRoad.AreaData+AreaConnectionTypeIdContainer, ThunderRoad",
          "dataId": "GL_Interior"
        }
      ],
      "overrideBlockerTableAdress": {
        "$type": "ThunderRoad.AreaConnectionTypeData+PrefabAdressTable, ThunderRoad",
        "drops": []
      },
      "position": {
        "x": -15.0,
        "y": -5.0,
        "z": -15.0
      },
      "face": "Left",
      "fakeViewAddress": "Bas.Area.GL_Transi_Castle_RopeTraverse.FakeView.1"
    }
  ],
  "areaGlobalParameters": [
    {
      "$type": "ThunderRoad.AreaSunGlobalParameter, ThunderRoad",
      "dirLightColor": {
        "r": 1.0,
        "g": 0.956862748,
        "b": 0.8392157,
        "a": 1.0
      },
      "dirLightIntensity": 3.0,
      "dirLightIndirectMultiplier": 2.0,
      "directionalLightLocalRotation": {
        "x": -0.47032,
        "y": 0.308467031,
        "z": -0.715991,
        "w": -0.413526475
      },
      "visibleFromGate": true
    }
  ],
  "groupPath": "Outpost/Transi"
}