{
  "$type": "ThunderRoad.AreaData, ThunderRoad",
  "id": "GL_Std_Castle_SmallGarden",
  "sensitiveContent": "None",
  "sensitiveFilterBehaviour": "Discard",
  "version": 0,
  "isUnique": true,
  "areaPrefabAddress": "Bas.Area.GL_Std_Castle_SmallGarden",
  "lightingPresetAddress": "Bas.Area.GL_Std_Castle_SmallGarden.LightingPreset",
  "cullingAddress": "Bas.Area.GL_Std_Castle_SmallGarden.CullData",
  "Bounds": {
    "$type": "UnityEngine.Bounds, UnityEngine.CoreModule",
    "center": {
      "x": 4.391653,
      "y": 12.010232,
      "z": -3.23971748
    },
    "size": {
      "x": 45.5833054,
      "y": 34.4275436,
      "z": 33.479435
    },
    "extents": {
      "x": 22.7916527,
      "y": 17.2137718,
      "z": 16.7397175
    },
    "min": {
      "x": -18.4,
      "y": -5.20354,
      "z": -19.979435
    },
    "max": {
      "x": 27.1833057,
      "y": 29.2240028,
      "z": 13.5
    }
  },
  "allowedRotation": [
    "Front",
    "Back",
    "Left",
    "Right"
  ],
  "connections": [
    {
      "$type": "ThunderRoad.AreaData+AreaConnection, ThunderRoad",
      "connectionTypeIdContainerList": [
        {
          "$type": "ThunderRoad.AreaData+AreaConnectionTypeIdContainer, ThunderRoad",
          "dataId": "GL_Cave"
        }
      ],
      "overrideBlockerTableAdress": {
        "$type": "ThunderRoad.AreaConnectionTypeData+PrefabAdressTable, ThunderRoad",
        "drops": []
      },
      "position": {
        "x": 13.057,
        "y": -1.678,
        "z": 13.5
      },
      "face": "Front",
      "fakeViewAddress": "Bas.Area.GL_Std_Castle_SmallGarden.FakeView.0"
    },
    {
      "$type": "ThunderRoad.AreaData+AreaConnection, ThunderRoad",
      "connectionTypeIdContainerList": [
        {
          "$type": "ThunderRoad.AreaData+AreaConnectionTypeIdContainer, ThunderRoad",
          "dataId": "GL_Interior"
        }
      ],
      "overrideBlockerTableAdress": {
        "$type": "ThunderRoad.AreaConnectionTypeData+PrefabAdressTable, ThunderRoad",
        "drops": []
      },
      "position": {
        "x": -18.4,
        "y": -1.62587738,
        "z": -13.203001
      },
      "face": "Left",
      "fakeViewAddress": "Bas.Area.GL_Std_Castle_SmallGarden.FakeView.1"
    },
    {
      "$type": "ThunderRoad.AreaData+AreaConnection, ThunderRoad",
      "connectionTypeIdContainerList": [
        {
          "$type": "ThunderRoad.AreaData+AreaConnectionTypeIdContainer, ThunderRoad",
          "dataId": "GL_Interior"
        }
      ],
      "overrideBlockerTableAdress": {
        "$type": "ThunderRoad.AreaConnectionTypeData+PrefabAdressTable, ThunderRoad",
        "drops": []
      },
      "position": {
        "x": 15.63176,
        "y": 3.341,
        "z": -19.979435
      },
      "face": "Back",
      "fakeViewAddress": "Bas.Area.GL_Std_Castle_SmallGarden.FakeView.2"
    }
  ],
  "areaGlobalParameters": [
    {
      "$type": "ThunderRoad.AreaSunGlobalParameter, ThunderRoad",
      "dirLightColor": {
        "r": 1.0,
        "g": 0.956862748,
        "b": 0.8392157,
        "a": 1.0
      },
      "dirLightIntensity": 2.6,
      "dirLightIndirectMultiplier": 2.0,
      "directionalLightLocalRotation": {
        "x": -0.476912141,
        "y": 0.496211767,
        "z": -0.6151816,
        "w": -0.3845522
      },
      "visibleFromGate": true
    }
  ],
  "groupPath": "Outpost/Standard"
}