{
  "$type": "ThunderRoad.AreaData, ThunderRoad",
  "id": "GL_Transi_xGrass&Cave_Granary",
  "sensitiveContent": "None",
  "sensitiveFilterBehaviour": "Discard",
  "version": 0,
  "isUnique": true,
  "areaPrefabAddress": "Bas.Area.GL_Transi_xGrass&Cave_Granary",
  "lightingPresetAddress": "Bas.Area.GL_Transi_xGrass&Cave_Granary.LightingPreset",
  "cullingAddress": "Bas.Area.GL_Transi_xGrass&Cave_Granary.CullData",
  "Bounds": {
    "$type": "UnityEngine.Bounds, UnityEngine.CoreModule",
    "center": {
      "x": -3.88838959,
      "y": 6.9664526,
      "z": 13.9369993
    },
    "size": {
      "x": 29.59517,
      "y": 23.67292,
      "z": 28.126
    },
    "extents": {
      "x": 14.7975845,
      "y": 11.83646,
      "z": 14.063
    },
    "min": {
      "x": -18.6859741,
      "y": -4.87000751,
      "z": -0.1260004
    },
    "max": {
      "x": 10.9091949,
      "y": 18.8029137,
      "z": 28.0
    }
  },
  "allowedRotation": [
    "Front",
    "Back",
    "Left",
    "Right"
  ],
  "connections": [
    {
      "$type": "ThunderRoad.AreaData+AreaConnection, ThunderRoad",
      "connectionTypeIdContainerList": [
        {
          "$type": "ThunderRoad.AreaData+AreaConnectionTypeIdContainer, ThunderRoad",
          "dataId": "GL_Cave"
        },
        {
          "$type": "ThunderRoad.AreaData+AreaConnectionTypeIdContainer, ThunderRoad",
          "dataId": "GL_Interior"
        }
      ],
      "overrideBlockerTableAdress": {
        "$type": "ThunderRoad.AreaConnectionTypeData+PrefabAdressTable, ThunderRoad",
        "drops": []
      },
      "position": {
        "x": 3.5,
        "y": 0.5,
        "z": 28.0
      },
      "face": "Front",
      "fakeViewAddress": "Bas.Area.GL_Transi_xGrass&Cave_Granary.FakeView.0"
    },
    {
      "$type": "ThunderRoad.AreaData+AreaConnection, ThunderRoad",
      "connectionTypeIdContainerList": [
        {
          "$type": "ThunderRoad.AreaData+AreaConnectionTypeIdContainer, ThunderRoad",
          "dataId": "GL_Cave"
        },
        {
          "$type": "ThunderRoad.AreaData+AreaConnectionTypeIdContainer, ThunderRoad",
          "dataId": "GL_Interior"
        }
      ],
      "overrideBlockerTableAdress": {
        "$type": "ThunderRoad.AreaConnectionTypeData+PrefabAdressTable, ThunderRoad",
        "drops": []
      },
      "position": {
        "x": -2.0,
        "y": 0.004,
        "z": -0.126
      },
      "face": "Back",
      "fakeViewAddress": "Bas.Area.GL_Transi_xGrass&Cave_Granary.FakeView.1"
    }
  ],
  "areaGlobalParameters": [
    {
      "$type": "ThunderRoad.AreaSunGlobalParameter, ThunderRoad",
      "dirLightColor": {
        "r": 1.0,
        "g": 0.92860955,
        "b": 0.7798742,
        "a": 1.0
      },
      "dirLightIntensity": 4.0,
      "dirLightIndirectMultiplier": 2.0,
      "directionalLightLocalRotation": {
        "x": 0.398437321,
        "y": 0.0359674729,
        "z": 0.14942719,
        "w": 0.904226542
      },
      "visibleFromGate": true
    }
  ],
  "groupPath": "Outpost/Transi"
}