{
  "$type": "ThunderRoad.AreaData, ThunderRoad",
  "id": "DA_Parkour_MiningHub",
  "sensitiveContent": "None",
  "sensitiveFilterBehaviour": "Discard",
  "version": 0,
  "isUnique": true,
  "areaPrefabAddress": "Bas.Area.DA_Parkour_MiningHub",
  "lightingPresetAddress": "Bas.Area.DA_Parkour_MiningHub.LightingPreset",
  "cullingAddress": "Bas.Area.DA_Parkour_MiningHub.CullData",
  "Bounds": {
    "$type": "UnityEngine.Bounds, UnityEngine.CoreModule",
    "center": {
      "x": -6.174999,
      "y": 7.26591873,
      "z": -4.48045349
    },
    "size": {
      "x": 67.75,
      "y": 79.353714,
      "z": 135.94902
    },
    "extents": {
      "x": 33.875,
      "y": 39.676857,
      "z": 67.97451
    },
    "min": {
      "x": -40.05,
      "y": -32.41094,
      "z": -72.45496
    },
    "max": {
      "x": 27.7,
      "y": 46.9427757,
      "z": 63.4940567
    }
  },
  "allowedRotation": [
    "Front",
    "Back",
    "Left",
    "Right"
  ],
  "connections": [
    {
      "$type": "ThunderRoad.AreaData+AreaConnection, ThunderRoad",
      "connectionTypeIdContainerList": [
        {
          "$type": "ThunderRoad.AreaData+AreaConnectionTypeIdContainer, ThunderRoad",
          "dataId": "DA_Cave"
        },
        {
          "$type": "ThunderRoad.AreaData+AreaConnectionTypeIdContainer, ThunderRoad",
          "dataId": "DA_Interior"
        }
      ],
      "overrideBlockerTableAdress": {
        "$type": "ThunderRoad.AreaConnectionTypeData+PrefabAdressTable, ThunderRoad",
        "drops": []
      },
      "position": {
        "x": 27.7,
        "y": -18.03,
        "z": -20.88
      },
      "face": "Right",
      "fakeViewAddress": "Bas.Area.DA_Parkour_MiningHub.FakeView.0"
    },
    {
      "$type": "ThunderRoad.AreaData+AreaConnection, ThunderRoad",
      "connectionTypeIdContainerList": [
        {
          "$type": "ThunderRoad.AreaData+AreaConnectionTypeIdContainer, ThunderRoad",
          "dataId": "DA_Cave"
        },
        {
          "$type": "ThunderRoad.AreaData+AreaConnectionTypeIdContainer, ThunderRoad",
          "dataId": "DA_Interior"
        }
      ],
      "overrideBlockerTableAdress": {
        "$type": "ThunderRoad.AreaConnectionTypeData+PrefabAdressTable, ThunderRoad",
        "drops": []
      },
      "position": {
        "x": -40.05,
        "y": -20.24,
        "z": 5.75
      },
      "face": "Left",
      "fakeViewAddress": "Bas.Area.DA_Parkour_MiningHub.FakeView.1"
    }
  ],
  "areaGlobalParameters": [],
  "groupPath": "Dalgarian/Parkour"
}