{
  "$type": "ThunderRoad.AreaData, ThunderRoad",
  "id": "GL_Transi_xC&C_03",
  "sensitiveContent": "None",
  "sensitiveFilterBehaviour": "Discard",
  "version": 0,
  "isUnique": true,
  "areaPrefabAddress": "Bas.Area.GL_Transi_xC&C_03",
  "lightingPresetAddress": "Bas.Area.GL_Transi_xC&C_03.LightingPreset",
  "cullingAddress": "Bas.Area.GL_Transi_xC&C_03.CullData",
  "Bounds": {
    "$type": "UnityEngine.Bounds, UnityEngine.CoreModule",
    "center": {
      "x": -4.14462852,
      "y": -7.678672,
      "z": -17.125
    },
    "size": {
      "x": 21.710743,
      "y": 17.3577442,
      "z": 17.75
    },
    "extents": {
      "x": 10.8553715,
      "y": 8.678872,
      "z": 8.875
    },
    "min": {
      "x": -15.0,
      "y": -16.3575439,
      "z": -26.0
    },
    "max": {
      "x": 6.710743,
      "y": 1.00020027,
      "z": -8.25
    }
  },
  "allowedRotation": [
    "Front",
    "Back",
    "Left",
    "Right"
  ],
  "connections": [
    {
      "$type": "ThunderRoad.AreaData+AreaConnection, ThunderRoad",
      "connectionTypeIdContainerList": [
        {
          "$type": "ThunderRoad.AreaData+AreaConnectionTypeIdContainer, ThunderRoad",
          "dataId": "GL_Interior"
        }
      ],
      "overrideBlockerTableAdress": {
        "$type": "ThunderRoad.AreaConnectionTypeData+PrefabAdressTable, ThunderRoad",
        "drops": []
      },
      "position": {
        "x": -15.0,
        "y": -5.0,
        "z": -15.0
      },
      "face": "Left",
      "fakeViewAddress": "Bas.Area.GL_Transi_xC&C_03.FakeView.0"
    },
    {
      "$type": "ThunderRoad.AreaData+AreaConnection, ThunderRoad",
      "connectionTypeIdContainerList": [
        {
          "$type": "ThunderRoad.AreaData+AreaConnectionTypeIdContainer, ThunderRoad",
          "dataId": "GL_Cave"
        }
      ],
      "overrideBlockerTableAdress": {
        "$type": "ThunderRoad.AreaConnectionTypeData+PrefabAdressTable, ThunderRoad",
        "drops": []
      },
      "position": {
        "x": 2.5,
        "y": -13.75,
        "z": -26.0
      },
      "face": "Back",
      "fakeViewAddress": "Bas.Area.GL_Transi_xC&C_03.FakeView.1"
    },
    {
      "$type": "ThunderRoad.AreaData+AreaConnection, ThunderRoad",
      "connectionTypeIdContainerList": [
        {
          "$type": "ThunderRoad.AreaData+AreaConnectionTypeIdContainer, ThunderRoad",
          "dataId": "GL_Cave"
        }
      ],
      "overrideBlockerTableAdress": {
        "$type": "ThunderRoad.AreaConnectionTypeData+PrefabAdressTable, ThunderRoad",
        "drops": []
      },
      "position": {
        "x": -8.25,
        "y": -12.25,
        "z": -8.25
      },
      "face": "Front",
      "fakeViewAddress": "Bas.Area.GL_Transi_xC&C_03.FakeView.2"
    }
  ],
  "areaGlobalParameters": [],
  "groupPath": "Outpost/Transi"
}