{
  "$type": "ThunderRoad.AreaData, ThunderRoad",
  "id": "DA_XSTransi_UrbanTunnel",
  "sensitiveContent": "None",
  "sensitiveFilterBehaviour": "Discard",
  "version": 0,
  "isUnique": true,
  "areaPrefabAddress": "Bas.Area.DA_XSTransi_UrbanTunnel",
  "lightingPresetAddress": "Bas.Area.DA_XSTransi_UrbanTunnel.LightingPreset",
  "cullingAddress": "Bas.Area.DA_XSTransi_UrbanTunnel.CullData",
  "Bounds": {
    "$type": "UnityEngine.Bounds, UnityEngine.CoreModule",
    "center": {
      "x": 51.2533875,
      "y": 47.0301247,
      "z": -20.344059
    },
    "size": {
      "x": 110.506775,
      "y": 120.51619,
      "z": 95.81188
    },
    "extents": {
      "x": 55.2533875,
      "y": 60.2580948,
      "z": 47.90594
    },
    "min": {
      "x": -4.0,
      "y": -13.22797,
      "z": -68.25
    },
    "max": {
      "x": 106.506775,
      "y": 107.288223,
      "z": 27.561882
    }
  },
  "allowedRotation": [
    "Front",
    "Back",
    "Left",
    "Right"
  ],
  "connections": [
    {
      "$type": "ThunderRoad.AreaData+AreaConnection, ThunderRoad",
      "connectionTypeIdContainerList": [
        {
          "$type": "ThunderRoad.AreaData+AreaConnectionTypeIdContainer, ThunderRoad",
          "dataId": "DA_Cave"
        },
        {
          "$type": "ThunderRoad.AreaData+AreaConnectionTypeIdContainer, ThunderRoad",
          "dataId": "DA_Interior"
        }
      ],
      "overrideBlockerTableAdress": {
        "$type": "ThunderRoad.AreaConnectionTypeData+PrefabAdressTable, ThunderRoad",
        "drops": []
      },
      "position": {
        "x": 12.4000006,
        "y": 8.0,
        "z": -68.25
      },
      "face": "Back",
      "fakeViewAddress": "Bas.Area.DA_XSTransi_UrbanTunnel.FakeView.0"
    },
    {
      "$type": "ThunderRoad.AreaData+AreaConnection, ThunderRoad",
      "connectionTypeIdContainerList": [
        {
          "$type": "ThunderRoad.AreaData+AreaConnectionTypeIdContainer, ThunderRoad",
          "dataId": "DA_Cave"
        },
        {
          "$type": "ThunderRoad.AreaData+AreaConnectionTypeIdContainer, ThunderRoad",
          "dataId": "DA_Interior"
        }
      ],
      "overrideBlockerTableAdress": {
        "$type": "ThunderRoad.AreaConnectionTypeData+PrefabAdressTable, ThunderRoad",
        "drops": []
      },
      "position": {
        "x": -4.0,
        "y": 0.0,
        "z": -1.3
      },
      "face": "Left",
      "fakeViewAddress": "Bas.Area.DA_XSTransi_UrbanTunnel.FakeView.1"
    }
  ],
  "areaGlobalParameters": [],
  "groupPath": "Dalgarian/XSTransi"
}