{
  "$type": "ThunderRoad.AreaData, ThunderRoad",
  "id": "DA_Transi_Cave1",
  "sensitiveContent": "None",
  "sensitiveFilterBehaviour": "Discard",
  "version": 0,
  "isUnique": true,
  "areaPrefabAddress": "Bas.Area.DA_Transi_Cave1",
  "lightingPresetAddress": "Bas.Area.DA_Transi_Cave1.LightingPreset",
  "cullingAddress": "Bas.Area.DA_Transi_Cave1.CullData",
  "Bounds": {
    "$type": "UnityEngine.Bounds, UnityEngine.CoreModule",
    "center": {
      "x": 13.8472214,
      "y": 25.8761234,
      "z": -21.2455
    },
    "size": {
      "x": 70.90555,
      "y": 88.442894,
      "z": 53.951
    },
    "extents": {
      "x": 35.452774,
      "y": 44.221447,
      "z": 26.9755
    },
    "min": {
      "x": -21.6055527,
      "y": -18.3453236,
      "z": -48.221
    },
    "max": {
      "x": 49.2999954,
      "y": 70.09757,
      "z": 5.72999954
    }
  },
  "allowedRotation": [
    "Front",
    "Back",
    "Left",
    "Right"
  ],
  "connections": [
    {
      "$type": "ThunderRoad.AreaData+AreaConnection, ThunderRoad",
      "connectionTypeIdContainerList": [
        {
          "$type": "ThunderRoad.AreaData+AreaConnectionTypeIdContainer, ThunderRoad",
          "dataId": "DA_Cave"
        },
        {
          "$type": "ThunderRoad.AreaData+AreaConnectionTypeIdContainer, ThunderRoad",
          "dataId": "DA_Interior"
        }
      ],
      "overrideBlockerTableAdress": {
        "$type": "ThunderRoad.AreaConnectionTypeData+PrefabAdressTable, ThunderRoad",
        "drops": []
      },
      "position": {
        "x": 49.3,
        "y": 7.45000029,
        "z": -31.27
      },
      "face": "Right",
      "fakeViewAddress": "Bas.Area.DA_Transi_Cave1.FakeView.0"
    },
    {
      "$type": "ThunderRoad.AreaData+AreaConnection, ThunderRoad",
      "connectionTypeIdContainerList": [
        {
          "$type": "ThunderRoad.AreaData+AreaConnectionTypeIdContainer, ThunderRoad",
          "dataId": "DA_Cave"
        },
        {
          "$type": "ThunderRoad.AreaData+AreaConnectionTypeIdContainer, ThunderRoad",
          "dataId": "DA_Interior"
        }
      ],
      "overrideBlockerTableAdress": {
        "$type": "ThunderRoad.AreaConnectionTypeData+PrefabAdressTable, ThunderRoad",
        "drops": []
      },
      "position": {
        "x": 1.3,
        "y": -4.6,
        "z": 5.73
      },
      "face": "Front",
      "fakeViewAddress": "Bas.Area.DA_Transi_Cave1.FakeView.1"
    },
    {
      "$type": "ThunderRoad.AreaData+AreaConnection, ThunderRoad",
      "connectionTypeIdContainerList": [
        {
          "$type": "ThunderRoad.AreaData+AreaConnectionTypeIdContainer, ThunderRoad",
          "dataId": "DA_Cave"
        },
        {
          "$type": "ThunderRoad.AreaData+AreaConnectionTypeIdContainer, ThunderRoad",
          "dataId": "DA_Interior"
        }
      ],
      "overrideBlockerTableAdress": {
        "$type": "ThunderRoad.AreaConnectionTypeData+PrefabAdressTable, ThunderRoad",
        "drops": []
      },
      "position": {
        "x": 16.295,
        "y": -16.6,
        "z": -48.221
      },
      "face": "Back",
      "fakeViewAddress": "Bas.Area.DA_Transi_Cave1.FakeView.2"
    }
  ],
  "areaGlobalParameters": [],
  "groupPath": "Dalgarian/Transi"
}