{
  "$type": "ThunderRoad.AreaData, ThunderRoad",
  "id": "GL_Transi_Castle_BelowTheBridge",
  "sensitiveContent": "None",
  "sensitiveFilterBehaviour": "Discard",
  "version": 0,
  "isUnique": true,
  "areaPrefabAddress": "Bas.Area.GL_Transi_Castle_BelowTheBridge",
  "lightingPresetAddress": "Bas.Area.GL_Transi_Castle_BelowTheBridge.LightingPreset",
  "cullingAddress": "Bas.Area.GL_Transi_Castle_BelowTheBridge.CullData",
  "Bounds": {
    "$type": "UnityEngine.Bounds, UnityEngine.CoreModule",
    "center": {
      "x": 3.45186234,
      "y": 7.888981,
      "z": 29.0117474
    },
    "size": {
      "x": 68.20969,
      "y": 65.49271,
      "z": 66.8420944
    },
    "extents": {
      "x": 34.1048431,
      "y": 32.7463531,
      "z": 33.4210472
    },
    "min": {
      "x": -30.65298,
      "y": -24.8573723,
      "z": -4.4093
    },
    "max": {
      "x": 37.5567055,
      "y": 40.635334,
      "z": 62.4327927
    }
  },
  "allowedRotation": [
    "Front",
    "Back",
    "Left",
    "Right"
  ],
  "connections": [
    {
      "$type": "ThunderRoad.AreaData+AreaConnection, ThunderRoad",
      "connectionTypeIdContainerList": [
        {
          "$type": "ThunderRoad.AreaData+AreaConnectionTypeIdContainer, ThunderRoad",
          "dataId": "GL_Cave"
        }
      ],
      "overrideBlockerTableAdress": {
        "$type": "ThunderRoad.AreaConnectionTypeData+PrefabAdressTable, ThunderRoad",
        "drops": []
      },
      "position": {
        "x": -0.5,
        "y": 0.0,
        "z": -4.4093
      },
      "face": "Back",
      "fakeViewAddress": "Bas.Area.GL_Transi_Castle_BelowTheBridge.FakeView.0"
    },
    {
      "$type": "ThunderRoad.AreaData+AreaConnection, ThunderRoad",
      "connectionTypeIdContainerList": [
        {
          "$type": "ThunderRoad.AreaData+AreaConnectionTypeIdContainer, ThunderRoad",
          "dataId": "GL_Cave"
        },
        {
          "$type": "ThunderRoad.AreaData+AreaConnectionTypeIdContainer, ThunderRoad",
          "dataId": "GL_Interior"
        }
      ],
      "overrideBlockerTableAdress": {
        "$type": "ThunderRoad.AreaConnectionTypeData+PrefabAdressTable, ThunderRoad",
        "drops": []
      },
      "position": {
        "x": 37.5567,
        "y": 1.0022,
        "z": 14.5
      },
      "face": "Right",
      "fakeViewAddress": "Bas.Area.GL_Transi_Castle_BelowTheBridge.FakeView.1"
    }
  ],
  "areaGlobalParameters": [
    {
      "$type": "ThunderRoad.AreaSunGlobalParameter, ThunderRoad",
      "dirLightColor": {
        "r": 1.0,
        "g": 0.9763767,
        "b": 0.911949635,
        "a": 1.0
      },
      "dirLightIntensity": 1.0,
      "dirLightIndirectMultiplier": 1.0,
      "directionalLightLocalRotation": {
        "x": 0.19075568,
        "y": -0.8745185,
        "z": 0.195137143,
        "w": 0.400938034
      },
      "visibleFromGate": true
    }
  ],
  "groupPath": "Outpost/Transi"
}