{
  "$type": "ThunderRoad.AreaData, ThunderRoad",
  "id": "GL_XSTransi_Castle_23",
  "sensitiveContent": "None",
  "sensitiveFilterBehaviour": "Discard",
  "version": 0,
  "isUnique": true,
  "areaPrefabAddress": "Bas.Area.GL_XSTransi_Castle_23",
  "lightingPresetAddress": "Bas.Area.GL_XSTransi_Castle_23.LightingPreset",
  "cullingAddress": "Bas.Area.GL_XSTransi_Castle_23.CullData",
  "Bounds": {
    "$type": "UnityEngine.Bounds, UnityEngine.CoreModule",
    "center": {
      "x": 0.225169182,
      "y": 0.371699572,
      "z": -9.295832
    },
    "size": {
      "x": 14.0183811,
      "y": 6.77818,
      "z": 23.574337
    },
    "extents": {
      "x": 7.00919056,
      "y": 3.38909,
      "z": 11.7871685
    },
    "min": {
      "x": -6.78402138,
      "y": -3.01739049,
      "z": -21.083
    },
    "max": {
      "x": 7.23435974,
      "y": 3.76078963,
      "z": 2.49133682
    }
  },
  "allowedRotation": [
    "Front",
    "Back",
    "Left",
    "Right"
  ],
  "connections": [
    {
      "$type": "ThunderRoad.AreaData+AreaConnection, ThunderRoad",
      "connectionTypeIdContainerList": [
        {
          "$type": "ThunderRoad.AreaData+AreaConnectionTypeIdContainer, ThunderRoad",
          "dataId": "GL_Interior"
        },
        {
          "$type": "ThunderRoad.AreaData+AreaConnectionTypeIdContainer, ThunderRoad",
          "dataId": "GL_Cave"
        }
      ],
      "overrideBlockerTableAdress": {
        "$type": "ThunderRoad.AreaConnectionTypeData+PrefabAdressTable, ThunderRoad",
        "drops": []
      },
      "position": {
        "x": 0.199,
        "y": -2.34887981,
        "z": -21.083
      },
      "face": "Back",
      "fakeViewAddress": "Bas.Area.GL_XSTransi_Castle_23.FakeView.0"
    },
    {
      "$type": "ThunderRoad.AreaData+AreaConnection, ThunderRoad",
      "connectionTypeIdContainerList": [
        {
          "$type": "ThunderRoad.AreaData+AreaConnectionTypeIdContainer, ThunderRoad",
          "dataId": "GL_Interior"
        }
      ],
      "overrideBlockerTableAdress": {
        "$type": "ThunderRoad.AreaConnectionTypeData+PrefabAdressTable, ThunderRoad",
        "drops": []
      },
      "position": {
        "x": 0.177999973,
        "y": -2.384,
        "z": 2.49133682
      },
      "face": "Front",
      "fakeViewAddress": "Bas.Area.GL_XSTransi_Castle_23.FakeView.1"
    }
  ],
  "areaGlobalParameters": [],
  "groupPath": "Outpost/XSTransi"
}