{
  "$type": "ThunderRoad.AreaData, ThunderRoad",
  "id": "GL_XSTransi_Castle_21",
  "sensitiveContent": "None",
  "sensitiveFilterBehaviour": "Discard",
  "version": 0,
  "isUnique": true,
  "areaPrefabAddress": "Bas.Area.GL_XSTransi_Castle_21",
  "lightingPresetAddress": "Bas.Area.GL_XSTransi_Castle_21.LightingPreset",
  "cullingAddress": "Bas.Area.GL_XSTransi_Castle_21.CullData",
  "Bounds": {
    "$type": "UnityEngine.Bounds, UnityEngine.CoreModule",
    "center": {
      "x": -9.765701,
      "y": 3.132003,
      "z": 4.006296
    },
    "size": {
      "x": 21.8100128,
      "y": 6.73600674,
      "z": 22.1855965
    },
    "extents": {
      "x": 10.9050064,
      "y": 3.36800337,
      "z": 11.0927982
    },
    "min": {
      "x": -20.6707077,
      "y": -0.2360003,
      "z": -7.086502
    },
    "max": {
      "x": 1.13930511,
      "y": 6.50000668,
      "z": 15.0990944
    }
  },
  "allowedRotation": [
    "Front",
    "Back",
    "Left",
    "Right"
  ],
  "connections": [
    {
      "$type": "ThunderRoad.AreaData+AreaConnection, ThunderRoad",
      "connectionTypeIdContainerList": [
        {
          "$type": "ThunderRoad.AreaData+AreaConnectionTypeIdContainer, ThunderRoad",
          "dataId": "GL_Interior"
        }
      ],
      "overrideBlockerTableAdress": {
        "$type": "ThunderRoad.AreaConnectionTypeData+PrefabAdressTable, ThunderRoad",
        "drops": []
      },
      "position": {
        "x": -13.737,
        "y": 2.02100015,
        "z": 15.0990944
      },
      "face": "Front",
      "fakeViewAddress": "Bas.Area.GL_XSTransi_Castle_21.FakeView.0"
    },
    {
      "$type": "ThunderRoad.AreaData+AreaConnection, ThunderRoad",
      "connectionTypeIdContainerList": [
        {
          "$type": "ThunderRoad.AreaData+AreaConnectionTypeIdContainer, ThunderRoad",
          "dataId": "GL_Interior"
        },
        {
          "$type": "ThunderRoad.AreaData+AreaConnectionTypeIdContainer, ThunderRoad",
          "dataId": "GL_Cave"
        }
      ],
      "overrideBlockerTableAdress": {
        "$type": "ThunderRoad.AreaConnectionTypeData+PrefabAdressTable, ThunderRoad",
        "drops": []
      },
      "position": {
        "x": -5.674,
        "y": 0.0140000582,
        "z": -7.086502
      },
      "face": "Back",
      "fakeViewAddress": "Bas.Area.GL_XSTransi_Castle_21.FakeView.1"
    }
  ],
  "areaGlobalParameters": [],
  "groupPath": "Outpost/XSTransi"
}