{
  "$type": "ThunderRoad.AreaData, ThunderRoad",
  "id": "GL_XSTransi_Castle_09",
  "sensitiveContent": "None",
  "sensitiveFilterBehaviour": "Discard",
  "version": 0,
  "isUnique": true,
  "areaPrefabAddress": "Bas.Area.GL_XSTransi_Castle_09",
  "lightingPresetAddress": "Bas.Area.GL_XSTransi_Castle_09.LightingPreset",
  "cullingAddress": "Bas.Area.GL_XSTransi_Castle_09.CullData",
  "Bounds": {
    "$type": "UnityEngine.Bounds, UnityEngine.CoreModule",
    "center": {
      "x": -0.25,
      "y": 3.17779851,
      "z": -7.874996
    },
    "size": {
      "x": 9.0,
      "y": 6.91780567,
      "z": 18.2500076
    },
    "extents": {
      "x": 4.5,
      "y": 3.45890284,
      "z": 9.125004
    },
    "min": {
      "x": -4.75,
      "y": -0.281104326,
      "z": -17.0
    },
    "max": {
      "x": 4.25,
      "y": 6.63670158,
      "z": 1.25000763
    }
  },
  "allowedRotation": [
    "Front",
    "Back",
    "Left",
    "Right"
  ],
  "connections": [
    {
      "$type": "ThunderRoad.AreaData+AreaConnection, ThunderRoad",
      "connectionTypeIdContainerList": [
        {
          "$type": "ThunderRoad.AreaData+AreaConnectionTypeIdContainer, ThunderRoad",
          "dataId": "GL_Interior"
        },
        {
          "$type": "ThunderRoad.AreaData+AreaConnectionTypeIdContainer, ThunderRoad",
          "dataId": "GL_Cave"
        }
      ],
      "overrideBlockerTableAdress": {
        "$type": "ThunderRoad.AreaConnectionTypeData+PrefabAdressTable, ThunderRoad",
        "drops": []
      },
      "position": {
        "x": -4.75,
        "y": 0.0,
        "z": -14.317
      },
      "face": "Left",
      "fakeViewAddress": "Bas.Area.GL_XSTransi_Castle_09.FakeView.0"
    },
    {
      "$type": "ThunderRoad.AreaData+AreaConnection, ThunderRoad",
      "connectionTypeIdContainerList": [
        {
          "$type": "ThunderRoad.AreaData+AreaConnectionTypeIdContainer, ThunderRoad",
          "dataId": "GL_Interior"
        },
        {
          "$type": "ThunderRoad.AreaData+AreaConnectionTypeIdContainer, ThunderRoad",
          "dataId": "GL_Cave"
        }
      ],
      "overrideBlockerTableAdress": {
        "$type": "ThunderRoad.AreaConnectionTypeData+PrefabAdressTable, ThunderRoad",
        "drops": []
      },
      "position": {
        "x": 4.25,
        "y": 0.0179,
        "z": -2.07
      },
      "face": "Right",
      "fakeViewAddress": "Bas.Area.GL_XSTransi_Castle_09.FakeView.1"
    }
  ],
  "areaGlobalParameters": [],
  "groupPath": "Outpost/XSTransi"
}