{
  "$type": "ThunderRoad.AreaData, ThunderRoad",
  "id": "GL_Arena_Castle_Library",
  "sensitiveContent": "None",
  "sensitiveFilterBehaviour": "Discard",
  "version": 0,
  "isUnique": true,
  "areaPrefabAddress": "Bas.Area.GL_Arena_Castle_Library",
  "lightingPresetAddress": "Bas.Area.GL_Arena_Castle_Library.LightingPreset",
  "cullingAddress": "Bas.Area.GL_Arena_Castle_Library.CullData",
  "Bounds": {
    "$type": "UnityEngine.Bounds, UnityEngine.CoreModule",
    "center": {
      "x": -22.0000038,
      "y": 6.75484371,
      "z": 15.5
    },
    "size": {
      "x": 44.0000076,
      "y": 21.518898,
      "z": 39.0
    },
    "extents": {
      "x": 22.0000038,
      "y": 10.759449,
      "z": 19.5
    },
    "min": {
      "x": -44.0000076,
      "y": -4.00460529,
      "z": -4.0
    },
    "max": {
      "x": 0.0,
      "y": 17.5142937,
      "z": 35.0
    }
  },
  "allowedRotation": [
    "Front",
    "Back",
    "Left",
    "Right"
  ],
  "connections": [
    {
      "$type": "ThunderRoad.AreaData+AreaConnection, ThunderRoad",
      "connectionTypeIdContainerList": [
        {
          "$type": "ThunderRoad.AreaData+AreaConnectionTypeIdContainer, ThunderRoad",
          "dataId": "GL_Interior"
        },
        {
          "$type": "ThunderRoad.AreaData+AreaConnectionTypeIdContainer, ThunderRoad",
          "dataId": "GL_Cave"
        }
      ],
      "overrideBlockerTableAdress": {
        "$type": "ThunderRoad.AreaConnectionTypeData+PrefabAdressTable, ThunderRoad",
        "drops": []
      },
      "position": {
        "x": 0.0,
        "y": 0.009,
        "z": 0.0
      },
      "face": "Right",
      "fakeViewAddress": "Bas.Area.GL_Arena_Castle_Library.FakeView.0"
    },
    {
      "$type": "ThunderRoad.AreaData+AreaConnection, ThunderRoad",
      "connectionTypeIdContainerList": [
        {
          "$type": "ThunderRoad.AreaData+AreaConnectionTypeIdContainer, ThunderRoad",
          "dataId": "GL_Interior"
        }
      ],
      "overrideBlockerTableAdress": {
        "$type": "ThunderRoad.AreaConnectionTypeData+PrefabAdressTable, ThunderRoad",
        "drops": []
      },
      "position": {
        "x": -24.0,
        "y": 2.0136,
        "z": -4.0
      },
      "face": "Back",
      "fakeViewAddress": "Bas.Area.GL_Arena_Castle_Library.FakeView.1"
    },
    {
      "$type": "ThunderRoad.AreaData+AreaConnection, ThunderRoad",
      "connectionTypeIdContainerList": [
        {
          "$type": "ThunderRoad.AreaData+AreaConnectionTypeIdContainer, ThunderRoad",
          "dataId": "GL_Interior"
        }
      ],
      "overrideBlockerTableAdress": {
        "$type": "ThunderRoad.AreaConnectionTypeData+PrefabAdressTable, ThunderRoad",
        "drops": []
      },
      "position": {
        "x": -12.0,
        "y": -2.9828,
        "z": 35.0
      },
      "face": "Front",
      "fakeViewAddress": "Bas.Area.GL_Arena_Castle_Library.FakeView.2"
    }
  ],
  "areaGlobalParameters": [],
  "groupPath": "Outpost/Arena"
}