{
  "$type": "ThunderRoad.AreaData, ThunderRoad",
  "id": "DA_Arena_TownSquare",
  "sensitiveContent": "None",
  "sensitiveFilterBehaviour": "Discard",
  "version": 0,
  "isUnique": true,
  "areaPrefabAddress": "Bas.Area.DA_Arena_TownSquare",
  "lightingPresetAddress": "Bas.Area.DA_Arena_TownSquare.LightingPreset",
  "cullingAddress": "Bas.Area.DA_Arena_TownSquare.CullData",
  "Bounds": {
    "$type": "UnityEngine.Bounds, UnityEngine.CoreModule",
    "center": {
      "x": 28.2999954,
      "y": 43.80246,
      "z": 1.33857727
    },
    "size": {
      "x": 160.4,
      "y": 322.035156,
      "z": 179.677155
    },
    "extents": {
      "x": 80.2,
      "y": 161.017578,
      "z": 89.83858
    },
    "min": {
      "x": -51.9,
      "y": -117.215118,
      "z": -88.5
    },
    "max": {
      "x": 108.499992,
      "y": 204.820038,
      "z": 91.1771545
    }
  },
  "allowedRotation": [
    "Front",
    "Back",
    "Left",
    "Right"
  ],
  "connections": [
    {
      "$type": "ThunderRoad.AreaData+AreaConnection, ThunderRoad",
      "connectionTypeIdContainerList": [
        {
          "$type": "ThunderRoad.AreaData+AreaConnectionTypeIdContainer, ThunderRoad",
          "dataId": "DA_Cave"
        },
        {
          "$type": "ThunderRoad.AreaData+AreaConnectionTypeIdContainer, ThunderRoad",
          "dataId": "DA_Interior"
        }
      ],
      "overrideBlockerTableAdress": {
        "$type": "ThunderRoad.AreaConnectionTypeData+PrefabAdressTable, ThunderRoad",
        "drops": []
      },
      "position": {
        "x": 108.5,
        "y": 15.5,
        "z": 25.77
      },
      "face": "Right",
      "fakeViewAddress": "Bas.Area.DA_Arena_TownSquare.FakeView.0"
    },
    {
      "$type": "ThunderRoad.AreaData+AreaConnection, ThunderRoad",
      "connectionTypeIdContainerList": [
        {
          "$type": "ThunderRoad.AreaData+AreaConnectionTypeIdContainer, ThunderRoad",
          "dataId": "DA_Interior"
        },
        {
          "$type": "ThunderRoad.AreaData+AreaConnectionTypeIdContainer, ThunderRoad",
          "dataId": "DA_Cave"
        }
      ],
      "overrideBlockerTableAdress": {
        "$type": "ThunderRoad.AreaConnectionTypeData+PrefabAdressTable, ThunderRoad",
        "drops": []
      },
      "position": {
        "x": 6.94793653,
        "y": -3.89905977,
        "z": 91.17715
      },
      "face": "Front",
      "fakeViewAddress": "Bas.Area.DA_Arena_TownSquare.FakeView.1"
    },
    {
      "$type": "ThunderRoad.AreaData+AreaConnection, ThunderRoad",
      "connectionTypeIdContainerList": [
        {
          "$type": "ThunderRoad.AreaData+AreaConnectionTypeIdContainer, ThunderRoad",
          "dataId": "DA_Cave"
        },
        {
          "$type": "ThunderRoad.AreaData+AreaConnectionTypeIdContainer, ThunderRoad",
          "dataId": "DA_Interior"
        }
      ],
      "overrideBlockerTableAdress": {
        "$type": "ThunderRoad.AreaConnectionTypeData+PrefabAdressTable, ThunderRoad",
        "drops": []
      },
      "position": {
        "x": -17.25,
        "y": -21.2,
        "z": -88.5
      },
      "face": "Back",
      "fakeViewAddress": "Bas.Area.DA_Arena_TownSquare.FakeView.2"
    },
    {
      "$type": "ThunderRoad.AreaData+AreaConnection, ThunderRoad",
      "connectionTypeIdContainerList": [
        {
          "$type": "ThunderRoad.AreaData+AreaConnectionTypeIdContainer, ThunderRoad",
          "dataId": "DA_Interior"
        },
        {
          "$type": "ThunderRoad.AreaData+AreaConnectionTypeIdContainer, ThunderRoad",
          "dataId": "DA_Cave"
        }
      ],
      "overrideBlockerTableAdress": {
        "$type": "ThunderRoad.AreaConnectionTypeData+PrefabAdressTable, ThunderRoad",
        "drops": []
      },
      "position": {
        "x": -51.9,
        "y": 3.9,
        "z": -10.8
      },
      "face": "Left",
      "fakeViewAddress": "Bas.Area.DA_Arena_TownSquare.FakeView.3"
    }
  ],
  "areaGlobalParameters": [],
  "groupPath": "Dalgarian/Arena"
}