{
  "$type": "ThunderRoad.AreaData, ThunderRoad",
  "id": "DA_XSTransi_UrbanStreets2",
  "sensitiveContent": "None",
  "sensitiveFilterBehaviour": "Discard",
  "version": 0,
  "isUnique": true,
  "areaPrefabAddress": "Bas.Area.DA_XSTransi_UrbanStreets2",
  "lightingPresetAddress": "Bas.Area.DA_XSTransi_UrbanStreets2.LightingPreset",
  "cullingAddress": "Bas.Area.DA_XSTransi_UrbanStreets2.CullData",
  "Bounds": {
    "$type": "UnityEngine.Bounds, UnityEngine.CoreModule",
    "center": {
      "x": -16.8199978,
      "y": 6.37295151,
      "z": -10.4757786
    },
    "size": {
      "x": 51.64001,
      "y": 54.7550125,
      "z": 49.3444633
    },
    "extents": {
      "x": 25.8200054,
      "y": 27.3775063,
      "z": 24.6722317
    },
    "min": {
      "x": -42.6400032,
      "y": -21.0045547,
      "z": -35.14801
    },
    "max": {
      "x": 9.000008,
      "y": 33.7504578,
      "z": 14.1964531
    }
  },
  "allowedRotation": [
    "Front",
    "Back",
    "Left",
    "Right"
  ],
  "connections": [
    {
      "$type": "ThunderRoad.AreaData+AreaConnection, ThunderRoad",
      "connectionTypeIdContainerList": [
        {
          "$type": "ThunderRoad.AreaData+AreaConnectionTypeIdContainer, ThunderRoad",
          "dataId": "DA_Cave"
        },
        {
          "$type": "ThunderRoad.AreaData+AreaConnectionTypeIdContainer, ThunderRoad",
          "dataId": "DA_Interior"
        }
      ],
      "overrideBlockerTableAdress": {
        "$type": "ThunderRoad.AreaConnectionTypeData+PrefabAdressTable, ThunderRoad",
        "drops": []
      },
      "position": {
        "x": -42.6400032,
        "y": -7.05200052,
        "z": -8.619783
      },
      "face": "Left",
      "fakeViewAddress": "Bas.Area.DA_XSTransi_UrbanStreets2.FakeView.0"
    },
    {
      "$type": "ThunderRoad.AreaData+AreaConnection, ThunderRoad",
      "connectionTypeIdContainerList": [
        {
          "$type": "ThunderRoad.AreaData+AreaConnectionTypeIdContainer, ThunderRoad",
          "dataId": "DA_Cave"
        },
        {
          "$type": "ThunderRoad.AreaData+AreaConnectionTypeIdContainer, ThunderRoad",
          "dataId": "DA_Interior"
        }
      ],
      "overrideBlockerTableAdress": {
        "$type": "ThunderRoad.AreaConnectionTypeData+PrefabAdressTable, ThunderRoad",
        "drops": []
      },
      "position": {
        "x": 9.009998,
        "y": -15.087,
        "z": -27.1697826
      },
      "face": "Right",
      "fakeViewAddress": "Bas.Area.DA_XSTransi_UrbanStreets2.FakeView.1"
    }
  ],
  "areaGlobalParameters": [],
  "groupPath": "Dalgarian/XSTransi"
}