{
  "$type": "ThunderRoad.AreaData, ThunderRoad",
  "id": "DA_XSTransi_RoundtableOfLords",
  "sensitiveContent": "None",
  "sensitiveFilterBehaviour": "Discard",
  "version": 0,
  "isUnique": true,
  "areaPrefabAddress": "Bas.Area.DA_XSTransi_RoundtableOfLords",
  "lightingPresetAddress": "Bas.Area.DA_XSTransi_RoundtableOfLords.LightingPreset",
  "cullingAddress": "Bas.Area.DA_XSTransi_RoundtableOfLords.CullData",
  "Bounds": {
    "$type": "UnityEngine.Bounds, UnityEngine.CoreModule",
    "center": {
      "x": 2.70719719,
      "y": 0.263048172,
      "z": -11.454998
    },
    "size": {
      "x": 55.2245636,
      "y": 40.7468834,
      "z": 60.85
    },
    "extents": {
      "x": 27.6122818,
      "y": 20.3734417,
      "z": 30.425
    },
    "min": {
      "x": -24.9050846,
      "y": -20.1103935,
      "z": -41.8799973
    },
    "max": {
      "x": 30.319479,
      "y": 20.63649,
      "z": 18.9700012
    }
  },
  "allowedRotation": [
    "Front",
    "Back",
    "Left",
    "Right"
  ],
  "connections": [
    {
      "$type": "ThunderRoad.AreaData+AreaConnection, ThunderRoad",
      "connectionTypeIdContainerList": [
        {
          "$type": "ThunderRoad.AreaData+AreaConnectionTypeIdContainer, ThunderRoad",
          "dataId": "DA_Interior"
        },
        {
          "$type": "ThunderRoad.AreaData+AreaConnectionTypeIdContainer, ThunderRoad",
          "dataId": "DA_Cave"
        }
      ],
      "overrideBlockerTableAdress": {
        "$type": "ThunderRoad.AreaConnectionTypeData+PrefabAdressTable, ThunderRoad",
        "drops": []
      },
      "position": {
        "x": -0.3,
        "y": -7.04,
        "z": -41.8799973
      },
      "face": "Back",
      "fakeViewAddress": "Bas.Area.DA_XSTransi_RoundtableOfLords.FakeView.0"
    },
    {
      "$type": "ThunderRoad.AreaData+AreaConnection, ThunderRoad",
      "connectionTypeIdContainerList": [
        {
          "$type": "ThunderRoad.AreaData+AreaConnectionTypeIdContainer, ThunderRoad",
          "dataId": "DA_Cave"
        },
        {
          "$type": "ThunderRoad.AreaData+AreaConnectionTypeIdContainer, ThunderRoad",
          "dataId": "DA_Interior"
        }
      ],
      "overrideBlockerTableAdress": {
        "$type": "ThunderRoad.AreaConnectionTypeData+PrefabAdressTable, ThunderRoad",
        "drops": []
      },
      "position": {
        "x": -10.25,
        "y": -4.08999968,
        "z": 18.9700012
      },
      "face": "Front",
      "fakeViewAddress": "Bas.Area.DA_XSTransi_RoundtableOfLords.FakeView.1"
    }
  ],
  "areaGlobalParameters": [],
  "groupPath": "Dalgarian/XSTransi"
}