{
  "$type": "ThunderRoad.AreaData, ThunderRoad",
  "id": "GL_XSTransi_Castle_18",
  "sensitiveContent": "None",
  "sensitiveFilterBehaviour": "Discard",
  "version": 0,
  "isUnique": true,
  "areaPrefabAddress": "Bas.Area.GL_XSTransi_Castle_18",
  "lightingPresetAddress": "Bas.Area.GL_XSTransi_Castle_18.LightingPreset",
  "cullingAddress": "Bas.Area.GL_XSTransi_Castle_18.CullData",
  "Bounds": {
    "$type": "UnityEngine.Bounds, UnityEngine.CoreModule",
    "center": {
      "x": -8.507175,
      "y": -2.05425024,
      "z": 2.46196222
    },
    "size": {
      "x": 22.0016479,
      "y": 10.9915018,
      "z": 14.4176512
    },
    "extents": {
      "x": 11.000824,
      "y": 5.495751,
      "z": 7.20882559
    },
    "min": {
      "x": -19.508,
      "y": -7.550001,
      "z": -4.74686337
    },
    "max": {
      "x": 2.49364853,
      "y": 3.44150066,
      "z": 9.670788
    }
  },
  "allowedRotation": [
    "Front",
    "Back",
    "Left",
    "Right"
  ],
  "connections": [
    {
      "$type": "ThunderRoad.AreaData+AreaConnection, ThunderRoad",
      "connectionTypeIdContainerList": [
        {
          "$type": "ThunderRoad.AreaData+AreaConnectionTypeIdContainer, ThunderRoad",
          "dataId": "GL_Interior"
        }
      ],
      "overrideBlockerTableAdress": {
        "$type": "ThunderRoad.AreaConnectionTypeData+PrefabAdressTable, ThunderRoad",
        "drops": []
      },
      "position": {
        "x": -19.508,
        "y": -6.552,
        "z": -1.31099987
      },
      "face": "Left",
      "fakeViewAddress": "Bas.Area.GL_XSTransi_Castle_18.FakeView.0"
    },
    {
      "$type": "ThunderRoad.AreaData+AreaConnection, ThunderRoad",
      "connectionTypeIdContainerList": [
        {
          "$type": "ThunderRoad.AreaData+AreaConnectionTypeIdContainer, ThunderRoad",
          "dataId": "GL_Interior"
        }
      ],
      "overrideBlockerTableAdress": {
        "$type": "ThunderRoad.AreaConnectionTypeData+PrefabAdressTable, ThunderRoad",
        "drops": []
      },
      "position": {
        "x": -0.4430622,
        "y": -2.56342435,
        "z": 9.670788
      },
      "face": "Front",
      "fakeViewAddress": "Bas.Area.GL_XSTransi_Castle_18.FakeView.1"
    }
  ],
  "areaGlobalParameters": [],
  "groupPath": "Outpost/XSTransi"
}