{
  "$type": "ThunderRoad.AreaData, ThunderRoad",
  "id": "GL_Transi_Castle_Sewer1",
  "sensitiveContent": "None",
  "sensitiveFilterBehaviour": "Discard",
  "version": 0,
  "isUnique": true,
  "areaPrefabAddress": "Bas.Area.GL_Transi_Castle_Sewer1",
  "lightingPresetAddress": "Bas.Area.GL_Transi_Castle_Sewer1.LightingPreset",
  "cullingAddress": "Bas.Area.GL_Transi_Castle_Sewer1.CullData",
  "Bounds": {
    "$type": "UnityEngine.Bounds, UnityEngine.CoreModule",
    "center": {
      "x": -12.7475,
      "y": -1.63697529,
      "z": -2.03930378
    },
    "size": {
      "x": 26.995,
      "y": 26.72605,
      "z": 28.3906078
    },
    "extents": {
      "x": 13.4975,
      "y": 13.3630247,
      "z": 14.1953039
    },
    "min": {
      "x": -26.245,
      "y": -15.0,
      "z": -16.2346077
    },
    "max": {
      "x": 0.75,
      "y": 11.7260494,
      "z": 12.156
    }
  },
  "allowedRotation": [
    "Front",
    "Back",
    "Left",
    "Right"
  ],
  "connections": [
    {
      "$type": "ThunderRoad.AreaData+AreaConnection, ThunderRoad",
      "connectionTypeIdContainerList": [
        {
          "$type": "ThunderRoad.AreaData+AreaConnectionTypeIdContainer, ThunderRoad",
          "dataId": "GL_Interior"
        }
      ],
      "overrideBlockerTableAdress": {
        "$type": "ThunderRoad.AreaConnectionTypeData+PrefabAdressTable, ThunderRoad",
        "drops": []
      },
      "position": {
        "x": 0.75,
        "y": 0.0,
        "z": 0.0
      },
      "face": "Right",
      "fakeViewAddress": "Bas.Area.GL_Transi_Castle_Sewer1.FakeView.0"
    },
    {
      "$type": "ThunderRoad.AreaData+AreaConnection, ThunderRoad",
      "connectionTypeIdContainerList": [
        {
          "$type": "ThunderRoad.AreaData+AreaConnectionTypeIdContainer, ThunderRoad",
          "dataId": "GL_Interior"
        },
        {
          "$type": "ThunderRoad.AreaData+AreaConnectionTypeIdContainer, ThunderRoad",
          "dataId": "GL_Cave"
        }
      ],
      "overrideBlockerTableAdress": {
        "$type": "ThunderRoad.AreaConnectionTypeData+PrefabAdressTable, ThunderRoad",
        "drops": []
      },
      "position": {
        "x": -26.245,
        "y": -4.0,
        "z": 0.0
      },
      "face": "Left",
      "fakeViewAddress": "Bas.Area.GL_Transi_Castle_Sewer1.FakeView.1"
    },
    {
      "$type": "ThunderRoad.AreaData+AreaConnection, ThunderRoad",
      "connectionTypeIdContainerList": [
        {
          "$type": "ThunderRoad.AreaData+AreaConnectionTypeIdContainer, ThunderRoad",
          "dataId": "GL_Interior"
        },
        {
          "$type": "ThunderRoad.AreaData+AreaConnectionTypeIdContainer, ThunderRoad",
          "dataId": "GL_Cave"
        }
      ],
      "overrideBlockerTableAdress": {
        "$type": "ThunderRoad.AreaConnectionTypeData+PrefabAdressTable, ThunderRoad",
        "drops": []
      },
      "position": {
        "x": -6.0,
        "y": -3.0,
        "z": 12.156
      },
      "face": "Front",
      "fakeViewAddress": "Bas.Area.GL_Transi_Castle_Sewer1.FakeView.2"
    },
    {
      "$type": "ThunderRoad.AreaData+AreaConnection, ThunderRoad",
      "connectionTypeIdContainerList": [
        {
          "$type": "ThunderRoad.AreaData+AreaConnectionTypeIdContainer, ThunderRoad",
          "dataId": "GL_Interior"
        },
        {
          "$type": "ThunderRoad.AreaData+AreaConnectionTypeIdContainer, ThunderRoad",
          "dataId": "GL_Cave"
        }
      ],
      "overrideBlockerTableAdress": {
        "$type": "ThunderRoad.AreaConnectionTypeData+PrefabAdressTable, ThunderRoad",
        "drops": []
      },
      "position": {
        "x": -22.0,
        "y": -3.0,
        "z": 12.236
      },
      "face": "Front",
      "fakeViewAddress": "Bas.Area.GL_Transi_Castle_Sewer1.FakeView.3"
    }
  ],
  "areaGlobalParameters": [],
  "groupPath": "Outpost/Transi"
}