{
  "$type": "ThunderRoad.AreaData, ThunderRoad",
  "id": "GL_Std_Castle_Ascent",
  "sensitiveContent": "None",
  "sensitiveFilterBehaviour": "Discard",
  "version": 0,
  "isUnique": true,
  "areaPrefabAddress": "Bas.Area.GL_Std_Castle_Ascent",
  "lightingPresetAddress": "Bas.Area.GL_Std_Castle_Ascent.LightingPreset",
  "cullingAddress": "Bas.Area.GL_Std_Castle_Ascent.CullData",
  "Bounds": {
    "$type": "UnityEngine.Bounds, UnityEngine.CoreModule",
    "center": {
      "x": 1.795805,
      "y": 15.9592314,
      "z": 11.0
    },
    "size": {
      "x": 25.9263916,
      "y": 34.0104637,
      "z": 22.0
    },
    "extents": {
      "x": 12.9631958,
      "y": 17.0052319,
      "z": 11.0
    },
    "min": {
      "x": -11.1673908,
      "y": -1.04600048,
      "z": 0.0
    },
    "max": {
      "x": 14.7590008,
      "y": 32.9644623,
      "z": 22.0
    }
  },
  "allowedRotation": [
    "Front",
    "Back",
    "Left",
    "Right"
  ],
  "connections": [
    {
      "$type": "ThunderRoad.AreaData+AreaConnection, ThunderRoad",
      "connectionTypeIdContainerList": [
        {
          "$type": "ThunderRoad.AreaData+AreaConnectionTypeIdContainer, ThunderRoad",
          "dataId": "GL_Interior"
        },
        {
          "$type": "ThunderRoad.AreaData+AreaConnectionTypeIdContainer, ThunderRoad",
          "dataId": "GL_Cave"
        }
      ],
      "overrideBlockerTableAdress": {
        "$type": "ThunderRoad.AreaConnectionTypeData+PrefabAdressTable, ThunderRoad",
        "drops": []
      },
      "position": {
        "x": 0.0,
        "y": 0.0,
        "z": 0.0
      },
      "face": "Back",
      "fakeViewAddress": "Bas.Area.GL_Std_Castle_Ascent.FakeView.0"
    },
    {
      "$type": "ThunderRoad.AreaData+AreaConnection, ThunderRoad",
      "connectionTypeIdContainerList": [
        {
          "$type": "ThunderRoad.AreaData+AreaConnectionTypeIdContainer, ThunderRoad",
          "dataId": "GL_Interior"
        }
      ],
      "overrideBlockerTableAdress": {
        "$type": "ThunderRoad.AreaConnectionTypeData+PrefabAdressTable, ThunderRoad",
        "drops": []
      },
      "position": {
        "x": 8.0,
        "y": 13.0,
        "z": 22.0
      },
      "face": "Front",
      "fakeViewAddress": "Bas.Area.GL_Std_Castle_Ascent.FakeView.1"
    }
  ],
  "areaGlobalParameters": [
    {
      "$type": "ThunderRoad.AreaSunGlobalParameter, ThunderRoad",
      "dirLightColor": {
        "r": 1.0,
        "g": 0.956862748,
        "b": 0.8392157,
        "a": 1.0
      },
      "dirLightIntensity": 6.0,
      "dirLightIndirectMultiplier": 2.0,
      "directionalLightLocalRotation": {
        "x": 0.5605456,
        "y": -0.541788757,
        "z": 0.477376163,
        "w": 0.4054202
      },
      "visibleFromGate": true
    }
  ],
  "groupPath": "Outpost/Standard"
}