{
  "$type": "ThunderRoad.AreaData, ThunderRoad",
  "id": "DA_XSTransi_Observatory",
  "sensitiveContent": "None",
  "sensitiveFilterBehaviour": "Discard",
  "version": 0,
  "isUnique": true,
  "areaPrefabAddress": "Bas.Area.DA_XSTransi_Observatory",
  "lightingPresetAddress": "Bas.Area.DA_XSTransi_Observatory.LightingPreset",
  "cullingAddress": "Bas.Area.DA_XSTransi_Observatory.CullData",
  "Bounds": {
    "$type": "UnityEngine.Bounds, UnityEngine.CoreModule",
    "center": {
      "x": 0.193141937,
      "y": 10.1387682,
      "z": 25.1750011
    },
    "size": {
      "x": 39.0631866,
      "y": 42.2775345,
      "z": 73.15
    },
    "extents": {
      "x": 19.5315933,
      "y": 21.1387672,
      "z": 36.575
    },
    "min": {
      "x": -19.3384514,
      "y": -10.999999,
      "z": -11.4
    },
    "max": {
      "x": 19.7247353,
      "y": 31.2775345,
      "z": 61.75
    }
  },
  "allowedRotation": [
    "Front",
    "Back",
    "Left",
    "Right"
  ],
  "connections": [
    {
      "$type": "ThunderRoad.AreaData+AreaConnection, ThunderRoad",
      "connectionTypeIdContainerList": [
        {
          "$type": "ThunderRoad.AreaData+AreaConnectionTypeIdContainer, ThunderRoad",
          "dataId": "DA_Interior"
        },
        {
          "$type": "ThunderRoad.AreaData+AreaConnectionTypeIdContainer, ThunderRoad",
          "dataId": "DA_Cave"
        }
      ],
      "overrideBlockerTableAdress": {
        "$type": "ThunderRoad.AreaConnectionTypeData+PrefabAdressTable, ThunderRoad",
        "drops": []
      },
      "position": {
        "x": 9.73,
        "y": 1.0,
        "z": 61.75
      },
      "face": "Front",
      "fakeViewAddress": "Bas.Area.DA_XSTransi_Observatory.FakeView.0"
    },
    {
      "$type": "ThunderRoad.AreaData+AreaConnection, ThunderRoad",
      "connectionTypeIdContainerList": [
        {
          "$type": "ThunderRoad.AreaData+AreaConnectionTypeIdContainer, ThunderRoad",
          "dataId": "DA_Cave"
        },
        {
          "$type": "ThunderRoad.AreaData+AreaConnectionTypeIdContainer, ThunderRoad",
          "dataId": "DA_Interior"
        }
      ],
      "overrideBlockerTableAdress": {
        "$type": "ThunderRoad.AreaConnectionTypeData+PrefabAdressTable, ThunderRoad",
        "drops": []
      },
      "position": {
        "x": 0.05,
        "y": 0.0,
        "z": -11.4
      },
      "face": "Back",
      "fakeViewAddress": "Bas.Area.DA_XSTransi_Observatory.FakeView.1"
    }
  ],
  "areaGlobalParameters": [],
  "groupPath": "Dalgarian/XSTransi"
}