{
  "$type": "ThunderRoad.AreaData, ThunderRoad",
  "id": "GL_Transi_Castle_SewerMaintenance",
  "sensitiveContent": "None",
  "sensitiveFilterBehaviour": "Discard",
  "version": 0,
  "isUnique": true,
  "areaPrefabAddress": "Bas.Area.GL_Transi_Castle_SewerMaintenance",
  "lightingPresetAddress": "Bas.Area.GL_Transi_Castle_SewerMaintenance.LightingPreset",
  "cullingAddress": "Bas.Area.GL_Transi_Castle_SewerMaintenance.CullData",
  "Bounds": {
    "$type": "UnityEngine.Bounds, UnityEngine.CoreModule",
    "center": {
      "x": -1.125,
      "y": 3.97947216,
      "z": 1.58268166
    },
    "size": {
      "x": 50.25,
      "y": 27.17846,
      "z": 39.1258621
    },
    "extents": {
      "x": 25.125,
      "y": 13.58923,
      "z": 19.5629311
    },
    "min": {
      "x": -26.25,
      "y": -9.609757,
      "z": -17.98025
    },
    "max": {
      "x": 24.0,
      "y": 17.5687027,
      "z": 21.1456127
    }
  },
  "allowedRotation": [
    "Front",
    "Back",
    "Left",
    "Right"
  ],
  "connections": [
    {
      "$type": "ThunderRoad.AreaData+AreaConnection, ThunderRoad",
      "connectionTypeIdContainerList": [
        {
          "$type": "ThunderRoad.AreaData+AreaConnectionTypeIdContainer, ThunderRoad",
          "dataId": "GL_Interior"
        },
        {
          "$type": "ThunderRoad.AreaData+AreaConnectionTypeIdContainer, ThunderRoad",
          "dataId": "GL_Cave"
        }
      ],
      "overrideBlockerTableAdress": {
        "$type": "ThunderRoad.AreaConnectionTypeData+PrefabAdressTable, ThunderRoad",
        "drops": []
      },
      "position": {
        "x": 24.0,
        "y": 0.0,
        "z": 8.8
      },
      "face": "Right",
      "fakeViewAddress": "Bas.Area.GL_Transi_Castle_SewerMaintenance.FakeView.0"
    },
    {
      "$type": "ThunderRoad.AreaData+AreaConnection, ThunderRoad",
      "connectionTypeIdContainerList": [
        {
          "$type": "ThunderRoad.AreaData+AreaConnectionTypeIdContainer, ThunderRoad",
          "dataId": "GL_Interior"
        },
        {
          "$type": "ThunderRoad.AreaData+AreaConnectionTypeIdContainer, ThunderRoad",
          "dataId": "GL_Cave"
        }
      ],
      "overrideBlockerTableAdress": {
        "$type": "ThunderRoad.AreaConnectionTypeData+PrefabAdressTable, ThunderRoad",
        "drops": []
      },
      "position": {
        "x": -26.25,
        "y": 0.0,
        "z": 4.5
      },
      "face": "Left",
      "fakeViewAddress": "Bas.Area.GL_Transi_Castle_SewerMaintenance.FakeView.1"
    }
  ],
  "areaGlobalParameters": [
    {
      "$type": "ThunderRoad.AreaSunGlobalParameter, ThunderRoad",
      "dirLightColor": {
        "r": 1.0,
        "g": 0.9495888,
        "b": 0.9009434,
        "a": 1.0
      },
      "dirLightIntensity": 3.0,
      "dirLightIndirectMultiplier": 1.0,
      "directionalLightLocalRotation": {
        "x": -0.246057451,
        "y": 0.0297000948,
        "z": -0.0075435075,
        "w": -0.968770742
      },
      "visibleFromGate": false
    }
  ],
  "groupPath": "Outpost/Transi"
}