{
  "$type": "ThunderRoad.AreaData, ThunderRoad",
  "id": "GL_Transi_Cave_UndergroundZipline",
  "sensitiveContent": "None",
  "sensitiveFilterBehaviour": "Discard",
  "version": 0,
  "isUnique": true,
  "areaPrefabAddress": "Bas.Area.GL_Transi_Cave_UndergroundZipline",
  "lightingPresetAddress": "Bas.Area.GL_Transi_Cave_UndergroundZipline.LightingPreset",
  "cullingAddress": "Bas.Area.GL_Transi_Cave_UndergroundZipline.CullData",
  "Bounds": {
    "$type": "UnityEngine.Bounds, UnityEngine.CoreModule",
    "center": {
      "x": -14.7311287,
      "y": -11.3675842,
      "z": 19.07859
    },
    "size": {
      "x": 49.45755,
      "y": 44.414978,
      "z": 42.164505
    },
    "extents": {
      "x": 24.728775,
      "y": 22.207489,
      "z": 21.0822525
    },
    "min": {
      "x": -39.4599037,
      "y": -33.5750732,
      "z": -2.003662
    },
    "max": {
      "x": 9.997646,
      "y": 10.8399048,
      "z": 40.1608429
    }
  },
  "allowedRotation": [
    "Front",
    "Back",
    "Left",
    "Right"
  ],
  "connections": [
    {
      "$type": "ThunderRoad.AreaData+AreaConnection, ThunderRoad",
      "connectionTypeIdContainerList": [
        {
          "$type": "ThunderRoad.AreaData+AreaConnectionTypeIdContainer, ThunderRoad",
          "dataId": "GL_Cave"
        }
      ],
      "overrideBlockerTableAdress": {
        "$type": "ThunderRoad.AreaConnectionTypeData+PrefabAdressTable, ThunderRoad",
        "drops": []
      },
      "position": {
        "x": -39.4599037,
        "y": -15.541,
        "z": 21.275
      },
      "face": "Left",
      "fakeViewAddress": "Bas.Area.GL_Transi_Cave_UndergroundZipline.FakeView.0"
    },
    {
      "$type": "ThunderRoad.AreaData+AreaConnection, ThunderRoad",
      "connectionTypeIdContainerList": [
        {
          "$type": "ThunderRoad.AreaData+AreaConnectionTypeIdContainer, ThunderRoad",
          "dataId": "GL_Cave"
        },
        {
          "$type": "ThunderRoad.AreaData+AreaConnectionTypeIdContainer, ThunderRoad",
          "dataId": "GL_Interior"
        }
      ],
      "overrideBlockerTableAdress": {
        "$type": "ThunderRoad.AreaConnectionTypeData+PrefabAdressTable, ThunderRoad",
        "drops": []
      },
      "position": {
        "x": 0.0802829,
        "y": 0.0179999471,
        "z": -2.00366282
      },
      "face": "Back",
      "fakeViewAddress": "Bas.Area.GL_Transi_Cave_UndergroundZipline.FakeView.1"
    }
  ],
  "areaGlobalParameters": [
    {
      "$type": "ThunderRoad.AreaSunGlobalParameter, ThunderRoad",
      "dirLightColor": {
        "r": 1.0,
        "g": 0.956862748,
        "b": 0.8392157,
        "a": 1.0
      },
      "dirLightIntensity": 5.5,
      "dirLightIndirectMultiplier": 2.0,
      "directionalLightLocalRotation": {
        "x": -0.336388171,
        "y": 0.66360575,
        "z": -0.470728964,
        "w": -0.474220037
      },
      "visibleFromGate": true
    }
  ],
  "groupPath": "Outpost/Transi"
}