{
  "$type": "ThunderRoad.AreaData, ThunderRoad",
  "id": "DA_XSTransi_Underpass",
  "sensitiveContent": "None",
  "sensitiveFilterBehaviour": "Discard",
  "version": 0,
  "isUnique": true,
  "areaPrefabAddress": "Bas.Area.DA_XSTransi_Underpass",
  "lightingPresetAddress": "Bas.Area.DA_XSTransi_Underpass.LightingPreset",
  "cullingAddress": "Bas.Area.DA_XSTransi_Underpass.CullData",
  "Bounds": {
    "$type": "UnityEngine.Bounds, UnityEngine.CoreModule",
    "center": {
      "x": 33.8415642,
      "y": 8.824924,
      "z": 19.7693729
    },
    "size": {
      "x": 106.883133,
      "y": 90.8355255,
      "z": 60.3387451
    },
    "extents": {
      "x": 53.4415665,
      "y": 45.4177628,
      "z": 30.1693726
    },
    "min": {
      "x": -19.6000023,
      "y": -36.59284,
      "z": -10.4
    },
    "max": {
      "x": 87.28313,
      "y": 54.2426872,
      "z": 49.9387436
    }
  },
  "allowedRotation": [
    "Front",
    "Back",
    "Left",
    "Right"
  ],
  "connections": [
    {
      "$type": "ThunderRoad.AreaData+AreaConnection, ThunderRoad",
      "connectionTypeIdContainerList": [
        {
          "$type": "ThunderRoad.AreaData+AreaConnectionTypeIdContainer, ThunderRoad",
          "dataId": "DA_Interior"
        },
        {
          "$type": "ThunderRoad.AreaData+AreaConnectionTypeIdContainer, ThunderRoad",
          "dataId": "DA_Cave"
        }
      ],
      "overrideBlockerTableAdress": {
        "$type": "ThunderRoad.AreaConnectionTypeData+PrefabAdressTable, ThunderRoad",
        "drops": []
      },
      "position": {
        "x": -19.6,
        "y": 0.0,
        "z": -3.89999962
      },
      "face": "Left",
      "fakeViewAddress": "Bas.Area.DA_XSTransi_Underpass.FakeView.0"
    },
    {
      "$type": "ThunderRoad.AreaData+AreaConnection, ThunderRoad",
      "connectionTypeIdContainerList": [
        {
          "$type": "ThunderRoad.AreaData+AreaConnectionTypeIdContainer, ThunderRoad",
          "dataId": "DA_Cave"
        },
        {
          "$type": "ThunderRoad.AreaData+AreaConnectionTypeIdContainer, ThunderRoad",
          "dataId": "DA_Interior"
        }
      ],
      "overrideBlockerTableAdress": {
        "$type": "ThunderRoad.AreaConnectionTypeData+PrefabAdressTable, ThunderRoad",
        "drops": []
      },
      "position": {
        "x": 35.0,
        "y": 0.0,
        "z": -10.4
      },
      "face": "Back",
      "fakeViewAddress": "Bas.Area.DA_XSTransi_Underpass.FakeView.1"
    }
  ],
  "areaGlobalParameters": [],
  "groupPath": "Dalgarian/XSTransi"
}