{
  "$type": "ThunderRoad.AreaData, ThunderRoad",
  "id": "GL_XSTransi_Castle_10",
  "sensitiveContent": "None",
  "sensitiveFilterBehaviour": "Discard",
  "version": 0,
  "isUnique": true,
  "areaPrefabAddress": "Bas.Area.GL_XSTransi_Castle_10",
  "lightingPresetAddress": "Bas.Area.GL_XSTransi_Castle_10.LightingPreset",
  "cullingAddress": "Bas.Area.GL_XSTransi_Castle_10.CullData",
  "Bounds": {
    "$type": "UnityEngine.Bounds, UnityEngine.CoreModule",
    "center": {
      "x": 0.344016075,
      "y": 2.8781004,
      "z": 7.83145046
    },
    "size": {
      "x": 20.74505,
      "y": 12.2562008,
      "z": 17.5249
    },
    "extents": {
      "x": 10.3725252,
      "y": 6.1281004,
      "z": 8.76245
    },
    "min": {
      "x": -10.0285091,
      "y": -3.25,
      "z": -0.930999756
    },
    "max": {
      "x": 10.7165413,
      "y": 9.006201,
      "z": 16.5939
    }
  },
  "allowedRotation": [
    "Front",
    "Back",
    "Left",
    "Right"
  ],
  "connections": [
    {
      "$type": "ThunderRoad.AreaData+AreaConnection, ThunderRoad",
      "connectionTypeIdContainerList": [
        {
          "$type": "ThunderRoad.AreaData+AreaConnectionTypeIdContainer, ThunderRoad",
          "dataId": "GL_Interior"
        }
      ],
      "overrideBlockerTableAdress": {
        "$type": "ThunderRoad.AreaConnectionTypeData+PrefabAdressTable, ThunderRoad",
        "drops": []
      },
      "position": {
        "x": 0.406,
        "y": 0.0,
        "z": -0.931
      },
      "face": "Back",
      "fakeViewAddress": "Bas.Area.GL_XSTransi_Castle_10.FakeView.0"
    },
    {
      "$type": "ThunderRoad.AreaData+AreaConnection, ThunderRoad",
      "connectionTypeIdContainerList": [
        {
          "$type": "ThunderRoad.AreaData+AreaConnectionTypeIdContainer, ThunderRoad",
          "dataId": "GL_Interior"
        }
      ],
      "overrideBlockerTableAdress": {
        "$type": "ThunderRoad.AreaConnectionTypeData+PrefabAdressTable, ThunderRoad",
        "drops": []
      },
      "position": {
        "x": -5.69432926,
        "y": 0.0,
        "z": 16.5939
      },
      "face": "Front",
      "fakeViewAddress": "Bas.Area.GL_XSTransi_Castle_10.FakeView.1"
    }
  ],
  "areaGlobalParameters": [],
  "groupPath": "Outpost/XSTransi"
}