{
  "$type": "ThunderRoad.AreaData, ThunderRoad",
  "id": "GL_Arena_xC&C_Chapel",
  "sensitiveContent": "None",
  "sensitiveFilterBehaviour": "Discard",
  "version": 0,
  "isUnique": true,
  "areaPrefabAddress": "Bas.Area.GL_Arena_xC&C_Chapel",
  "lightingPresetAddress": "Bas.Area.GL_Arena_xC&C_Chapel.LightingPreset",
  "cullingAddress": "Bas.Area.GL_Arena_xC&C_Chapel.CullData",
  "Bounds": {
    "$type": "UnityEngine.Bounds, UnityEngine.CoreModule",
    "center": {
      "x": 41.7885971,
      "y": 11.9358673,
      "z": -24.7021637
    },
    "size": {
      "x": 85.5771942,
      "y": 63.80287,
      "z": 97.40433
    },
    "extents": {
      "x": 42.7885971,
      "y": 31.9014359,
      "z": 48.7021637
    },
    "min": {
      "x": -1.0,
      "y": -19.9655685,
      "z": -73.40433
    },
    "max": {
      "x": 84.5771942,
      "y": 43.8373032,
      "z": 24.0
    }
  },
  "allowedRotation": [
    "Front",
    "Back",
    "Left",
    "Right"
  ],
  "connections": [
    {
      "$type": "ThunderRoad.AreaData+AreaConnection, ThunderRoad",
      "connectionTypeIdContainerList": [
        {
          "$type": "ThunderRoad.AreaData+AreaConnectionTypeIdContainer, ThunderRoad",
          "dataId": "GL_Interior"
        },
        {
          "$type": "ThunderRoad.AreaData+AreaConnectionTypeIdContainer, ThunderRoad",
          "dataId": "GL_Cave"
        }
      ],
      "overrideBlockerTableAdress": {
        "$type": "ThunderRoad.AreaConnectionTypeData+PrefabAdressTable, ThunderRoad",
        "drops": []
      },
      "position": {
        "x": -1.0,
        "y": 0.0,
        "z": 7.485
      },
      "face": "Left",
      "fakeViewAddress": "Bas.Area.GL_Arena_xC&C_Chapel.FakeView.0"
    },
    {
      "$type": "ThunderRoad.AreaData+AreaConnection, ThunderRoad",
      "connectionTypeIdContainerList": [
        {
          "$type": "ThunderRoad.AreaData+AreaConnectionTypeIdContainer, ThunderRoad",
          "dataId": "GL_Cave"
        }
      ],
      "overrideBlockerTableAdress": {
        "$type": "ThunderRoad.AreaConnectionTypeData+PrefabAdressTable, ThunderRoad",
        "drops": []
      },
      "position": {
        "x": 29.0,
        "y": -1.0,
        "z": 24.0
      },
      "face": "Front",
      "fakeViewAddress": "Bas.Area.GL_Arena_xC&C_Chapel.FakeView.1"
    },
    {
      "$type": "ThunderRoad.AreaData+AreaConnection, ThunderRoad",
      "connectionTypeIdContainerList": [
        {
          "$type": "ThunderRoad.AreaData+AreaConnectionTypeIdContainer, ThunderRoad",
          "dataId": "GL_Interior"
        },
        {
          "$type": "ThunderRoad.AreaData+AreaConnectionTypeIdContainer, ThunderRoad",
          "dataId": "GL_Cave"
        }
      ],
      "overrideBlockerTableAdress": {
        "$type": "ThunderRoad.AreaConnectionTypeData+PrefabAdressTable, ThunderRoad",
        "drops": []
      },
      "position": {
        "x": -1.0,
        "y": 7.0,
        "z": -42.0
      },
      "face": "Left",
      "fakeViewAddress": "Bas.Area.GL_Arena_xC&C_Chapel.FakeView.2"
    }
  ],
  "areaGlobalParameters": [
    {
      "$type": "ThunderRoad.AreaSunGlobalParameter, ThunderRoad",
      "dirLightColor": {
        "r": 1.0,
        "g": 0.956862748,
        "b": 0.8392157,
        "a": 1.0
      },
      "dirLightIntensity": 2.2,
      "dirLightIndirectMultiplier": 1.0,
      "directionalLightLocalRotation": {
        "x": 0.399016649,
        "y": -0.2605815,
        "z": 0.119376533,
        "w": 0.870995045
      },
      "visibleFromGate": true
    }
  ],
  "groupPath": "Outpost/Arena"
}