{
  "$type": "ThunderRoad.AreaData, ThunderRoad",
  "id": "DA_Parkour_MiningShaft",
  "sensitiveContent": "None",
  "sensitiveFilterBehaviour": "Discard",
  "version": 0,
  "isUnique": true,
  "areaPrefabAddress": "Bas.Area.DA_Parkour_MiningShaft",
  "lightingPresetAddress": "Bas.Area.DA_Parkour_MiningShaft.LightingPreset",
  "cullingAddress": "Bas.Area.DA_Parkour_MiningShaft.CullData",
  "Bounds": {
    "$type": "UnityEngine.Bounds, UnityEngine.CoreModule",
    "center": {
      "x": -10.22863,
      "y": 63.9889526,
      "z": -5.419998
    },
    "size": {
      "x": 254.146439,
      "y": 452.346375,
      "z": 148.76001
    },
    "extents": {
      "x": 127.073219,
      "y": 226.173187,
      "z": 74.3800049
    },
    "min": {
      "x": -137.301849,
      "y": -162.184235,
      "z": -79.8
    },
    "max": {
      "x": 116.844589,
      "y": 290.16214,
      "z": 68.96001
    }
  },
  "allowedRotation": [
    "Front",
    "Back",
    "Left",
    "Right"
  ],
  "connections": [
    {
      "$type": "ThunderRoad.AreaData+AreaConnection, ThunderRoad",
      "connectionTypeIdContainerList": [
        {
          "$type": "ThunderRoad.AreaData+AreaConnectionTypeIdContainer, ThunderRoad",
          "dataId": "DA_Cave"
        },
        {
          "$type": "ThunderRoad.AreaData+AreaConnectionTypeIdContainer, ThunderRoad",
          "dataId": "DA_Interior"
        }
      ],
      "overrideBlockerTableAdress": {
        "$type": "ThunderRoad.AreaConnectionTypeData+PrefabAdressTable, ThunderRoad",
        "drops": []
      },
      "position": {
        "x": 47.7,
        "y": -19.05,
        "z": -79.8
      },
      "face": "Back",
      "fakeViewAddress": "Bas.Area.DA_Parkour_MiningShaft.FakeView.0"
    },
    {
      "$type": "ThunderRoad.AreaData+AreaConnection, ThunderRoad",
      "connectionTypeIdContainerList": [
        {
          "$type": "ThunderRoad.AreaData+AreaConnectionTypeIdContainer, ThunderRoad",
          "dataId": "DA_Cave"
        },
        {
          "$type": "ThunderRoad.AreaData+AreaConnectionTypeIdContainer, ThunderRoad",
          "dataId": "DA_Interior"
        }
      ],
      "overrideBlockerTableAdress": {
        "$type": "ThunderRoad.AreaConnectionTypeData+PrefabAdressTable, ThunderRoad",
        "drops": []
      },
      "position": {
        "x": 14.32,
        "y": 76.55,
        "z": 68.96
      },
      "face": "Front",
      "fakeViewAddress": "Bas.Area.DA_Parkour_MiningShaft.FakeView.1"
    }
  ],
  "areaGlobalParameters": [],
  "groupPath": "Dalgarian/Parkour"
}