{
  "$type": "ThunderRoad.AreaData, ThunderRoad",
  "id": "GL_Transi_xC&C_08",
  "sensitiveContent": "None",
  "sensitiveFilterBehaviour": "Discard",
  "version": 0,
  "isUnique": true,
  "areaPrefabAddress": "Bas.Area.GL_Transi_xC&C_08",
  "lightingPresetAddress": "Bas.Area.GL_Transi_xC&C_08.LightingPreset",
  "cullingAddress": "Bas.Area.GL_Transi_xC&C_08.CullData",
  "Bounds": {
    "$type": "UnityEngine.Bounds, UnityEngine.CoreModule",
    "center": {
      "x": -1.241602,
      "y": -0.4618969,
      "z": 21.1835175
    },
    "size": {
      "x": 17.1832027,
      "y": 13.66487,
      "z": 43.3670349
    },
    "extents": {
      "x": 8.591601,
      "y": 6.832435,
      "z": 21.6835175
    },
    "min": {
      "x": -9.833203,
      "y": -7.294332,
      "z": -0.5
    },
    "max": {
      "x": 7.34999943,
      "y": 6.370538,
      "z": 42.8670349
    }
  },
  "allowedRotation": [
    "Front",
    "Back",
    "Left",
    "Right"
  ],
  "connections": [
    {
      "$type": "ThunderRoad.AreaData+AreaConnection, ThunderRoad",
      "connectionTypeIdContainerList": [
        {
          "$type": "ThunderRoad.AreaData+AreaConnectionTypeIdContainer, ThunderRoad",
          "dataId": "GL_Interior"
        },
        {
          "$type": "ThunderRoad.AreaData+AreaConnectionTypeIdContainer, ThunderRoad",
          "dataId": "GL_Cave"
        }
      ],
      "overrideBlockerTableAdress": {
        "$type": "ThunderRoad.AreaConnectionTypeData+PrefabAdressTable, ThunderRoad",
        "drops": []
      },
      "position": {
        "x": 0.0,
        "y": 0.0,
        "z": -0.5
      },
      "face": "Back",
      "fakeViewAddress": "Bas.Area.GL_Transi_xC&C_08.FakeView.0"
    },
    {
      "$type": "ThunderRoad.AreaData+AreaConnection, ThunderRoad",
      "connectionTypeIdContainerList": [
        {
          "$type": "ThunderRoad.AreaData+AreaConnectionTypeIdContainer, ThunderRoad",
          "dataId": "GL_Cave"
        }
      ],
      "overrideBlockerTableAdress": {
        "$type": "ThunderRoad.AreaConnectionTypeData+PrefabAdressTable, ThunderRoad",
        "drops": []
      },
      "position": {
        "x": 7.35,
        "y": -5.9971,
        "z": 38.5
      },
      "face": "Right",
      "fakeViewAddress": "Bas.Area.GL_Transi_xC&C_08.FakeView.1"
    }
  ],
  "areaGlobalParameters": [],
  "groupPath": "Outpost/Transi"
}