{
  "$type": "ThunderRoad.AreaData, ThunderRoad",
  "id": "DA_Arena_Forge",
  "sensitiveContent": "None",
  "sensitiveFilterBehaviour": "Discard",
  "version": 0,
  "isUnique": true,
  "areaPrefabAddress": "Bas.Area.DA_Arena_Forge",
  "lightingPresetAddress": "Bas.Area.DA_Arena_Forge.LightingPreset",
  "cullingAddress": "Bas.Area.DA_Arena_Forge.CullData",
  "Bounds": {
    "$type": "UnityEngine.Bounds, UnityEngine.CoreModule",
    "center": {
      "x": -95.51456,
      "y": 33.4715233,
      "z": 2.95000076
    },
    "size": {
      "x": 210.8291,
      "y": 188.8559,
      "z": 81.9
    },
    "extents": {
      "x": 105.414551,
      "y": 94.42795,
      "z": 40.95
    },
    "min": {
      "x": -200.929108,
      "y": -60.9564247,
      "z": -38.0
    },
    "max": {
      "x": 9.899994,
      "y": 127.899475,
      "z": 43.9
    }
  },
  "allowedRotation": [
    "Front",
    "Back",
    "Left",
    "Right"
  ],
  "connections": [
    {
      "$type": "ThunderRoad.AreaData+AreaConnection, ThunderRoad",
      "connectionTypeIdContainerList": [
        {
          "$type": "ThunderRoad.AreaData+AreaConnectionTypeIdContainer, ThunderRoad",
          "dataId": "DA_Cave"
        },
        {
          "$type": "ThunderRoad.AreaData+AreaConnectionTypeIdContainer, ThunderRoad",
          "dataId": "DA_Interior"
        }
      ],
      "overrideBlockerTableAdress": {
        "$type": "ThunderRoad.AreaConnectionTypeData+PrefabAdressTable, ThunderRoad",
        "drops": []
      },
      "position": {
        "x": 9.9,
        "y": -0.05,
        "z": 7.1
      },
      "face": "Right",
      "fakeViewAddress": "Bas.Area.DA_Arena_Forge.FakeView.0"
    },
    {
      "$type": "ThunderRoad.AreaData+AreaConnection, ThunderRoad",
      "connectionTypeIdContainerList": [
        {
          "$type": "ThunderRoad.AreaData+AreaConnectionTypeIdContainer, ThunderRoad",
          "dataId": "DA_Cave"
        },
        {
          "$type": "ThunderRoad.AreaData+AreaConnectionTypeIdContainer, ThunderRoad",
          "dataId": "DA_Interior"
        }
      ],
      "overrideBlockerTableAdress": {
        "$type": "ThunderRoad.AreaConnectionTypeData+PrefabAdressTable, ThunderRoad",
        "drops": []
      },
      "position": {
        "x": -55.75,
        "y": -5.0,
        "z": 43.9
      },
      "face": "Front",
      "fakeViewAddress": "Bas.Area.DA_Arena_Forge.FakeView.1"
    },
    {
      "$type": "ThunderRoad.AreaData+AreaConnection, ThunderRoad",
      "connectionTypeIdContainerList": [
        {
          "$type": "ThunderRoad.AreaData+AreaConnectionTypeIdContainer, ThunderRoad",
          "dataId": "DA_Interior"
        },
        {
          "$type": "ThunderRoad.AreaData+AreaConnectionTypeIdContainer, ThunderRoad",
          "dataId": "DA_Cave"
        }
      ],
      "overrideBlockerTableAdress": {
        "$type": "ThunderRoad.AreaConnectionTypeData+PrefabAdressTable, ThunderRoad",
        "drops": []
      },
      "position": {
        "x": -85.9,
        "y": -5.0,
        "z": -38.0
      },
      "face": "Back",
      "fakeViewAddress": "Bas.Area.DA_Arena_Forge.FakeView.2"
    }
  ],
  "areaGlobalParameters": [],
  "groupPath": "Dalgarian/Arena"
}