{
  "$type": "ThunderRoad.AreaData, ThunderRoad",
  "id": "DA_Transi_BrokenDoor",
  "sensitiveContent": "None",
  "sensitiveFilterBehaviour": "Discard",
  "version": 0,
  "isUnique": true,
  "areaPrefabAddress": "Bas.Area.DA_Transi_BrokenDoor",
  "lightingPresetAddress": "Bas.Area.DA_Transi_BrokenDoor.LightingPreset",
  "cullingAddress": "Bas.Area.DA_Transi_BrokenDoor.CullData",
  "Bounds": {
    "$type": "UnityEngine.Bounds, UnityEngine.CoreModule",
    "center": {
      "x": -1.35880852,
      "y": 14.6180477,
      "z": -40.65
    },
    "size": {
      "x": 59.3836174,
      "y": 73.2037048,
      "z": 79.7
    },
    "extents": {
      "x": 29.6918087,
      "y": 36.6018524,
      "z": 39.85
    },
    "min": {
      "x": -31.0506172,
      "y": -21.9838047,
      "z": -80.5
    },
    "max": {
      "x": 28.333,
      "y": 51.219902,
      "z": -0.800003052
    }
  },
  "allowedRotation": [
    "Front",
    "Back",
    "Left",
    "Right"
  ],
  "connections": [
    {
      "$type": "ThunderRoad.AreaData+AreaConnection, ThunderRoad",
      "connectionTypeIdContainerList": [
        {
          "$type": "ThunderRoad.AreaData+AreaConnectionTypeIdContainer, ThunderRoad",
          "dataId": "DA_Interior"
        },
        {
          "$type": "ThunderRoad.AreaData+AreaConnectionTypeIdContainer, ThunderRoad",
          "dataId": "DA_Cave"
        }
      ],
      "overrideBlockerTableAdress": {
        "$type": "ThunderRoad.AreaConnectionTypeData+PrefabAdressTable, ThunderRoad",
        "drops": []
      },
      "position": {
        "x": 28.333,
        "y": 15.9629993,
        "z": -43.7
      },
      "face": "Right",
      "fakeViewAddress": "Bas.Area.DA_Transi_BrokenDoor.FakeView.0"
    },
    {
      "$type": "ThunderRoad.AreaData+AreaConnection, ThunderRoad",
      "connectionTypeIdContainerList": [
        {
          "$type": "ThunderRoad.AreaData+AreaConnectionTypeIdContainer, ThunderRoad",
          "dataId": "GL_Cave"
        },
        {
          "$type": "ThunderRoad.AreaData+AreaConnectionTypeIdContainer, ThunderRoad",
          "dataId": "DA_Interior"
        }
      ],
      "overrideBlockerTableAdress": {
        "$type": "ThunderRoad.AreaConnectionTypeData+PrefabAdressTable, ThunderRoad",
        "drops": []
      },
      "position": {
        "x": 1.18299961,
        "y": 14.3499994,
        "z": -80.5
      },
      "face": "Back",
      "fakeViewAddress": "Bas.Area.DA_Transi_BrokenDoor.FakeView.1"
    },
    {
      "$type": "ThunderRoad.AreaData+AreaConnection, ThunderRoad",
      "connectionTypeIdContainerList": [
        {
          "$type": "ThunderRoad.AreaData+AreaConnectionTypeIdContainer, ThunderRoad",
          "dataId": "DA_Cave"
        },
        {
          "$type": "ThunderRoad.AreaData+AreaConnectionTypeIdContainer, ThunderRoad",
          "dataId": "DA_Interior"
        }
      ],
      "overrideBlockerTableAdress": {
        "$type": "ThunderRoad.AreaConnectionTypeData+PrefabAdressTable, ThunderRoad",
        "drops": []
      },
      "position": {
        "x": 0.182999611,
        "y": -1.18700027,
        "z": -0.7999992
      },
      "face": "Front",
      "fakeViewAddress": "Bas.Area.DA_Transi_BrokenDoor.FakeView.2"
    },
    {
      "$type": "ThunderRoad.AreaData+AreaConnection, ThunderRoad",
      "connectionTypeIdContainerList": [
        {
          "$type": "ThunderRoad.AreaData+AreaConnectionTypeIdContainer, ThunderRoad",
          "dataId": "DA_Cave"
        },
        {
          "$type": "ThunderRoad.AreaData+AreaConnectionTypeIdContainer, ThunderRoad",
          "dataId": "GL_Interior"
        }
      ],
      "overrideBlockerTableAdress": {
        "$type": "ThunderRoad.AreaConnectionTypeData+PrefabAdressTable, ThunderRoad",
        "drops": []
      },
      "position": {
        "x": -2.56700039,
        "y": 15.813,
        "z": -0.799999237
      },
      "face": "Front",
      "fakeViewAddress": "Bas.Area.DA_Transi_BrokenDoor.FakeView.3"
    }
  ],
  "areaGlobalParameters": [],
  "groupPath": "Dalgarian/Transi"
}