{
  "$type": "ThunderRoad.AreaData, ThunderRoad",
  "id": "GL_XSTransi_Castle_08",
  "sensitiveContent": "None",
  "sensitiveFilterBehaviour": "Discard",
  "version": 0,
  "isUnique": true,
  "areaPrefabAddress": "Bas.Area.GL_XSTransi_Castle_08",
  "lightingPresetAddress": "Bas.Area.GL_XSTransi_Castle_08.LightingPreset",
  "cullingAddress": "Bas.Area.GL_XSTransi_Castle_08.CullData",
  "Bounds": {
    "$type": "UnityEngine.Bounds, UnityEngine.CoreModule",
    "center": {
      "x": 1.23650026,
      "y": 0.710135,
      "z": 1.96770191
    },
    "size": {
      "x": 14.189,
      "y": 11.88027,
      "z": 17.6614037
    },
    "extents": {
      "x": 7.0945,
      "y": 5.940135,
      "z": 8.830702
    },
    "min": {
      "x": -5.858,
      "y": -5.23,
      "z": -6.863
    },
    "max": {
      "x": 8.331,
      "y": 6.65027,
      "z": 10.7984037
    }
  },
  "allowedRotation": [
    "Front",
    "Back",
    "Left",
    "Right"
  ],
  "connections": [
    {
      "$type": "ThunderRoad.AreaData+AreaConnection, ThunderRoad",
      "connectionTypeIdContainerList": [
        {
          "$type": "ThunderRoad.AreaData+AreaConnectionTypeIdContainer, ThunderRoad",
          "dataId": "GL_Interior"
        }
      ],
      "overrideBlockerTableAdress": {
        "$type": "ThunderRoad.AreaConnectionTypeData+PrefabAdressTable, ThunderRoad",
        "drops": []
      },
      "position": {
        "x": -5.858,
        "y": -4.23,
        "z": 0.8100004
      },
      "face": "Left",
      "fakeViewAddress": "Bas.Area.GL_XSTransi_Castle_08.FakeView.0"
    },
    {
      "$type": "ThunderRoad.AreaData+AreaConnection, ThunderRoad",
      "connectionTypeIdContainerList": [
        {
          "$type": "ThunderRoad.AreaData+AreaConnectionTypeIdContainer, ThunderRoad",
          "dataId": "GL_Interior"
        }
      ],
      "overrideBlockerTableAdress": {
        "$type": "ThunderRoad.AreaConnectionTypeData+PrefabAdressTable, ThunderRoad",
        "drops": []
      },
      "position": {
        "x": 8.331,
        "y": -4.23,
        "z": -3.68999958
      },
      "face": "Right",
      "fakeViewAddress": "Bas.Area.GL_XSTransi_Castle_08.FakeView.1"
    },
    {
      "$type": "ThunderRoad.AreaData+AreaConnection, ThunderRoad",
      "connectionTypeIdContainerList": [
        {
          "$type": "ThunderRoad.AreaData+AreaConnectionTypeIdContainer, ThunderRoad",
          "dataId": "GL_Interior"
        }
      ],
      "overrideBlockerTableAdress": {
        "$type": "ThunderRoad.AreaConnectionTypeData+PrefabAdressTable, ThunderRoad",
        "drops": []
      },
      "position": {
        "x": -2.75,
        "y": 0.01999998,
        "z": -6.863
      },
      "face": "Back",
      "fakeViewAddress": "Bas.Area.GL_XSTransi_Castle_08.FakeView.2"
    }
  ],
  "areaGlobalParameters": [],
  "groupPath": "Outpost/XSTransi"
}