{
  "$type": "ThunderRoad.CreatureTable, ThunderRoad",
  "id": "CultistMeleeOnly",
  "sensitiveContent": "None",
  "sensitiveFilterBehaviour": "Discard",
  "version": 1,
  "description": null,
  "linkedToGenderRatio": false,
  "drops": [
    {
      "$type": "ThunderRoad.CreatureTable+Drop, ThunderRoad",
      "reference": "Table",
      "referenceID": "Cultist_Base_MeleeWeak",
      "overrideFaction": false,
      "factionID": 5,
      "overrideContainer": false,
      "overrideContainerID": "CultistDevotee",
      "overrideBrain": false,
      "overrideBrainID": "HumanHard",
      "overrideEthnicity": false,
      "overrideEthnicityID": null,
      "probabilityWeight": 5
    },
    {
      "$type": "ThunderRoad.CreatureTable+Drop, ThunderRoad",
      "reference": "Table",
      "referenceID": "Cultist_Base_MeleeStrong",
      "overrideFaction": false,
      "factionID": 5,
      "overrideContainer": false,
      "overrideContainerID": "CultistPartisan",
      "overrideBrain": false,
      "overrideBrainID": "HumanHard",
      "overrideEthnicity": false,
      "overrideEthnicityID": null,
      "probabilityWeight": 4
    }
  ],
  "groupPath": "Factions/Sandbox"
}