{
  "$type": "ThunderRoad.CreatureTable, ThunderRoad",
  "id": "TribalMeleeOnly",
  "sensitiveContent": "None",
  "sensitiveFilterBehaviour": "Discard",
  "version": 1,
  "description": "",
  "linkedToGenderRatio": false,
  "drops": [
    {
      "$type": "ThunderRoad.CreatureTable+Drop, ThunderRoad",
      "reference": "Table",
      "referenceID": "Tribal_Base_MeleeWeak",
      "overrideFaction": false,
      "factionID": 7,
      "overrideContainer": false,
      "overrideContainerID": "TribalGladiator",
      "overrideBrain": false,
      "overrideBrainID": "HumanMedium",
      "overrideEthnicity": false,
      "overrideEthnicityID": null,
      "probabilityWeight": 4
    },
    {
      "$type": "ThunderRoad.CreatureTable+Drop, ThunderRoad",
      "reference": "Table",
      "referenceID": "Tribal_Base_MeleeStrong",
      "overrideFaction": false,
      "factionID": 7,
      "overrideContainer": false,
      "overrideContainerID": "TribalBerserker",
      "overrideBrain": false,
      "overrideBrainID": "HumanMedium",
      "overrideEthnicity": false,
      "overrideEthnicityID": null,
      "probabilityWeight": 4
    }
  ],
  "groupPath": "Factions/Sandbox"
}