{
  "$type": "ThunderRoad.CreatureTable, ThunderRoad",
  "id": "ScavengerRareMix",
  "sensitiveContent": "None",
  "sensitiveFilterBehaviour": "Discard",
  "version": 1,
  "description": null,
  "linkedToGenderRatio": false,
  "drops": [
    {
      "$type": "ThunderRoad.CreatureTable+Drop, ThunderRoad",
      "reference": "Table",
      "referenceID": "Scavenger_Base_MeleeWeak",
      "overrideFaction": false,
      "factionID": 4,
      "overrideContainer": false,
      "overrideContainerID": "ScavengerMugger",
      "overrideBrain": false,
      "overrideBrainID": "HumanEasy",
      "overrideEthnicity": false,
      "overrideEthnicityID": null,
      "probabilityWeight": 5
    },
    {
      "$type": "ThunderRoad.CreatureTable+Drop, ThunderRoad",
      "reference": "Table",
      "referenceID": "Scavenger_Base_MeleeSpecial",
      "overrideFaction": false,
      "factionID": 4,
      "overrideContainer": false,
      "overrideContainerID": "ScavengerHunter",
      "overrideBrain": false,
      "overrideBrainID": "HumanEasy",
      "overrideEthnicity": false,
      "overrideEthnicityID": null,
      "probabilityWeight": 5
    },
    {
      "$type": "ThunderRoad.CreatureTable+Drop, ThunderRoad",
      "reference": "Table",
      "referenceID": "Scavenger_Base_Ranged",
      "overrideFaction": false,
      "factionID": 4,
      "overrideContainer": false,
      "overrideContainerID": "ScavengerFiend",
      "overrideBrain": false,
      "overrideBrainID": "HumanEasy",
      "overrideEthnicity": false,
      "overrideEthnicityID": null,
      "probabilityWeight": 5
    }
  ],
  "groupPath": "Factions/Dungeon"
}