{
  "$type": "ThunderRoad.CreatureTable, ThunderRoad",
  "id": "Humans",
  "sensitiveContent": "None",
  "sensitiveFilterBehaviour": "Discard",
  "version": 1,
  "description": null,
  "linkedToGenderRatio": true,
  "drops": [
    {
      "$type": "ThunderRoad.CreatureTable+Drop, ThunderRoad",
      "reference": "Creature",
      "referenceID": "HumanFemale",
      "overrideFaction": false,
      "factionID": 0,
      "overrideContainer": false,
      "overrideContainerID": "",
      "overrideBrain": false,
      "overrideBrainID": "",
      "overrideEthnicity": false,
      "overrideEthnicityID": null,
      "probabilityWeight": 50
    },
    {
      "$type": "ThunderRoad.CreatureTable+Drop, ThunderRoad",
      "reference": "Creature",
      "referenceID": "HumanMale",
      "overrideFaction": false,
      "factionID": 0,
      "overrideContainer": false,
      "overrideContainerID": "",
      "overrideBrain": false,
      "overrideBrainID": "",
      "overrideEthnicity": false,
      "overrideEthnicityID": null,
      "probabilityWeight": 50
    }
  ],
  "groupPath": null
}