{
  "$type": "ThunderRoad.CreatureTable, ThunderRoad",
  "id": "ChickenStatic",
  "sensitiveContent": "None",
  "sensitiveFilterBehaviour": "Discard",
  "version": 1,
  "description": null,
  "linkedToGenderRatio": false,
  "drops": [
    {
      "$type": "ThunderRoad.CreatureTable+Drop, ThunderRoad",
      "reference": "Creature",
      "referenceID": "Chicken",
      "overrideFaction": false,
      "factionID": -1,
      "overrideContainer": false,
      "overrideContainerID": "Knight1H",
      "overrideBrain": true,
      "overrideBrainID": "ChickenStatic",
      "overrideEthnicity": false,
      "overrideEthnicityID": null,
      "probabilityWeight": 1
    }
  ],
  "groupPath": null
}