{
  "$type": "ThunderRoad.CreatureTable, ThunderRoad",
  "id": "Soldier_Base_MeleeWeak",
  "sensitiveContent": "None",
  "sensitiveFilterBehaviour": "Discard",
  "version": 1,
  "description": "Base tables for factions contain the settings used for each unit type, so we only have to edit them from one place. These should be used in other creature tables and waves instead of overriding containers.",
  "linkedToGenderRatio": false,
  "drops": [
    {
      "$type": "ThunderRoad.CreatureTable+Drop, ThunderRoad",
      "reference": "Table",
      "referenceID": "Humans",
      "overrideFaction": true,
      "factionID": 8,
      "overrideContainer": true,
      "overrideContainerID": "SoldierFootman",
      "overrideBrain": true,
      "overrideBrainID": "HumanMedium",
      "overrideEthnicity": false,
      "overrideEthnicityID": null,
      "probabilityWeight": 1
    },
    {
      "$type": "ThunderRoad.CreatureTable+Drop, ThunderRoad",
      "reference": "Table",
      "referenceID": "Humans",
      "overrideFaction": true,
      "factionID": 8,
      "overrideContainer": true,
      "overrideContainerID": "SoldierWatchman",
      "overrideBrain": true,
      "overrideBrainID": "HumanMedium",
      "overrideEthnicity": false,
      "overrideEthnicityID": null,
      "probabilityWeight": 1
    },
    {
      "$type": "ThunderRoad.CreatureTable+Drop, ThunderRoad",
      "reference": "Table",
      "referenceID": "Humans",
      "overrideFaction": true,
      "factionID": 8,
      "overrideContainer": true,
      "overrideContainerID": "SoldierAxeman",
      "overrideBrain": true,
      "overrideBrainID": "HumanMedium",
      "overrideEthnicity": false,
      "overrideEthnicityID": null,
      "probabilityWeight": 1
    }
  ],
  "groupPath": "Factions/Base"
}