{
  "$type": "ThunderRoad.CreatureTable, ThunderRoad",
  "id": "DebugMelee",
  "sensitiveContent": "None",
  "sensitiveFilterBehaviour": "Discard",
  "version": 1,
  "description": null,
  "linkedToGenderRatio": false,
  "drops": [
    {
      "$type": "ThunderRoad.CreatureTable+Drop, ThunderRoad",
      "reference": "Table",
      "referenceID": "Humans",
      "overrideFaction": true,
      "factionID": 3,
      "overrideContainer": true,
      "overrideContainerID": "CivilianMelee",
      "overrideBrain": true,
      "overrideBrainID": "HumanHard",
      "overrideEthnicity": false,
      "overrideEthnicityID": null,
      "probabilityWeight": 1
    }
  ],
  "groupPath": "Factions/Testing"
}