{
  "$type": "ThunderRoad.CreatureTable, ThunderRoad",
  "id": "CultistRareRanged",
  "sensitiveContent": "None",
  "sensitiveFilterBehaviour": "Discard",
  "version": 1,
  "description": null,
  "linkedToGenderRatio": false,
  "drops": [
    {
      "$type": "ThunderRoad.CreatureTable+Drop, ThunderRoad",
      "reference": "Table",
      "referenceID": "Cultist_Base_RangedStrong",
      "overrideFaction": false,
      "factionID": 5,
      "overrideContainer": false,
      "overrideContainerID": "CultistGentry",
      "overrideBrain": false,
      "overrideBrainID": "HumanHard",
      "overrideEthnicity": false,
      "overrideEthnicityID": null,
      "probabilityWeight": 1
    }
  ],
  "groupPath": "Factions/Dungeon"
}