{
  "$type": "ThunderRoad.DamagerData, ThunderRoad",
  "id": "SaberSlash1H",
  "sensitiveContent": "None",
  "sensitiveFilterBehaviour": "Discard",
  "version": 1,
  "damageModifierId": "Slash",
  "tiers": [
    {
      "$type": "ThunderRoad.DamagerData+Tier, ThunderRoad",
      "damageMultiplier": 0.55,
      "playerDamageMultiplier": 1.0,
      "maxVerticalAngle": 80.0,
      "maxHorizontalAngle": 40.0,
      "maxNormalAngle": 80.0,
      "gripDisableChance": 0.0,
      "dismembermentMinVelocityMultiplier": 2.5,
      "dismembermentMaxVerticalAngle": 80.0,
      "dismembermentMaxHorizontalAngle": 40.0
    },
    {
      "$type": "ThunderRoad.DamagerData+Tier, ThunderRoad",
      "damageMultiplier": 0.75,
      "playerDamageMultiplier": 1.0,
      "maxVerticalAngle": 80.0,
      "maxHorizontalAngle": 40.0,
      "maxNormalAngle": 80.0,
      "gripDisableChance": 0.0,
      "dismembermentMinVelocityMultiplier": 1.5,
      "dismembermentMaxVerticalAngle": 80.0,
      "dismembermentMaxHorizontalAngle": 40.0
    },
    {
      "$type": "ThunderRoad.DamagerData+Tier, ThunderRoad",
      "damageMultiplier": 0.95,
      "playerDamageMultiplier": 1.25,
      "maxVerticalAngle": 80.0,
      "maxHorizontalAngle": 40.0,
      "maxNormalAngle": 80.0,
      "gripDisableChance": 0.0,
      "dismembermentMinVelocityMultiplier": 1.0,
      "dismembermentMaxVerticalAngle": 80.0,
      "dismembermentMaxHorizontalAngle": 40.0
    },
    {
      "$type": "ThunderRoad.DamagerData+Tier, ThunderRoad",
      "damageMultiplier": 1.05,
      "playerDamageMultiplier": 1.5,
      "maxVerticalAngle": 80.0,
      "maxHorizontalAngle": 40.0,
      "maxNormalAngle": 80.0,
      "gripDisableChance": 0.0,
      "dismembermentMinVelocityMultiplier": 0.9,
      "dismembermentMaxVerticalAngle": 80.0,
      "dismembermentMaxHorizontalAngle": 40.0
    },
    {
      "$type": "ThunderRoad.DamagerData+Tier, ThunderRoad",
      "damageMultiplier": 1.15,
      "playerDamageMultiplier": 1.75,
      "maxVerticalAngle": 80.0,
      "maxHorizontalAngle": 40.0,
      "maxNormalAngle": 80.0,
      "gripDisableChance": 0.0,
      "dismembermentMinVelocityMultiplier": 0.8,
      "dismembermentMaxVerticalAngle": 80.0,
      "dismembermentMaxHorizontalAngle": 40.0
    },
    {
      "$type": "ThunderRoad.DamagerData+Tier, ThunderRoad",
      "damageMultiplier": 1.15,
      "playerDamageMultiplier": 2.0,
      "maxVerticalAngle": 0.0,
      "maxHorizontalAngle": 40.0,
      "maxNormalAngle": 80.0,
      "gripDisableChance": 0.0,
      "dismembermentMinVelocityMultiplier": 0.8,
      "dismembermentMaxVerticalAngle": 80.0,
      "dismembermentMaxHorizontalAngle": 40.0
    }
  ],
  "velocityDamageCurve": {
    "$type": "UnityEngine.AnimationCurve, UnityEngine.CoreModule",
    "keys": [
      {
        "$type": "UnityEngine.Keyframe, UnityEngine.CoreModule",
        "time": 2.0,
        "value": 1.0,
        "inTangent": 0.0,
        "outTangent": 0.0,
        "inWeight": 0.0,
        "outWeight": 0.0,
        "weightedMode": "None",
        "tangentMode": 0
      },
      {
        "$type": "UnityEngine.Keyframe, UnityEngine.CoreModule",
        "time": 20.0,
        "value": 2.0,
        "inTangent": 0.0,
        "outTangent": 0.0,
        "inWeight": 0.0,
        "outWeight": 0.0,
        "weightedMode": "None",
        "tangentMode": 0
      }
    ],
    "length": 2,
    "preWrapMode": "ClampForever",
    "postWrapMode": "ClampForever"
  },
  "minSelfVelocity": 0.0,
  "intensityMinVelocity": 0.0,
  "intensityMaxVelocity": 0.0,
  "hitDelayByCollider": 0.1,
  "playerMinDamage": 5.0,
  "playerMaxDamage": 15.0,
  "selfDamage": false,
  "staticVelocityDamageCurve": {
    "$type": "UnityEngine.AnimationCurve, UnityEngine.CoreModule",
    "keys": [
      {
        "$type": "UnityEngine.Keyframe, UnityEngine.CoreModule",
        "time": 2.0,
        "value": 1.0,
        "inTangent": 0.0,
        "outTangent": 0.0,
        "inWeight": 0.0,
        "outWeight": 0.0,
        "weightedMode": "None",
        "tangentMode": 0
      },
      {
        "$type": "UnityEngine.Keyframe, UnityEngine.CoreModule",
        "time": 12.0,
        "value": 8.0,
        "inTangent": 0.0,
        "outTangent": 0.0,
        "inWeight": 0.0,
        "outWeight": 0.0,
        "weightedMode": "None",
        "tangentMode": 0
      }
    ],
    "length": 2,
    "preWrapMode": "ClampForever",
    "postWrapMode": "ClampForever"
  },
  "throwedMultiplier": 1.0,
  "handleDamager": false,
  "badAngleBluntFallback": true,
  "badAngleDamage": 0.75,
  "badAngleRecoilMultiplier": 0.5,
  "badAngleMaterialDamageId": "BluntLight",
  "dyingAnimationMaxVelocity": 8.0,
  "addForce": 0.0,
  "addForceState": "Handled",
  "addForceTargetType": "All",
  "addForceMode": "Impulse",
  "addForceDuration": 0.0,
  "addForceRagdollPartMultiplier": 1.0,
  "addForceRagdollOtherMultiplier": 0.0,
  "addForceSlowMoMultiplier": 1.0,
  "addForceNormalize": false,
  "penetrationAllowed": true,
  "penetrationDeepDepthMultiplier": 1.0,
  "penetrationDamage": 15.0,
  "penetrationEffect": true,
  "penetrationInitialVelocityMultiplier": 1.0,
  "penetrationSkewerDetection": false,
  "penetrationSkewerDamage": 0.0,
  "penetrationHeldDamperIn": 10000.0,
  "penetrationHeldDamperOut": 100.0,
  "penetrationDamper": 100.0,
  "penetrationShortDepth": 0.1,
  "penetrationShortDepthAngle": 30.0,
  "penetrationAllowSlide": true,
  "penetrationSlideDamper": 100.0,
  "penetrationTempModifier": "OnThrow",
  "penetrationTempModifierDuration": 0.5,
  "penetrationTempModifierDamperIn": 0.0,
  "penetrationTempModifierDamperOut": 5000.0,
  "penetrationPressureAllowed": true,
  "penetrationPressureForceCurve": {
    "$type": "UnityEngine.AnimationCurve, UnityEngine.CoreModule",
    "keys": [
      {
        "$type": "UnityEngine.Keyframe, UnityEngine.CoreModule",
        "time": 0.0,
        "value": 5.0,
        "inTangent": 0.0,
        "outTangent": 0.0,
        "inWeight": 0.0,
        "outWeight": 0.0,
        "weightedMode": "None",
        "tangentMode": 0
      },
      {
        "$type": "UnityEngine.Keyframe, UnityEngine.CoreModule",
        "time": 1.25,
        "value": 0.5,
        "inTangent": 0.0,
        "outTangent": 0.0,
        "inWeight": 0.0,
        "outWeight": 0.0,
        "weightedMode": "None",
        "tangentMode": 0
      }
    ],
    "length": 2,
    "preWrapMode": "ClampForever",
    "postWrapMode": "ClampForever"
  },
  "penetrationPressureMaxDot": 0.2,
  "dismembermentAllowed": true,
  "dismembermentMinVelocity": 12.0,
  "dismembermentNoPenetrationDuration": 1.0,
  "groupPath": null
}