{
  "$type": "ThunderRoad.DamagerData, ThunderRoad",
  "id": "AxeSlash1HSliding",
  "sensitiveContent": "None",
  "sensitiveFilterBehaviour": "Discard",
  "version": 1,
  "damageModifierId": "SlashAxe",
  "tiers": [
    {
      "$type": "ThunderRoad.DamagerData+Tier, ThunderRoad",
      "damageMultiplier": 0.5,
      "playerDamageMultiplier": 1.0,
      "maxVerticalAngle": 80.0,
      "maxHorizontalAngle": 45.0,
      "maxNormalAngle": 80.0,
      "gripDisableChance": 0.0,
      "dismembermentMinVelocityMultiplier": 2.0,
      "dismembermentMaxVerticalAngle": 80.0,
      "dismembermentMaxHorizontalAngle": 45.0
    },
    {
      "$type": "ThunderRoad.DamagerData+Tier, ThunderRoad",
      "damageMultiplier": 0.7,
      "playerDamageMultiplier": 1.0,
      "maxVerticalAngle": 80.0,
      "maxHorizontalAngle": 45.0,
      "maxNormalAngle": 80.0,
      "gripDisableChance": 0.0,
      "dismembermentMinVelocityMultiplier": 1.5,
      "dismembermentMaxVerticalAngle": 80.0,
      "dismembermentMaxHorizontalAngle": 45.0
    },
    {
      "$type": "ThunderRoad.DamagerData+Tier, ThunderRoad",
      "damageMultiplier": 0.9,
      "playerDamageMultiplier": 1.25,
      "maxVerticalAngle": 80.0,
      "maxHorizontalAngle": 45.0,
      "maxNormalAngle": 80.0,
      "gripDisableChance": 0.0,
      "dismembermentMinVelocityMultiplier": 1.0,
      "dismembermentMaxVerticalAngle": 80.0,
      "dismembermentMaxHorizontalAngle": 45.0
    },
    {
      "$type": "ThunderRoad.DamagerData+Tier, ThunderRoad",
      "damageMultiplier": 1.0,
      "playerDamageMultiplier": 1.5,
      "maxVerticalAngle": 80.0,
      "maxHorizontalAngle": 45.0,
      "maxNormalAngle": 80.0,
      "gripDisableChance": 0.0,
      "dismembermentMinVelocityMultiplier": 0.9,
      "dismembermentMaxVerticalAngle": 80.0,
      "dismembermentMaxHorizontalAngle": 45.0
    },
    {
      "$type": "ThunderRoad.DamagerData+Tier, ThunderRoad",
      "damageMultiplier": 1.1,
      "playerDamageMultiplier": 1.75,
      "maxVerticalAngle": 80.0,
      "maxHorizontalAngle": 45.0,
      "maxNormalAngle": 80.0,
      "gripDisableChance": 0.0,
      "dismembermentMinVelocityMultiplier": 0.8,
      "dismembermentMaxVerticalAngle": 80.0,
      "dismembermentMaxHorizontalAngle": 45.0
    },
    {
      "$type": "ThunderRoad.DamagerData+Tier, ThunderRoad",
      "damageMultiplier": 1.1,
      "playerDamageMultiplier": 2.0,
      "maxVerticalAngle": 80.0,
      "maxHorizontalAngle": 45.0,
      "maxNormalAngle": 80.0,
      "gripDisableChance": 0.0,
      "dismembermentMinVelocityMultiplier": 0.8,
      "dismembermentMaxVerticalAngle": 80.0,
      "dismembermentMaxHorizontalAngle": 45.0
    }
  ],
  "velocityDamageCurve": {
    "$type": "UnityEngine.AnimationCurve, UnityEngine.CoreModule",
    "keys": [
      {
        "$type": "UnityEngine.Keyframe, UnityEngine.CoreModule",
        "time": 2.0,
        "value": 1.0,
        "inTangent": 0.0,
        "outTangent": 0.0,
        "inWeight": 0.0,
        "outWeight": 0.0,
        "weightedMode": "None",
        "tangentMode": 0
      },
      {
        "$type": "UnityEngine.Keyframe, UnityEngine.CoreModule",
        "time": 20.0,
        "value": 3.0,
        "inTangent": 0.0,
        "outTangent": 0.0,
        "inWeight": 0.0,
        "outWeight": 0.0,
        "weightedMode": "None",
        "tangentMode": 0
      }
    ],
    "length": 2,
    "preWrapMode": "ClampForever",
    "postWrapMode": "ClampForever"
  },
  "minSelfVelocity": 0.0,
  "intensityMinVelocity": 0.0,
  "intensityMaxVelocity": 0.0,
  "hitDelayByCollider": 0.1,
  "playerMinDamage": 5.0,
  "playerMaxDamage": 15.0,
  "selfDamage": false,
  "staticVelocityDamageCurve": {
    "$type": "UnityEngine.AnimationCurve, UnityEngine.CoreModule",
    "keys": [
      {
        "$type": "UnityEngine.Keyframe, UnityEngine.CoreModule",
        "time": 2.0,
        "value": 1.0,
        "inTangent": 0.0,
        "outTangent": 0.0,
        "inWeight": 0.0,
        "outWeight": 0.0,
        "weightedMode": "None",
        "tangentMode": 0
      },
      {
        "$type": "UnityEngine.Keyframe, UnityEngine.CoreModule",
        "time": 12.0,
        "value": 8.0,
        "inTangent": 0.0,
        "outTangent": 0.0,
        "inWeight": 0.0,
        "outWeight": 0.0,
        "weightedMode": "None",
        "tangentMode": 0
      }
    ],
    "length": 2,
    "preWrapMode": "ClampForever",
    "postWrapMode": "ClampForever"
  },
  "throwedMultiplier": 1.0,
  "handleDamager": false,
  "badAngleBluntFallback": true,
  "badAngleDamage": 2.0,
  "badAngleRecoilMultiplier": 0.5,
  "badAngleMaterialDamageId": "Blunt",
  "dyingAnimationMaxVelocity": 8.0,
  "addForce": 50.0,
  "addForceState": "Handled",
  "addForceTargetType": "Creature",
  "addForceMode": "Acceleration",
  "addForceDuration": 0.15,
  "addForceRagdollPartMultiplier": 2.0,
  "addForceRagdollOtherMultiplier": 0.5,
  "addForceSlowMoMultiplier": 1.35,
  "addForceNormalize": false,
  "penetrationAllowed": true,
  "penetrationDeepDepthMultiplier": 1.0,
  "penetrationDamage": 25.0,
  "penetrationEffect": true,
  "penetrationInitialVelocityMultiplier": 1.0,
  "penetrationSkewerDetection": true,
  "penetrationSkewerDamage": 10.0,
  "penetrationHeldDamperIn": 0.0,
  "penetrationHeldDamperOut": 10000.0,
  "penetrationDamper": 5000.0,
  "penetrationShortDepth": 0.12,
  "penetrationShortDepthAngle": 30.0,
  "penetrationAllowSlide": true,
  "penetrationSlideDamper": 250.0,
  "penetrationTempModifier": "OnThrow",
  "penetrationTempModifierDuration": 1.0,
  "penetrationTempModifierDamperIn": 0.0,
  "penetrationTempModifierDamperOut": 100000.0,
  "penetrationPressureAllowed": true,
  "penetrationPressureForceCurve": {
    "$type": "UnityEngine.AnimationCurve, UnityEngine.CoreModule",
    "keys": [
      {
        "$type": "UnityEngine.Keyframe, UnityEngine.CoreModule",
        "time": 0.0,
        "value": 5.0,
        "inTangent": 0.0,
        "outTangent": 0.0,
        "inWeight": 0.0,
        "outWeight": 0.0,
        "weightedMode": "None",
        "tangentMode": 0
      },
      {
        "$type": "UnityEngine.Keyframe, UnityEngine.CoreModule",
        "time": 2.0,
        "value": 0.5,
        "inTangent": 0.0,
        "outTangent": 0.0,
        "inWeight": 0.0,
        "outWeight": 0.0,
        "weightedMode": "None",
        "tangentMode": 0
      }
    ],
    "length": 2,
    "preWrapMode": "ClampForever",
    "postWrapMode": "ClampForever"
  },
  "penetrationPressureMaxDot": 0.2,
  "dismembermentAllowed": true,
  "dismembermentMinVelocity": 9.0,
  "dismembermentNoPenetrationDuration": 1.0,
  "groupPath": null
}