{
  "$type": "ThunderRoad.BrainData, ThunderRoad",
  "id": "HumanHardHeavy",
  "sensitiveContent": "None",
  "sensitiveFilterBehaviour": "Discard",
  "version": 2,
  "pooledCount": 5,
  "cycle": true,
  "cyclePlayerMinDistance": 2.0,
  "cyclePlayerMaxDistance": 20.0,
  "difficulty": 3,
  "treeID": "Human",
  "treeDebugLog": false,
  "updateTree": true,
  "modules": [
    {
      "$type": "ThunderRoad.BrainModuleSpeak, ThunderRoad",
      "audioEnabled": true,
      "audioVolume": 0.7,
      "audioPitchRange": {
        "x": 1.0,
        "y": 1.0
      },
      "audioFallVelocityThreshold": 5.0,
      "audioAttackChance": 0.7,
      "audioHitChance": 1.0,
      "audioDeathChance": 1.0,
      "moveMouth": true,
      "audioLipSyncUpdateRate": 0.05,
      "audioLipSyncMaxValue": 0.3,
      "audioLipSampleDataLength": 1024,
      "lipSyncSpeed": 5.0,
      "speakOnAttackMelee": true,
      "speakOnAttackCast": false,
      "speakOnAttackBow": false,
      "speakOnChoke": false,
      "neckStabSilencelevel": 1,
      "headStabSilenceLevel": 1,
      "backStabSilenceLevel": 1,
      "randomSpeakIdleChance": 0.0,
      "randomSpeakAlertChance": 0.0,
      "randomSpeakInvestigateChance": 0.0,
      "randomSpeakCombatChance": 0.0,
      "randomSpeakDelay": 5.0,
      "muffleSpeakDelay": 1.5,
      "speakLoudness": 0.0,
      "creature": null
    },
    {
      "$type": "ThunderRoad.BrainModuleMove, ThunderRoad",
      "allowMove": true,
      "runDistance": 2.0,
      "useAcceleration": false,
      "acceleration": 0.3,
      "baseTurnSpeedMultiplier": 4.0,
      "navReachDistance": 0.05,
      "strafeMinDelay": 0.0,
      "strafeMaxDelay": 2.0,
      "samplePositionCircleSteps": 6,
      "areaMask": -3,
      "stuckRadius": 0.01,
      "stuckMaxDuration": 0.5,
      "preventTooClose": true,
      "tooCloseDistance": 0.7,
      "edgeAvoidanceDistance": 0.1,
      "locomotionOverride": true,
      "locomotionForwardSpeedMultiplier": 1.0,
      "locomotionBackwardSpeedMultiplier": 0.9,
      "locomotionStrafeSpeedMultiplier": 1.0,
      "locomotionRunSpeedMultiplier": 1.5,
      "reachTime": 0.6666667,
      "reachCurve": {
        "$type": "UnityEngine.AnimationCurve, UnityEngine.CoreModule",
        "keys": [
          {
            "$type": "UnityEngine.Keyframe, UnityEngine.CoreModule",
            "time": 0.0,
            "value": 0.0,
            "inTangent": 0.0,
            "outTangent": 0.0,
            "inWeight": 0.0,
            "outWeight": 0.09549549,
            "weightedMode": "None",
            "tangentMode": 0
          },
          {
            "$type": "UnityEngine.Keyframe, UnityEngine.CoreModule",
            "time": 0.318726033,
            "value": 0.00338953733,
            "inTangent": 0.04230822,
            "outTangent": 0.04230822,
            "inWeight": 0.333333343,
            "outWeight": 0.455180764,
            "weightedMode": "Both",
            "tangentMode": 0
          },
          {
            "$type": "UnityEngine.Keyframe, UnityEngine.CoreModule",
            "time": 1.0,
            "value": 1.0,
            "inTangent": 0.0831089,
            "outTangent": 0.0831089,
            "inWeight": 0.113513529,
            "outWeight": 0.0,
            "weightedMode": "None",
            "tangentMode": 0
          }
        ],
        "length": 3,
        "preWrapMode": "ClampForever",
        "postWrapMode": "ClampForever"
      },
      "doorReachClip": "Bas.Animation.Interaction.ReachDoorHandleLeft",
      "turnOffsetDegrees": 0.0,
      "path": null,
      "interactingDoors": [],
      "creature": null
    },
    {
      "$type": "ThunderRoad.BrainModuleMelee, ThunderRoad",
      "meleeEnabled": true,
      "attackMaxAngle": 45.0,
      "tooCloseForAttack": 0.6,
      "attackTurnSpeedMultiplier": 1.0,
      "maxRangeDelta": 0.2,
      "damageToCancelIsPercentValue": true,
      "minimumDamageToCancelAttack": 10.0,
      "recoilMinWeaponSpeed": 1.0,
      "recoilNothingRiposteChance": {
        "x": 0.0,
        "y": 0.05
      },
      "recoilNothingRiposteModifier": {
        "x": 0.03,
        "y": 0.11
      },
      "minMaxRiposteDelay": {
        "x": 0.5,
        "y": 1.0
      },
      "riposteSpeedAdditiveModifier": -0.01,
      "physicCullBlockMinimum": 0.1,
      "damagedIgnoreDefenseWindow": 0.75,
      "meleeMax": 3,
      "meleeSafeDistance": 3.25,
      "weaponReachRatio": 0.75,
      "updateClipRange": false,
      "armSpringMultiplier": 2.0,
      "armDamperMultiplier": 0.0,
      "armMaxForceMultiplier": 10.0,
      "minMaxPhysicCullWeaponSpeed": {
        "x": 2.5,
        "y": 25.0
      },
      "immediatePushFrameDelay": 2,
      "maxPushItemMass": 2.99,
      "shieldPushMassMult": 1.5,
      "animationSpeedMultiplier": 1.0,
      "minMaxTimeBetweenAttack": {
        "x": 0.0,
        "y": 0.5
      },
      "minAttackBehindChance": 0.0,
      "attackBehindAngleRange": {
        "x": 45.0,
        "y": 165.0
      },
      "moduleStance": null,
      "moduleMove": null,
      "moduleEquipment": null,
      "moduleDetection": null,
      "followingThrough": false,
      "meleeIdle": null,
      "creature": null
    },
    {
      "$type": "ThunderRoad.BrainModuleBow, ThunderRoad",
      "maxShootAngle": 1.0,
      "arrowDrawDelay": 0.5,
      "arrowNockDelay": 1.0,
      "bowDrawDelay": 1.0,
      "aimHitDropDelay": 0.1,
      "elbowIKGoal": {
        "x": 2.0,
        "y": 0.05,
        "z": -0.2
      },
      "aimMaxAngleHorizontal": 30.0,
      "aimMoveSpeed": 10.0,
      "turnSpeed": 1.0,
      "minMaxTimeToAttackFromAim": {
        "x": 0.0,
        "y": 4.0
      },
      "aimArmSpringMultiplier": 0.5,
      "state": "None",
      "minMaxTimeBetweenAttack": {
        "x": 1.0,
        "y": 4.0
      },
      "minAttackBehindChance": 0.0,
      "attackBehindAngleRange": {
        "x": 45.0,
        "y": 165.0
      },
      "shootData": null,
      "aimTime": 0.0,
      "moduleMove": null,
      "moduleLook": null,
      "moduleEquipment": null,
      "moduleStance": null,
      "creature": null
    },
    {
      "$type": "ThunderRoad.BrainModuleCast, ThunderRoad",
      "castMinMaxDelay": {
        "x": 4.0,
        "y": 5.0
      },
      "aimArmLengthMultiplier": 1.25,
      "minMana": 5.0,
      "maxAimAngle": 50.0,
      "chargeDurationMultiplier": 1.0,
      "usePositionIK": true,
      "useRotationIK": false,
      "IKAdjustCurve": {
        "$type": "UnityEngine.AnimationCurve, UnityEngine.CoreModule",
        "keys": [
          {
            "$type": "UnityEngine.Keyframe, UnityEngine.CoreModule",
            "time": 0.0,
            "value": 0.0,
            "inTangent": 0.00225301669,
            "outTangent": 0.00225301669,
            "inWeight": 0.0,
            "outWeight": 1.0,
            "weightedMode": "Out",
            "tangentMode": 0
          },
          {
            "$type": "UnityEngine.Keyframe, UnityEngine.CoreModule",
            "time": 1.0,
            "value": 1.0,
            "inTangent": 0.0934469849,
            "outTangent": 0.0934469849,
            "inWeight": 0.580180168,
            "outWeight": 0.0,
            "weightedMode": "In",
            "tangentMode": 0
          }
        ],
        "length": 2,
        "preWrapMode": "ClampForever",
        "postWrapMode": "ClampForever"
      },
      "IKMaxWeight": 0.7,
      "throwEarlyRelease": 0.1,
      "spreadCone": {
        "x": 0.6,
        "y": 0.6
      },
      "maxFireAngle": 60.0,
      "shortRangeMinMaxDist": {
        "x": 0.0,
        "y": 3.0
      },
      "midRangeMinMaxDist": {
        "x": 3.0,
        "y": 4.0
      },
      "longRangeMinMaxDist": {
        "x": 4.0,
        "y": 100.0
      },
      "creature": null
    },
    {
      "$type": "ThunderRoad.BrainModuleLookAt, ThunderRoad",
      "weightChangeSpeed": 2.0,
      "defaultBlendTime": 0.5,
      "defaultBlendCurve": {
        "$type": "UnityEngine.AnimationCurve, UnityEngine.CoreModule",
        "keys": [
          {
            "$type": "UnityEngine.Keyframe, UnityEngine.CoreModule",
            "time": 0.0,
            "value": 0.0,
            "inTangent": 278.154449,
            "outTangent": 278.154449,
            "inWeight": 0.0,
            "outWeight": 0.00360360369,
            "weightedMode": "Out",
            "tangentMode": 0
          },
          {
            "$type": "UnityEngine.Keyframe, UnityEngine.CoreModule",
            "time": 1.0,
            "value": 1.0,
            "inTangent": 0.0,
            "outTangent": 0.0,
            "inWeight": 0.3963964,
            "outWeight": 0.0,
            "weightedMode": "In",
            "tangentMode": 0
          }
        ],
        "length": 2,
        "preWrapMode": "ClampForever",
        "postWrapMode": "ClampForever"
      },
      "snapPreventionAngle": 30.0,
      "forceUprightSpeed": 1.0,
      "customEyeTargetOnly": false,
      "lookMaxAngle": 80.0,
      "forceAimPostIK": true,
      "uprightWhileMoving": true,
      "torso": {
        "$type": "ThunderRoad.BrainModuleLookAt+IKWeight, ThunderRoad",
        "clampWeight": 0.7,
        "targetWeight": 0.0
      },
      "head": {
        "$type": "ThunderRoad.BrainModuleLookAt+IKWeight, ThunderRoad",
        "clampWeight": 0.75,
        "targetWeight": 0.0
      },
      "eyes": {
        "$type": "ThunderRoad.BrainModuleLookAt+IKWeight, ThunderRoad",
        "clampWeight": 0.95,
        "targetWeight": 0.0
      },
      "spine": {
        "$type": "ThunderRoad.BrainModuleLookAt+IKWeight, ThunderRoad",
        "clampWeight": 0.9,
        "targetWeight": 0.0
      },
      "eyesDeathPosition": {
        "x": -3.0,
        "y": 0.0,
        "z": 3.0
      },
      "deathEyeRollDuration": 5.0,
      "creature": null
    },
    {
      "$type": "ThunderRoad.BrainModuleDetection, ThunderRoad",
      "sightDetectionVerticalFov": 120.0,
      "sightDetectionHorizontalFov": 170.0,
      "maxHeightDiff": 10.0,
      "canSeeLights": true,
      "sawLightRememberDuration": 30.0,
      "sawTKGrabRememberDuration": 30.0,
      "underSpellFireMaxAngle": 50.0,
      "acquireSharedTargetDelay": 3.0,
      "canHear": true,
      "hearMaxDistance": 15.0,
      "hearMinNoiseRatio": 0.25,
      "hearRememberDuration": 20.0,
      "detectAlertednessThreshold": 5.0,
      "alertednessDecreaseDelay": 1.0,
      "alertednessLossPerSec": 1.0,
      "minAlertednessIncrease": 0.05,
      "enemyInFOVIncrease": 10.0,
      "distanceMultCurve": {
        "$type": "UnityEngine.AnimationCurve, UnityEngine.CoreModule",
        "keys": [
          {
            "$type": "UnityEngine.Keyframe, UnityEngine.CoreModule",
            "time": 0.0,
            "value": 1.00188828,
            "inTangent": -0.642133057,
            "outTangent": -0.300354481,
            "inWeight": 0.0,
            "outWeight": 0.46486485,
            "weightedMode": "Out",
            "tangentMode": 1
          },
          {
            "$type": "UnityEngine.Keyframe, UnityEngine.CoreModule",
            "time": 1.0,
            "value": 0.2,
            "inTangent": -1.52610791,
            "outTangent": -1.623805,
            "inWeight": 0.232432425,
            "outWeight": 0.0,
            "weightedMode": "In",
            "tangentMode": 1
          }
        ],
        "length": 2,
        "preWrapMode": "ClampForever",
        "postWrapMode": "ClampForever"
      },
      "angleMultCurve": {
        "$type": "UnityEngine.AnimationCurve, UnityEngine.CoreModule",
        "keys": [
          {
            "$type": "UnityEngine.Keyframe, UnityEngine.CoreModule",
            "time": 0.0,
            "value": 1.0,
            "inTangent": -0.107097238,
            "outTangent": -0.107097238,
            "inWeight": 0.0,
            "outWeight": 0.317117125,
            "weightedMode": "Out",
            "tangentMode": 0
          },
          {
            "$type": "UnityEngine.Keyframe, UnityEngine.CoreModule",
            "time": 1.0,
            "value": 0.2,
            "inTangent": -61.7830429,
            "outTangent": -61.7830429,
            "inWeight": 0.009009004,
            "outWeight": 0.0,
            "weightedMode": "In",
            "tangentMode": 0
          }
        ],
        "length": 2,
        "preWrapMode": "ClampForever",
        "postWrapMode": "ClampForever"
      },
      "crouchingMultiplier": 1.0,
      "deadBodyMultiplier": 1.5,
      "minVisibleMultiplier": 0.3,
      "soundHeardScalableValue": 6.66,
      "dynamicLightIncreasePerSec": 5.0,
      "TKItemMultiplier": 0.8,
      "TKRagdollMultiplier": 1.5,
      "maxAlertednessValue": 15.0,
      "ignoreTouchByRagdollChance": 0.0,
      "holsterIgnoreTouchChance": 1.0,
      "ignoreTouchByItemChance": 0.0,
      "minMaxTouchReactDelay": {
        "x": 0.0,
        "y": 0.1
      },
      "pickpocketDetectionChance": 1.0,
      "minMaxPickpocketDetectionDelay": {
        "x": 2.0,
        "y": 5.0
      },
      "defenseColliderRadius": 0.6,
      "defenseColliderHeightMultiplier": 1.0,
      "defenseColliderRotation": 0.0,
      "creature": null
    },
    {
      "$type": "ThunderRoad.BrainModulePatrol, ThunderRoad",
      "distanceChangePoint": 1.0,
      "viewRadius": 5.0,
      "viewAngle": 100.0,
      "targetMask": 67108864,
      "obstacleMask": 419720465,
      "runSpeedRatio": 0.5,
      "creature": null
    },
    {
      "$type": "ThunderRoad.BrainModuleEquipment, ThunderRoad",
      "allowArmGrabDisarm": true,
      "grabDisarmPushLevel": 3,
      "allowArmStabDisarm": true,
      "handHitDisarmPushLevel": 3,
      "dropObjectsDelay": {
        "x": 0.0,
        "y": 0.5
      },
      "chosenRightHandItem": null,
      "rightAIModule": null,
      "chosenLeftHandItem": null,
      "leftAIModule": null,
      "creature": null
    },
    {
      "$type": "ThunderRoad.BrainModuleGrabbed, ThunderRoad",
      "freeOneHand": true,
      "freeOneHandDelay": 2.0,
      "freeBothHand": true,
      "freeBothHandDelay": 5.0,
      "grabThrowMinVelocity": 2.0,
      "creature": null
    },
    {
      "$type": "ThunderRoad.BrainModuleHitReaction, ThunderRoad",
      "ignoreDamagingCreature": false,
      "recoverySpeed": 1.1,
      "parryRecoilCooldown": 2.0,
      "waitPhysicDelay": 0.2,
      "speedMultWhileWait": -0.5,
      "staggerLight": 0.2,
      "staggerMedium": 0.6,
      "jumpFootHeightThreshold": 0.1,
      "stunAnimationID": "HumanStun",
      "cancelGetUp": true,
      "pushMagicBehaviors": [
        {
          "$type": "ThunderRoad.BrainModuleHitReaction+PushBehaviour, ThunderRoad",
          "level": 0,
          "onlyForBodyParts": [],
          "duringIdle": "StaggerMedium",
          "duringCombat": "StaggerLight",
          "duringStagger": "StaggerMedium",
          "duringStaggerFull": "StaggerFull",
          "duringAttack": "StaggerMedium",
          "duringAttackJump": "None"
        },
        {
          "$type": "ThunderRoad.BrainModuleHitReaction+PushBehaviour, ThunderRoad",
          "level": 0,
          "onlyForBodyParts": [
            "Head, Neck"
          ],
          "duringIdle": "StaggerFull",
          "duringCombat": "StaggerMedium",
          "duringStagger": "StaggerFull",
          "duringStaggerFull": "Destabilize",
          "duringAttack": "StaggerFull",
          "duringAttackJump": "Destabilize"
        },
        {
          "$type": "ThunderRoad.BrainModuleHitReaction+PushBehaviour, ThunderRoad",
          "level": 1,
          "onlyForBodyParts": [],
          "duringIdle": "StaggerFull",
          "duringCombat": "StaggerMedium",
          "duringStagger": "StaggerFull",
          "duringStaggerFull": "StaggerFull",
          "duringAttack": "StaggerMedium",
          "duringAttackJump": "Destabilize"
        },
        {
          "$type": "ThunderRoad.BrainModuleHitReaction+PushBehaviour, ThunderRoad",
          "level": 1,
          "onlyForBodyParts": [
            "Head, Neck"
          ],
          "duringIdle": "Destabilize",
          "duringCombat": "StaggerFull",
          "duringStagger": "Destabilize",
          "duringStaggerFull": "Destabilize",
          "duringAttack": "Destabilize",
          "duringAttackJump": "Destabilize"
        },
        {
          "$type": "ThunderRoad.BrainModuleHitReaction+PushBehaviour, ThunderRoad",
          "level": 2,
          "onlyForBodyParts": [],
          "duringIdle": "Destabilize",
          "duringCombat": "StaggerFull",
          "duringStagger": "StaggerFull",
          "duringStaggerFull": "Destabilize",
          "duringAttack": "StaggerFull",
          "duringAttackJump": "Destabilize"
        },
        {
          "$type": "ThunderRoad.BrainModuleHitReaction+PushBehaviour, ThunderRoad",
          "level": 2,
          "onlyForBodyParts": [
            "Head, Neck"
          ],
          "duringIdle": "Destabilize",
          "duringCombat": "Destabilize",
          "duringStagger": "Destabilize",
          "duringStaggerFull": "Destabilize",
          "duringAttack": "Destabilize",
          "duringAttackJump": "Destabilize"
        },
        {
          "$type": "ThunderRoad.BrainModuleHitReaction+PushBehaviour, ThunderRoad",
          "level": 3,
          "onlyForBodyParts": [],
          "duringIdle": "Destabilize",
          "duringCombat": "Destabilize",
          "duringStagger": "Destabilize",
          "duringStaggerFull": "Destabilize",
          "duringAttack": "Destabilize",
          "duringAttackJump": "Destabilize"
        },
        {
          "$type": "ThunderRoad.BrainModuleHitReaction+PushBehaviour, ThunderRoad",
          "level": 3,
          "onlyForBodyParts": [
            "Head, Neck"
          ],
          "duringIdle": "Destabilize",
          "duringCombat": "Destabilize",
          "duringStagger": "Destabilize",
          "duringStaggerFull": "Destabilize",
          "duringAttack": "Destabilize",
          "duringAttackJump": "Destabilize"
        }
      ],
      "pushGrabThrowBehaviors": [
        {
          "$type": "ThunderRoad.BrainModuleHitReaction+PushBehaviour, ThunderRoad",
          "level": 0,
          "onlyForBodyParts": [],
          "duringIdle": "StaggerMedium",
          "duringCombat": "StaggerLight",
          "duringStagger": "StaggerLight",
          "duringStaggerFull": "StaggerFull",
          "duringAttack": "StaggerMedium",
          "duringAttackJump": "Destabilize"
        },
        {
          "$type": "ThunderRoad.BrainModuleHitReaction+PushBehaviour, ThunderRoad",
          "level": 1,
          "onlyForBodyParts": [],
          "duringIdle": "StaggerFull",
          "duringCombat": "StaggerMedium",
          "duringStagger": "StaggerMedium",
          "duringStaggerFull": "Destabilize",
          "duringAttack": "StaggerFull",
          "duringAttackJump": "Destabilize"
        },
        {
          "$type": "ThunderRoad.BrainModuleHitReaction+PushBehaviour, ThunderRoad",
          "level": 2,
          "onlyForBodyParts": [],
          "duringIdle": "StaggerFull",
          "duringCombat": "StaggerFull",
          "duringStagger": "StaggerFull",
          "duringStaggerFull": "Destabilize",
          "duringAttack": "StaggerFull",
          "duringAttackJump": "Destabilize"
        }
      ],
      "pushHitBehaviors": [
        {
          "$type": "ThunderRoad.BrainModuleHitReaction+PushBehaviour, ThunderRoad",
          "level": 0,
          "onlyForBodyParts": [],
          "duringIdle": "StaggerLight",
          "duringCombat": "None",
          "duringStagger": "None",
          "duringStaggerFull": "None",
          "duringAttack": "None",
          "duringAttackJump": "None"
        },
        {
          "$type": "ThunderRoad.BrainModuleHitReaction+PushBehaviour, ThunderRoad",
          "level": 0,
          "onlyForBodyParts": [
            "LeftHand",
            "RightHand"
          ],
          "duringIdle": "StaggerLight",
          "duringCombat": "None",
          "duringStagger": "None",
          "duringStaggerFull": "None",
          "duringAttack": "StaggerLight",
          "duringAttackJump": "None"
        },
        {
          "$type": "ThunderRoad.BrainModuleHitReaction+PushBehaviour, ThunderRoad",
          "level": 1,
          "onlyForBodyParts": [],
          "duringIdle": "StaggerMedium",
          "duringCombat": "StaggerLight",
          "duringStagger": "StaggerLight",
          "duringStaggerFull": "StaggerMedium",
          "duringAttack": "StaggerMedium",
          "duringAttackJump": "None"
        },
        {
          "$type": "ThunderRoad.BrainModuleHitReaction+PushBehaviour, ThunderRoad",
          "level": 1,
          "onlyForBodyParts": [
            "Head",
            "RightLeg",
            "LeftLeg"
          ],
          "duringIdle": "StaggerFull",
          "duringCombat": "StaggerMedium",
          "duringStagger": "StaggerFull",
          "duringStaggerFull": "StaggerFull",
          "duringAttack": "StaggerFull",
          "duringAttackJump": "Destabilize"
        },
        {
          "$type": "ThunderRoad.BrainModuleHitReaction+PushBehaviour, ThunderRoad",
          "level": 2,
          "onlyForBodyParts": [],
          "duringIdle": "StaggerMedium",
          "duringCombat": "StaggerLight",
          "duringStagger": "StaggerLight",
          "duringStaggerFull": "StaggerMedium",
          "duringAttack": "StaggerLight",
          "duringAttackJump": "Destabilize"
        },
        {
          "$type": "ThunderRoad.BrainModuleHitReaction+PushBehaviour, ThunderRoad",
          "level": 2,
          "onlyForBodyParts": [
            "Head",
            "RightLeg",
            "LeftLeg"
          ],
          "duringIdle": "StaggerFull",
          "duringCombat": "StaggerMedium",
          "duringStagger": "StaggerFull",
          "duringStaggerFull": "StaggerFull",
          "duringAttack": "StaggerMedium",
          "duringAttackJump": "Destabilize"
        },
        {
          "$type": "ThunderRoad.BrainModuleHitReaction+PushBehaviour, ThunderRoad",
          "level": 3,
          "onlyForBodyParts": [],
          "duringIdle": "StaggerFull",
          "duringCombat": "StaggerMedium",
          "duringStagger": "StaggerFull",
          "duringStaggerFull": "StaggerFull",
          "duringAttack": "StaggerFull",
          "duringAttackJump": "Destabilize"
        },
        {
          "$type": "ThunderRoad.BrainModuleHitReaction+PushBehaviour, ThunderRoad",
          "level": 3,
          "onlyForBodyParts": [
            "Head",
            "RightLeg",
            "LeftLeg"
          ],
          "duringIdle": "Destabilize",
          "duringCombat": "StaggerFull",
          "duringStagger": "StaggerFull",
          "duringStaggerFull": "Destabilize",
          "duringAttack": "Destabilize",
          "duringAttackJump": "Destabilize"
        },
        {
          "$type": "ThunderRoad.BrainModuleHitReaction+PushBehaviour, ThunderRoad",
          "level": 4,
          "onlyForBodyParts": [],
          "duringIdle": "Destabilize",
          "duringCombat": "Destabilize",
          "duringStagger": "Destabilize",
          "duringStaggerFull": "Destabilize",
          "duringAttack": "Destabilize",
          "duringAttackJump": "Destabilize"
        }
      ],
      "resistDestabilizeFromMagic": false,
      "creature": null
    },
    {
      "$type": "ThunderRoad.BrainModuleDeath, ThunderRoad",
      "curve": {
        "$type": "UnityEngine.AnimationCurve, UnityEngine.CoreModule",
        "keys": [
          {
            "$type": "UnityEngine.Keyframe, UnityEngine.CoreModule",
            "time": 0.0,
            "value": 1.0,
            "inTangent": -0.0392535143,
            "outTangent": -0.0392535143,
            "inWeight": 0.0,
            "outWeight": 0.3442623,
            "weightedMode": "None",
            "tangentMode": 0
          },
          {
            "$type": "UnityEngine.Keyframe, UnityEngine.CoreModule",
            "time": 1.0,
            "value": 0.0,
            "inTangent": -1.61096478,
            "outTangent": -1.61096478,
            "inWeight": 0.06375229,
            "outWeight": 0.0,
            "weightedMode": "None",
            "tangentMode": 0
          }
        ],
        "length": 2,
        "preWrapMode": "ClampForever",
        "postWrapMode": "ClampForever"
      },
      "maxMovingVelocity": 3.0,
      "unpinDistance": 0.3,
      "unpinMaxAngle": 70.0,
      "dropObjectsDelay": {
        "x": 0.0,
        "y": 0.5
      },
      "useDamagerDyingAnimMaxVelocity": false,
      "grabThrowMinVelocity": 2.0,
      "defaultAnimationId": "HumanDeaths",
      "stabAnimationId": "HumanStabDeaths",
      "fireAnimationId": "HumanFireDeaths",
      "lightningAnimationId": "HumanLightningDeaths",
      "creature": null
    },
    {
      "$type": "ThunderRoad.BrainModuleElectrocute, ThunderRoad",
      "electrocutionImmune": false,
      "deadRotationSpringRange": {
        "x": 10,
        "y": 100
      },
      "boltCount": 8,
      "boltMinTime": 0.2,
      "imbueHitCount": 3,
      "imbueHitMinTime": 2.0,
      "creature": null
    },
    {
      "$type": "ThunderRoad.BrainModuleSightable, ThunderRoad",
      "sightThickness": 0.1,
      "sightDetectionMaxDistance": 20.0,
      "sightMaxDistance": 30.0,
      "minMaxBrightness": {
        "x": 0.0,
        "y": 0.25
      },
      "shootPointSightThickness": 0.0,
      "sightableRagdollParts": [
        "TargetPart",
        "HeadPart",
        "RootPart",
        "HandRightPart",
        "HandLeftPart",
        "FootRightPart",
        "FootLeftPart"
      ],
      "shootPositionCircleSteps": 15,
      "shootPositionDepthSteps": 4,
      "shootPositionMinRadius": 8,
      "navSamplePositionMaxDistance": 50.0,
      "lastShootUpdateDelay": 1.0,
      "lastShootUpdatePositionMaxDistance": 0.5,
      "debug": false,
      "creature": null
    },
    {
      "$type": "ThunderRoad.BrainModuleStance, ThunderRoad",
      "subStanceSwitchTime": 0.4,
      "switchCurve": {
        "$type": "UnityEngine.AnimationCurve, UnityEngine.CoreModule",
        "keys": [
          {
            "$type": "UnityEngine.Keyframe, UnityEngine.CoreModule",
            "time": 0.0,
            "value": 0.0,
            "inTangent": 0.276203036,
            "outTangent": 0.276203036,
            "inWeight": 0.0,
            "outWeight": 0.5133706,
            "weightedMode": "Both",
            "tangentMode": 0
          },
          {
            "$type": "UnityEngine.Keyframe, UnityEngine.CoreModule",
            "time": 0.472635269,
            "value": 0.7208856,
            "inTangent": 2.04467,
            "outTangent": 2.04467,
            "inWeight": 0.333333343,
            "outWeight": 0.25835216,
            "weightedMode": "Both",
            "tangentMode": 0
          },
          {
            "$type": "UnityEngine.Keyframe, UnityEngine.CoreModule",
            "time": 1.0,
            "value": 1.0,
            "inTangent": 0.0,
            "outTangent": -0.0121197421,
            "inWeight": 0.2556348,
            "outWeight": 0.0,
            "weightedMode": "Both",
            "tangentMode": 1
          }
        ],
        "length": 3,
        "preWrapMode": "ClampForever",
        "postWrapMode": "ClampForever"
      },
      "minMaxTimeBetweenChangeSubStance": {
        "x": 5.0,
        "y": 10.0
      },
      "forceHoldUpperOff": false,
      "moduleEquipment": null,
      "switching": true,
      "creature": null
    },
    {
      "$type": "ThunderRoad.BrainModuleThrow, ThunderRoad",
      "rockThrowEnabled": true,
      "rockSpawnPositioning": {
        "x": -0.25,
        "y": -0.1,
        "z": 0.4
      },
      "rockGrabTime": 0.5217391,
      "rockGrabLookIKAdjustDurations": {
        "x": 0.5,
        "y": 0.25
      },
      "aimMaxAngleHorizontal": 30.0,
      "aimMoveSpeed": 10.0,
      "turnSpeed": 1.0,
      "minMaxTimeToAttackFromAim": {
        "x": 0.0,
        "y": 0.0
      },
      "aimArmSpringMultiplier": 2.0,
      "state": "None",
      "minMaxTimeBetweenAttack": {
        "x": 4.0,
        "y": 8.0
      },
      "minAttackBehindChance": 0.0,
      "attackBehindAngleRange": {
        "x": 45.0,
        "y": 165.0
      },
      "aimTime": 0.0,
      "moduleMove": null,
      "moduleLook": null,
      "moduleEquipment": null,
      "moduleStance": null,
      "creature": null
    },
    {
      "$type": "ThunderRoad.BrainModuleFollow, ThunderRoad",
      "followBehavior": "OnlyWhenSet",
      "clearFollowBrainStates": [],
      "allowFollowers": true,
      "maxFollowers": 3,
      "creature": null
    },
    {
      "$type": "ThunderRoad.BrainModuleDefense, ThunderRoad",
      "enabled": true,
      "parryEnabled": true,
      "aboutToBeHitTiming": 0.1,
      "dangerLevelDecreaseTime": 0.5,
      "shieldRiposteChance": 0.3,
      "stanceSettings": [
        {
          "$type": "ThunderRoad.BrainModuleDefense+StanceDefenseSettings, ThunderRoad",
          "stance": "Melee1H",
          "minMaxIncomingAttackSpeed": {
            "x": 2.5,
            "y": 6.0
          },
          "defenseColliderRotation": -11.0,
          "parryPoseMode": "NormalizedDirection",
          "extentHorizontalValuesOnTop": true,
          "extentHorizontalValuesOnBottom": false
        },
        {
          "$type": "ThunderRoad.BrainModuleDefense+StanceDefenseSettings, ThunderRoad",
          "stance": "DualWield",
          "minMaxIncomingAttackSpeed": {
            "x": 3.0,
            "y": 8.0
          },
          "defenseColliderRotation": -13.0,
          "parryPoseMode": "NormalizedDirection",
          "extentHorizontalValuesOnTop": false,
          "extentHorizontalValuesOnBottom": false
        },
        {
          "$type": "ThunderRoad.BrainModuleDefense+StanceDefenseSettings, ThunderRoad",
          "stance": "MeleeShield",
          "minMaxIncomingAttackSpeed": {
            "x": 1.75,
            "y": 5.0
          },
          "defenseColliderRotation": 0.0,
          "parryPoseMode": "NormalizedPosition",
          "extentHorizontalValuesOnTop": false,
          "extentHorizontalValuesOnBottom": false
        }
      ],
      "defenseMaxDistance": 8.0,
      "parryDetectionRadius": 5.0,
      "parryHorizontalMaxAngle": 60.0,
      "parryCircleHeight": 0.64,
      "parryCircleRadius": 0.66,
      "parryAdjustSpeed": 7.0,
      "riposteBlockRequirement": 0.5,
      "dodgeEnabled": false,
      "dodgeChanceCurve": {
        "$type": "UnityEngine.AnimationCurve, UnityEngine.CoreModule",
        "keys": [
          {
            "$type": "UnityEngine.Keyframe, UnityEngine.CoreModule",
            "time": 0.0,
            "value": 0.25,
            "inTangent": -0.000771741266,
            "outTangent": -0.000771741266,
            "inWeight": 0.0,
            "outWeight": 0.6678679,
            "weightedMode": "Both",
            "tangentMode": 0
          },
          {
            "$type": "UnityEngine.Keyframe, UnityEngine.CoreModule",
            "time": 0.75,
            "value": 0.7,
            "inTangent": 0.00131816161,
            "outTangent": 0.008136737,
            "inWeight": 0.3297297,
            "outWeight": 0.769369364,
            "weightedMode": "Both",
            "tangentMode": 1
          },
          {
            "$type": "UnityEngine.Keyframe, UnityEngine.CoreModule",
            "time": 1.0,
            "value": 0.0,
            "inTangent": -2.8,
            "outTangent": -2.8,
            "inWeight": 0.333333343,
            "outWeight": 0.333333343,
            "weightedMode": "None",
            "tangentMode": 34
          }
        ],
        "length": 3,
        "preWrapMode": "ClampForever",
        "postWrapMode": "ClampForever"
      },
      "dodgeSpeed": 1.0,
      "dodgeMaxHeight": 0.2,
      "dodgeWhenGrabbed": false,
      "dodgeWhenWeaponGrabbed": false,
      "sideDodgeEnabled": false,
      "physicsCullParryBias": 10.0,
      "turnSpeedRatio": 1.0,
      "heldDefenseMinRadius": 0.5,
      "heldDefenseMaxRadius": 2.0,
      "longDefenseMinRadius": 1.0,
      "longDefenseMaxRadius": 5.0,
      "shieldUsesIK": true,
      "shieldMaxIKWeightPos": 0.5,
      "shieldMaxIKWeightRot": 0.8,
      "shieldPassiveIKWeightPos": 0.0,
      "shieldPassiveIKWeightRot": 0.5,
      "oneHandUsesIK": false,
      "oneHandMaxIKWeightPos": 0.0,
      "oneHandMaxIKWeightRot": 0.4,
      "positionSpeed": 1.7,
      "rotationSpeed": 300.0,
      "dynamicHeightOffset": 0.1,
      "armSpringMultiplier": 1.0,
      "armMaxForceMultiplier": 10.0,
      "shieldTransform": null,
      "shieldAnchor": null,
      "oneHandTransform": null,
      "oneHandAnchor": null,
      "defenseHoldPosition": {
        "x": 0.0,
        "y": 0.0,
        "z": 0.0
      },
      "defenseHoldRotation": {
        "x": 0.0,
        "y": 0.0,
        "z": 0.0,
        "w": 0.0
      },
      "creature": null
    },
    {
      "$type": "ThunderRoad.BrainModuleFear, ThunderRoad",
      "receiving": true,
      "panicScreamDialogID": "falling",
      "cowerDuration": 10.0,
      "cowerAnimationID": "HumanCower",
      "speakModule": null,
      "stanceModule": null,
      "lookModule": null,
      "creature": null
    }
  ],
  "groupPath": "Humans"
}