{
  "$type": "ThunderRoad.BrainData, ThunderRoad",
  "id": "ShopkeeperBrain",
  "sensitiveContent": "None",
  "sensitiveFilterBehaviour": "Discard",
  "version": 2,
  "pooledCount": 1,
  "cycle": true,
  "cyclePlayerMinDistance": 2.0,
  "cyclePlayerMaxDistance": 20.0,
  "difficulty": 0,
  "treeID": "ShopkeeperTree",
  "treeDebugLog": false,
  "updateTree": true,
  "modules": [
    {
      "$type": "ThunderRoad.BrainModuleShopkeeper, ThunderRoad",
      "maxPlayerRangeToSpeak": 10.0,
      "checkoutDialogCycleChance": 10.0,
      "maxCheckoutDelay": 60.0,
      "maxItemCommentDelay": 6.0,
      "itemMaxViewAngle": 80.0,
      "hurtSpeakDelay": 3.0,
      "welcomeVoiceDialogId": "Greeting",
      "welcomeAnimationId": "HumanGreeting",
      "buyVoiceDialogId": "Buying",
      "buyAnimationId": "HumanElbowRestGesture",
      "sellVoiceDialogId": "Selling",
      "sellAnimationId": "HumanElbowRestGesture",
      "angryVoiceDialogId": "AttackShopkeeper",
      "angryAnimationId": "HumanAngry",
      "notEnoughMoneyVoiceDialogId": "NoMoney",
      "leavingDialogId": "Leaving",
      "checkoutDialogId": "Checkout",
      "itemAppleDialogId": "ItemApple",
      "itemAxeDialogId": "ItemAxe",
      "itemBowArrowDialogId": "ItemBowArrows",
      "itemDaggerDialogId": "ItemDagger",
      "itemEggsDialogId": "ItemEggs",
      "itemFalchionDialogId": "ItemFalchion",
      "itemGenericDialogId": "ItemGeneric",
      "itemHatDialogId": "ItemHat",
      "itemMaceDialogId": "ItemMace",
      "itemShieldDialogId": "ItemShield",
      "itemSpearDialogId": "ItemSpear",
      "itemStaffDialogId": "ItemStaff",
      "itemSwordDialogId": "ItemSword",
      "tutorial1DialogId": "ShopDialogueA",
      "tutorial2DialogId": "ShopDialogueB",
      "tutorial3DialogId": "ShopDialogueC",
      "creature": null
    },
    {
      "$type": "ThunderRoad.BrainModuleSpeak, ThunderRoad",
      "audioEnabled": true,
      "audioVolume": 1.0,
      "audioPitchRange": {
        "x": 1.0,
        "y": 1.0
      },
      "audioFallVelocityThreshold": 5.0,
      "audioAttackChance": 0.7,
      "audioHitChance": 1.0,
      "audioDeathChance": 1.0,
      "moveMouth": true,
      "audioLipSyncUpdateRate": 0.05,
      "audioLipSyncMaxValue": 0.3,
      "audioLipSampleDataLength": 1024,
      "lipSyncSpeed": 5.0,
      "speakOnAttackMelee": true,
      "speakOnAttackCast": false,
      "speakOnAttackBow": false,
      "speakOnChoke": false,
      "neckStabSilencelevel": 1,
      "headStabSilenceLevel": 1,
      "backStabSilenceLevel": 1,
      "randomSpeakIdleChance": 0.0,
      "randomSpeakAlertChance": 0.0,
      "randomSpeakInvestigateChance": 0.0,
      "randomSpeakCombatChance": 0.0,
      "randomSpeakDelay": 5.0,
      "muffleSpeakDelay": 1.5,
      "speakLoudness": 0.0,
      "creature": null
    },
    {
      "$type": "ThunderRoad.BrainModuleMove, ThunderRoad",
      "allowMove": true,
      "runDistance": 2.0,
      "useAcceleration": false,
      "acceleration": 0.3,
      "baseTurnSpeedMultiplier": 4.0,
      "navReachDistance": 0.05,
      "strafeMinDelay": 1.0,
      "strafeMaxDelay": 4.0,
      "samplePositionCircleSteps": 6,
      "areaMask": -3,
      "stuckRadius": 0.01,
      "stuckMaxDuration": 0.5,
      "preventTooClose": true,
      "tooCloseDistance": 0.7,
      "edgeAvoidanceDistance": 0.1,
      "locomotionOverride": true,
      "locomotionForwardSpeedMultiplier": 1.0,
      "locomotionBackwardSpeedMultiplier": 0.8,
      "locomotionStrafeSpeedMultiplier": 0.9,
      "locomotionRunSpeedMultiplier": 1.5,
      "reachTime": 0.5,
      "reachCurve": {
        "$type": "UnityEngine.AnimationCurve, UnityEngine.CoreModule",
        "keys": [
          {
            "$type": "UnityEngine.Keyframe, UnityEngine.CoreModule",
            "time": 0.0,
            "value": 0.0,
            "inTangent": 0.0,
            "outTangent": 0.0,
            "inWeight": 0.0,
            "outWeight": 0.0,
            "weightedMode": "None",
            "tangentMode": 0
          },
          {
            "$type": "UnityEngine.Keyframe, UnityEngine.CoreModule",
            "time": 1.0,
            "value": 1.0,
            "inTangent": 0.0,
            "outTangent": 0.0,
            "inWeight": 0.0,
            "outWeight": 0.0,
            "weightedMode": "None",
            "tangentMode": 0
          }
        ],
        "length": 2,
        "preWrapMode": "ClampForever",
        "postWrapMode": "ClampForever"
      },
      "doorReachClip": "Bas.Animation.Interaction.ReachDoorHandleLeft",
      "turnOffsetDegrees": 0.0,
      "path": null,
      "interactingDoors": [],
      "creature": null
    },
    {
      "$type": "ThunderRoad.BrainModuleLookAt, ThunderRoad",
      "weightChangeSpeed": 2.0,
      "defaultBlendTime": 0.5,
      "defaultBlendCurve": {
        "$type": "UnityEngine.AnimationCurve, UnityEngine.CoreModule",
        "keys": [
          {
            "$type": "UnityEngine.Keyframe, UnityEngine.CoreModule",
            "time": 0.0,
            "value": 0.0,
            "inTangent": 278.154449,
            "outTangent": 278.154449,
            "inWeight": 0.0,
            "outWeight": 0.00360360369,
            "weightedMode": "Out",
            "tangentMode": 0
          },
          {
            "$type": "UnityEngine.Keyframe, UnityEngine.CoreModule",
            "time": 1.0,
            "value": 1.0,
            "inTangent": 0.0,
            "outTangent": 0.0,
            "inWeight": 0.3963964,
            "outWeight": 0.0,
            "weightedMode": "In",
            "tangentMode": 0
          }
        ],
        "length": 2,
        "preWrapMode": "ClampForever",
        "postWrapMode": "ClampForever"
      },
      "snapPreventionAngle": 30.0,
      "forceUprightSpeed": 1.0,
      "customEyeTargetOnly": false,
      "lookMaxAngle": 80.0,
      "forceAimPostIK": true,
      "uprightWhileMoving": true,
      "torso": {
        "$type": "ThunderRoad.BrainModuleLookAt+IKWeight, ThunderRoad",
        "clampWeight": 0.7,
        "targetWeight": 0.0
      },
      "head": {
        "$type": "ThunderRoad.BrainModuleLookAt+IKWeight, ThunderRoad",
        "clampWeight": 0.75,
        "targetWeight": 0.0
      },
      "eyes": {
        "$type": "ThunderRoad.BrainModuleLookAt+IKWeight, ThunderRoad",
        "clampWeight": 0.95,
        "targetWeight": 0.0
      },
      "spine": {
        "$type": "ThunderRoad.BrainModuleLookAt+IKWeight, ThunderRoad",
        "clampWeight": 0.9,
        "targetWeight": 0.0
      },
      "eyesDeathPosition": {
        "x": -3.0,
        "y": 0.0,
        "z": 3.0
      },
      "deathEyeRollDuration": 5.0,
      "creature": null
    },
    {
      "$type": "ThunderRoad.BrainModuleDetection, ThunderRoad",
      "sightDetectionVerticalFov": 120.0,
      "sightDetectionHorizontalFov": 170.0,
      "maxHeightDiff": 10.0,
      "canSeeLights": true,
      "sawLightRememberDuration": 30.0,
      "sawTKGrabRememberDuration": 30.0,
      "underSpellFireMaxAngle": 50.0,
      "acquireSharedTargetDelay": 3.0,
      "canHear": true,
      "hearMaxDistance": 15.0,
      "hearMinNoiseRatio": 0.25,
      "hearRememberDuration": 20.0,
      "detectAlertednessThreshold": 10.0,
      "alertednessDecreaseDelay": 1.0,
      "alertednessLossPerSec": 1.0,
      "minAlertednessIncrease": 0.05,
      "enemyInFOVIncrease": 10.0,
      "distanceMultCurve": {
        "$type": "UnityEngine.AnimationCurve, UnityEngine.CoreModule",
        "keys": [
          {
            "$type": "UnityEngine.Keyframe, UnityEngine.CoreModule",
            "time": 0.0,
            "value": 1.00188828,
            "inTangent": -0.642133057,
            "outTangent": -0.300354481,
            "inWeight": 0.0,
            "outWeight": 0.46486485,
            "weightedMode": "Out",
            "tangentMode": 1
          },
          {
            "$type": "UnityEngine.Keyframe, UnityEngine.CoreModule",
            "time": 1.0,
            "value": 0.2,
            "inTangent": -1.52610791,
            "outTangent": -1.623805,
            "inWeight": 0.232432425,
            "outWeight": 0.0,
            "weightedMode": "In",
            "tangentMode": 1
          }
        ],
        "length": 2,
        "preWrapMode": "ClampForever",
        "postWrapMode": "ClampForever"
      },
      "angleMultCurve": {
        "$type": "UnityEngine.AnimationCurve, UnityEngine.CoreModule",
        "keys": [
          {
            "$type": "UnityEngine.Keyframe, UnityEngine.CoreModule",
            "time": 0.0,
            "value": 1.0,
            "inTangent": -0.107097238,
            "outTangent": -0.107097238,
            "inWeight": 0.0,
            "outWeight": 0.317117125,
            "weightedMode": "Out",
            "tangentMode": 0
          },
          {
            "$type": "UnityEngine.Keyframe, UnityEngine.CoreModule",
            "time": 1.0,
            "value": 0.2,
            "inTangent": -61.7830429,
            "outTangent": -61.7830429,
            "inWeight": 0.009009004,
            "outWeight": 0.0,
            "weightedMode": "In",
            "tangentMode": 0
          }
        ],
        "length": 2,
        "preWrapMode": "ClampForever",
        "postWrapMode": "ClampForever"
      },
      "crouchingMultiplier": 1.0,
      "deadBodyMultiplier": 1.5,
      "minVisibleMultiplier": 0.3,
      "soundHeardScalableValue": 6.66,
      "dynamicLightIncreasePerSec": 5.0,
      "TKItemMultiplier": 0.8,
      "TKRagdollMultiplier": 1.5,
      "maxAlertednessValue": 15.0,
      "ignoreTouchByRagdollChance": 0.25,
      "holsterIgnoreTouchChance": 1.0,
      "ignoreTouchByItemChance": 0.1,
      "minMaxTouchReactDelay": {
        "x": 0.0,
        "y": 0.1
      },
      "pickpocketDetectionChance": 0.75,
      "minMaxPickpocketDetectionDelay": {
        "x": 2.0,
        "y": 5.0
      },
      "defenseColliderRadius": 0.6,
      "defenseColliderHeightMultiplier": 1.0,
      "defenseColliderRotation": 0.0,
      "creature": null
    },
    {
      "$type": "ThunderRoad.BrainModulePatrol, ThunderRoad",
      "distanceChangePoint": 1.0,
      "viewRadius": 5.0,
      "viewAngle": 100.0,
      "targetMask": 67108864,
      "obstacleMask": 419720465,
      "runSpeedRatio": 0.0,
      "creature": null
    },
    {
      "$type": "ThunderRoad.BrainModuleEquipment, ThunderRoad",
      "allowArmGrabDisarm": true,
      "grabDisarmPushLevel": 2,
      "allowArmStabDisarm": true,
      "handHitDisarmPushLevel": 2,
      "dropObjectsDelay": {
        "x": 0.0,
        "y": 0.5
      },
      "chosenRightHandItem": null,
      "rightAIModule": null,
      "chosenLeftHandItem": null,
      "leftAIModule": null,
      "creature": null
    },
    {
      "$type": "ThunderRoad.BrainModuleGrabbed, ThunderRoad",
      "freeOneHand": true,
      "freeOneHandDelay": 2.0,
      "freeBothHand": true,
      "freeBothHandDelay": 5.0,
      "grabThrowMinVelocity": 2.0,
      "creature": null
    },
    {
      "$type": "ThunderRoad.BrainModuleHitReaction, ThunderRoad",
      "ignoreDamagingCreature": false,
      "recoverySpeed": 1.0,
      "parryRecoilCooldown": 1.5,
      "waitPhysicDelay": 0.2,
      "speedMultWhileWait": -0.5,
      "staggerLight": 0.2,
      "staggerMedium": 0.6,
      "jumpFootHeightThreshold": 0.1,
      "stunAnimationID": "HumanStun",
      "cancelGetUp": true,
      "pushMagicBehaviors": [
        {
          "$type": "ThunderRoad.BrainModuleHitReaction+PushBehaviour, ThunderRoad",
          "level": 0,
          "onlyForBodyParts": [],
          "duringIdle": "StaggerLight",
          "duringCombat": "StaggerLight",
          "duringStagger": "StaggerLight",
          "duringStaggerFull": "StaggerFull",
          "duringAttack": "StaggerFull",
          "duringAttackJump": "None"
        },
        {
          "$type": "ThunderRoad.BrainModuleHitReaction+PushBehaviour, ThunderRoad",
          "level": 1,
          "onlyForBodyParts": [],
          "duringIdle": "StaggerLight",
          "duringCombat": "StaggerLight",
          "duringStagger": "StaggerLight",
          "duringStaggerFull": "StaggerFull",
          "duringAttack": "StaggerFull",
          "duringAttackJump": "Destabilize"
        },
        {
          "$type": "ThunderRoad.BrainModuleHitReaction+PushBehaviour, ThunderRoad",
          "level": 2,
          "onlyForBodyParts": [],
          "duringIdle": "StaggerMedium",
          "duringCombat": "StaggerMedium",
          "duringStagger": "StaggerMedium",
          "duringStaggerFull": "Destabilize",
          "duringAttack": "StaggerFull",
          "duringAttackJump": "Destabilize"
        },
        {
          "$type": "ThunderRoad.BrainModuleHitReaction+PushBehaviour, ThunderRoad",
          "level": 3,
          "onlyForBodyParts": [],
          "duringIdle": "StaggerFull",
          "duringCombat": "StaggerFull",
          "duringStagger": "StaggerFull",
          "duringStaggerFull": "Destabilize",
          "duringAttack": "StaggerFull",
          "duringAttackJump": "Destabilize"
        }
      ],
      "pushGrabThrowBehaviors": [
        {
          "$type": "ThunderRoad.BrainModuleHitReaction+PushBehaviour, ThunderRoad",
          "level": 0,
          "onlyForBodyParts": [],
          "duringIdle": "StaggerLight",
          "duringCombat": "StaggerLight",
          "duringStagger": "StaggerLight",
          "duringStaggerFull": "StaggerLight",
          "duringAttack": "StaggerLight",
          "duringAttackJump": "Destabilize"
        },
        {
          "$type": "ThunderRoad.BrainModuleHitReaction+PushBehaviour, ThunderRoad",
          "level": 1,
          "onlyForBodyParts": [],
          "duringIdle": "StaggerLight",
          "duringCombat": "StaggerLight",
          "duringStagger": "StaggerLight",
          "duringStaggerFull": "StaggerLight",
          "duringAttack": "StaggerLight",
          "duringAttackJump": "Destabilize"
        },
        {
          "$type": "ThunderRoad.BrainModuleHitReaction+PushBehaviour, ThunderRoad",
          "level": 2,
          "onlyForBodyParts": [],
          "duringIdle": "StaggerLight",
          "duringCombat": "StaggerLight",
          "duringStagger": "StaggerLight",
          "duringStaggerFull": "StaggerLight",
          "duringAttack": "StaggerLight",
          "duringAttackJump": "Destabilize"
        }
      ],
      "pushHitBehaviors": [
        {
          "$type": "ThunderRoad.BrainModuleHitReaction+PushBehaviour, ThunderRoad",
          "level": 0,
          "onlyForBodyParts": [],
          "duringIdle": "None",
          "duringCombat": "None",
          "duringStagger": "None",
          "duringStaggerFull": "None",
          "duringAttack": "None",
          "duringAttackJump": "None"
        },
        {
          "$type": "ThunderRoad.BrainModuleHitReaction+PushBehaviour, ThunderRoad",
          "level": 0,
          "onlyForBodyParts": [
            "LeftHand",
            "RightHand"
          ],
          "duringIdle": "None",
          "duringCombat": "None",
          "duringStagger": "None",
          "duringStaggerFull": "None",
          "duringAttack": "None",
          "duringAttackJump": "None"
        },
        {
          "$type": "ThunderRoad.BrainModuleHitReaction+PushBehaviour, ThunderRoad",
          "level": 1,
          "onlyForBodyParts": [],
          "duringIdle": "StaggerLight",
          "duringCombat": "StaggerLight",
          "duringStagger": "StaggerLight",
          "duringStaggerFull": "StaggerLight",
          "duringAttack": "StaggerLight",
          "duringAttackJump": "None"
        },
        {
          "$type": "ThunderRoad.BrainModuleHitReaction+PushBehaviour, ThunderRoad",
          "level": 1,
          "onlyForBodyParts": [
            "Head",
            "RightLeg",
            "LeftLeg"
          ],
          "duringIdle": "StaggerLight",
          "duringCombat": "StaggerLight",
          "duringStagger": "StaggerLight",
          "duringStaggerFull": "StaggerLight",
          "duringAttack": "StaggerLight",
          "duringAttackJump": "Destabilize"
        },
        {
          "$type": "ThunderRoad.BrainModuleHitReaction+PushBehaviour, ThunderRoad",
          "level": 2,
          "onlyForBodyParts": [],
          "duringIdle": "StaggerLight",
          "duringCombat": "StaggerLight",
          "duringStagger": "StaggerLight",
          "duringStaggerFull": "StaggerLight",
          "duringAttack": "StaggerLight",
          "duringAttackJump": "Destabilize"
        },
        {
          "$type": "ThunderRoad.BrainModuleHitReaction+PushBehaviour, ThunderRoad",
          "level": 2,
          "onlyForBodyParts": [
            "Head",
            "RightLeg",
            "LeftLeg"
          ],
          "duringIdle": "StaggerMedium",
          "duringCombat": "StaggerMedium",
          "duringStagger": "StaggerMedium",
          "duringStaggerFull": "Destabilize",
          "duringAttack": "StaggerMedium",
          "duringAttackJump": "Destabilize"
        },
        {
          "$type": "ThunderRoad.BrainModuleHitReaction+PushBehaviour, ThunderRoad",
          "level": 3,
          "onlyForBodyParts": [],
          "duringIdle": "StaggerFull",
          "duringCombat": "StaggerFull",
          "duringStagger": "StaggerFull",
          "duringStaggerFull": "Destabilize",
          "duringAttack": "StaggerFull",
          "duringAttackJump": "Destabilize"
        },
        {
          "$type": "ThunderRoad.BrainModuleHitReaction+PushBehaviour, ThunderRoad",
          "level": 3,
          "onlyForBodyParts": [
            "Head",
            "RightLeg",
            "LeftLeg"
          ],
          "duringIdle": "Destabilize",
          "duringCombat": "Destabilize",
          "duringStagger": "Destabilize",
          "duringStaggerFull": "Destabilize",
          "duringAttack": "Destabilize",
          "duringAttackJump": "Destabilize"
        }
      ],
      "resistDestabilizeFromMagic": false,
      "creature": null
    },
    {
      "$type": "ThunderRoad.BrainModuleDeath, ThunderRoad",
      "curve": {
        "$type": "UnityEngine.AnimationCurve, UnityEngine.CoreModule",
        "keys": [
          {
            "$type": "UnityEngine.Keyframe, UnityEngine.CoreModule",
            "time": 0.0,
            "value": 1.0,
            "inTangent": -0.0392535143,
            "outTangent": -0.0392535143,
            "inWeight": 0.0,
            "outWeight": 0.3442623,
            "weightedMode": "None",
            "tangentMode": 0
          },
          {
            "$type": "UnityEngine.Keyframe, UnityEngine.CoreModule",
            "time": 1.0,
            "value": 0.0,
            "inTangent": -1.61096478,
            "outTangent": -1.61096478,
            "inWeight": 0.06375229,
            "outWeight": 0.0,
            "weightedMode": "None",
            "tangentMode": 0
          }
        ],
        "length": 2,
        "preWrapMode": "ClampForever",
        "postWrapMode": "ClampForever"
      },
      "maxMovingVelocity": 3.0,
      "unpinDistance": 0.3,
      "unpinMaxAngle": 70.0,
      "dropObjectsDelay": {
        "x": 0.0,
        "y": 0.5
      },
      "useDamagerDyingAnimMaxVelocity": false,
      "grabThrowMinVelocity": 2.0,
      "defaultAnimationId": "HumanDeaths",
      "stabAnimationId": "HumanStabDeaths",
      "fireAnimationId": "HumanFireDeaths",
      "lightningAnimationId": "HumanLightningDeaths",
      "creature": null
    },
    {
      "$type": "ThunderRoad.BrainModuleElectrocute, ThunderRoad",
      "electrocutionImmune": false,
      "deadRotationSpringRange": {
        "x": 10,
        "y": 100
      },
      "boltCount": 5,
      "boltMinTime": 0.2,
      "imbueHitCount": 2,
      "imbueHitMinTime": 2.0,
      "creature": null
    },
    {
      "$type": "ThunderRoad.BrainModuleSightable, ThunderRoad",
      "sightThickness": 0.1,
      "sightDetectionMaxDistance": 20.0,
      "sightMaxDistance": 30.0,
      "minMaxBrightness": {
        "x": 0.0,
        "y": 0.25
      },
      "shootPointSightThickness": 0.0,
      "sightableRagdollParts": [
        "TargetPart",
        "HeadPart",
        "RootPart",
        "HandRightPart",
        "HandLeftPart",
        "FootRightPart",
        "FootLeftPart"
      ],
      "shootPositionCircleSteps": 15,
      "shootPositionDepthSteps": 4,
      "shootPositionMinRadius": 8,
      "navSamplePositionMaxDistance": 50.0,
      "lastShootUpdateDelay": 1.0,
      "lastShootUpdatePositionMaxDistance": 0.5,
      "debug": false,
      "creature": null
    },
    {
      "$type": "ThunderRoad.BrainModuleFollow, ThunderRoad",
      "followBehavior": "OnlyWhenSet",
      "clearFollowBrainStates": [],
      "allowFollowers": true,
      "maxFollowers": 3,
      "creature": null
    },
    {
      "$type": "ThunderRoad.BrainModuleDefense, ThunderRoad",
      "enabled": true,
      "parryEnabled": true,
      "aboutToBeHitTiming": 0.1,
      "dangerLevelDecreaseTime": 0.5,
      "shieldRiposteChance": 0.3,
      "stanceSettings": [
        {
          "$type": "ThunderRoad.BrainModuleDefense+StanceDefenseSettings, ThunderRoad",
          "stance": "Melee1H",
          "minMaxIncomingAttackSpeed": {
            "x": 2.5,
            "y": 6.0
          },
          "defenseColliderRotation": -11.0,
          "parryPoseMode": "NormalizedDirection",
          "extentHorizontalValuesOnTop": true,
          "extentHorizontalValuesOnBottom": false
        },
        {
          "$type": "ThunderRoad.BrainModuleDefense+StanceDefenseSettings, ThunderRoad",
          "stance": "DualWield",
          "minMaxIncomingAttackSpeed": {
            "x": 3.0,
            "y": 8.0
          },
          "defenseColliderRotation": -13.0,
          "parryPoseMode": "NormalizedDirection",
          "extentHorizontalValuesOnTop": false,
          "extentHorizontalValuesOnBottom": false
        },
        {
          "$type": "ThunderRoad.BrainModuleDefense+StanceDefenseSettings, ThunderRoad",
          "stance": "MeleeShield",
          "minMaxIncomingAttackSpeed": {
            "x": 1.75,
            "y": 5.0
          },
          "defenseColliderRotation": 0.0,
          "parryPoseMode": "NormalizedPosition",
          "extentHorizontalValuesOnTop": false,
          "extentHorizontalValuesOnBottom": false
        }
      ],
      "defenseMaxDistance": 8.0,
      "parryDetectionRadius": 5.0,
      "parryHorizontalMaxAngle": 60.0,
      "parryCircleHeight": 0.64,
      "parryCircleRadius": 0.66,
      "parryAdjustSpeed": 7.0,
      "riposteBlockRequirement": 0.5,
      "dodgeEnabled": true,
      "dodgeChanceCurve": {
        "$type": "UnityEngine.AnimationCurve, UnityEngine.CoreModule",
        "keys": [
          {
            "$type": "UnityEngine.Keyframe, UnityEngine.CoreModule",
            "time": 0.0,
            "value": 0.25,
            "inTangent": -0.000771741266,
            "outTangent": -0.000771741266,
            "inWeight": 0.0,
            "outWeight": 0.6678679,
            "weightedMode": "Both",
            "tangentMode": 0
          },
          {
            "$type": "UnityEngine.Keyframe, UnityEngine.CoreModule",
            "time": 0.75,
            "value": 0.7,
            "inTangent": 0.00131816161,
            "outTangent": 0.008136737,
            "inWeight": 0.3297297,
            "outWeight": 0.769369364,
            "weightedMode": "Both",
            "tangentMode": 1
          },
          {
            "$type": "UnityEngine.Keyframe, UnityEngine.CoreModule",
            "time": 1.0,
            "value": 0.0,
            "inTangent": -2.8,
            "outTangent": -2.8,
            "inWeight": 0.333333343,
            "outWeight": 0.333333343,
            "weightedMode": "None",
            "tangentMode": 34
          }
        ],
        "length": 3,
        "preWrapMode": "ClampForever",
        "postWrapMode": "ClampForever"
      },
      "dodgeSpeed": 1.0,
      "dodgeMaxHeight": 0.2,
      "dodgeWhenGrabbed": false,
      "dodgeWhenWeaponGrabbed": false,
      "sideDodgeEnabled": false,
      "physicsCullParryBias": 10.0,
      "turnSpeedRatio": 1.0,
      "heldDefenseMinRadius": 0.5,
      "heldDefenseMaxRadius": 2.0,
      "longDefenseMinRadius": 1.0,
      "longDefenseMaxRadius": 5.0,
      "shieldUsesIK": true,
      "shieldMaxIKWeightPos": 0.45,
      "shieldMaxIKWeightRot": 0.8,
      "shieldPassiveIKWeightPos": 0.0,
      "shieldPassiveIKWeightRot": 0.5,
      "oneHandUsesIK": false,
      "oneHandMaxIKWeightPos": 0.0,
      "oneHandMaxIKWeightRot": 0.4,
      "positionSpeed": 1.7,
      "rotationSpeed": 300.0,
      "dynamicHeightOffset": 0.1,
      "armSpringMultiplier": 1.0,
      "armMaxForceMultiplier": 10.0,
      "shieldTransform": null,
      "shieldAnchor": null,
      "oneHandTransform": null,
      "oneHandAnchor": null,
      "defenseHoldPosition": {
        "x": 0.0,
        "y": 0.0,
        "z": 0.0
      },
      "defenseHoldRotation": {
        "x": 0.0,
        "y": 0.0,
        "z": 0.0,
        "w": 0.0
      },
      "creature": null
    },
    {
      "$type": "ThunderRoad.BrainModuleExpression, ThunderRoad",
      "moodBase": 0.0,
      "persistantNPCMood": true,
      "NPCMoodSaveKey": "ShopkeeperMood",
      "varianceUpdateCoolown": 1.5,
      "setZeroVarianceOnReach": true,
      "reachTolerance": 0.0005,
      "expressionVariance": [
        {
          "$type": "ThunderRoad.BrainModuleExpression+ExpressionVariance, ThunderRoad",
          "expression": "Happy",
          "expressionsActive": [
            "Neutral"
          ],
          "variance": 0.55,
          "weightCurve": {
            "$type": "UnityEngine.AnimationCurve, UnityEngine.CoreModule",
            "keys": [
              {
                "$type": "UnityEngine.Keyframe, UnityEngine.CoreModule",
                "time": 0.0,
                "value": 0.0,
                "inTangent": "Infinity",
                "outTangent": "Infinity",
                "inWeight": 0.0,
                "outWeight": 0.0,
                "weightedMode": "None",
                "tangentMode": 0
              },
              {
                "$type": "UnityEngine.Keyframe, UnityEngine.CoreModule",
                "time": 0.15,
                "value": 0.0,
                "inTangent": 2.99595141,
                "outTangent": 2.99595141,
                "inWeight": 0.0,
                "outWeight": 0.06486487,
                "weightedMode": "None",
                "tangentMode": 0
              },
              {
                "$type": "UnityEngine.Keyframe, UnityEngine.CoreModule",
                "time": 1.0,
                "value": 1.0,
                "inTangent": 0.08479114,
                "outTangent": 0.08479114,
                "inWeight": 0.190990984,
                "outWeight": 0.0,
                "weightedMode": "None",
                "tangentMode": 0
              }
            ],
            "length": 3,
            "preWrapMode": "ClampForever",
            "postWrapMode": "ClampForever"
          },
          "factorMood": true,
          "moodMultiplier": 0.1,
          "moodFactorMinMax": {
            "x": -10.0,
            "y": 10.0
          }
        },
        {
          "$type": "ThunderRoad.BrainModuleExpression+ExpressionVariance, ThunderRoad",
          "expression": "Tired",
          "expressionsActive": [
            "Neutral"
          ],
          "variance": 0.8,
          "weightCurve": {
            "$type": "UnityEngine.AnimationCurve, UnityEngine.CoreModule",
            "keys": [
              {
                "$type": "UnityEngine.Keyframe, UnityEngine.CoreModule",
                "time": 0.0,
                "value": 0.0,
                "inTangent": "Infinity",
                "outTangent": "Infinity",
                "inWeight": 0.0,
                "outWeight": 0.0,
                "weightedMode": "None",
                "tangentMode": 0
              },
              {
                "$type": "UnityEngine.Keyframe, UnityEngine.CoreModule",
                "time": 0.15,
                "value": 0.0,
                "inTangent": 2.99595141,
                "outTangent": 2.99595141,
                "inWeight": 0.0,
                "outWeight": 0.06486487,
                "weightedMode": "None",
                "tangentMode": 0
              },
              {
                "$type": "UnityEngine.Keyframe, UnityEngine.CoreModule",
                "time": 1.0,
                "value": 1.0,
                "inTangent": 0.08479114,
                "outTangent": 0.08479114,
                "inWeight": 0.190990984,
                "outWeight": 0.0,
                "weightedMode": "None",
                "tangentMode": 0
              }
            ],
            "length": 3,
            "preWrapMode": "ClampForever",
            "postWrapMode": "ClampForever"
          },
          "factorMood": false,
          "moodMultiplier": 0.1,
          "moodFactorMinMax": {
            "x": -10.0,
            "y": 10.0
          }
        },
        {
          "$type": "ThunderRoad.BrainModuleExpression+ExpressionVariance, ThunderRoad",
          "expression": "Angry",
          "expressionsActive": [
            "Neutral"
          ],
          "variance": 0.45,
          "weightCurve": {
            "$type": "UnityEngine.AnimationCurve, UnityEngine.CoreModule",
            "keys": [
              {
                "$type": "UnityEngine.Keyframe, UnityEngine.CoreModule",
                "time": 0.0,
                "value": 0.0,
                "inTangent": "Infinity",
                "outTangent": "Infinity",
                "inWeight": 0.0,
                "outWeight": 0.0,
                "weightedMode": "None",
                "tangentMode": 0
              },
              {
                "$type": "UnityEngine.Keyframe, UnityEngine.CoreModule",
                "time": 0.15,
                "value": 0.0,
                "inTangent": 2.99595141,
                "outTangent": 2.99595141,
                "inWeight": 0.0,
                "outWeight": 0.06486487,
                "weightedMode": "None",
                "tangentMode": 0
              },
              {
                "$type": "UnityEngine.Keyframe, UnityEngine.CoreModule",
                "time": 1.0,
                "value": 1.0,
                "inTangent": 0.08479114,
                "outTangent": 0.08479114,
                "inWeight": 0.190990984,
                "outWeight": 0.0,
                "weightedMode": "None",
                "tangentMode": 0
              }
            ],
            "length": 3,
            "preWrapMode": "ClampForever",
            "postWrapMode": "ClampForever"
          },
          "factorMood": true,
          "moodMultiplier": 0.1,
          "moodFactorMinMax": {
            "x": -10.0,
            "y": 10.0
          }
        },
        {
          "$type": "ThunderRoad.BrainModuleExpression+ExpressionVariance, ThunderRoad",
          "expression": "Intrigue",
          "expressionsActive": [
            "Neutral"
          ],
          "variance": 0.45,
          "weightCurve": {
            "$type": "UnityEngine.AnimationCurve, UnityEngine.CoreModule",
            "keys": [
              {
                "$type": "UnityEngine.Keyframe, UnityEngine.CoreModule",
                "time": 0.0,
                "value": 0.0,
                "inTangent": "Infinity",
                "outTangent": "Infinity",
                "inWeight": 0.0,
                "outWeight": 0.0,
                "weightedMode": "None",
                "tangentMode": 0
              },
              {
                "$type": "UnityEngine.Keyframe, UnityEngine.CoreModule",
                "time": 0.15,
                "value": 0.0,
                "inTangent": 2.99595141,
                "outTangent": 2.99595141,
                "inWeight": 0.0,
                "outWeight": 0.06486487,
                "weightedMode": "None",
                "tangentMode": 0
              },
              {
                "$type": "UnityEngine.Keyframe, UnityEngine.CoreModule",
                "time": 1.0,
                "value": 1.0,
                "inTangent": 0.08479114,
                "outTangent": 0.08479114,
                "inWeight": 0.190990984,
                "outWeight": 0.0,
                "weightedMode": "None",
                "tangentMode": 0
              }
            ],
            "length": 3,
            "preWrapMode": "ClampForever",
            "postWrapMode": "ClampForever"
          },
          "factorMood": false,
          "moodMultiplier": 0.1,
          "moodFactorMinMax": {
            "x": -10.0,
            "y": 10.0
          }
        }
      ],
      "defaultSpeakFaceIndex": 0,
      "neutralExpressionResetTime": 5.0,
      "painExpressionDuration": 0.3,
      "creature": null
    }
  ],
  "groupPath": null
}