{
  "$type": "ThunderRoad.AreaConnectionTypeData, ThunderRoad",
  "id": "DA_Cave",
  "sensitiveContent": "None",
  "sensitiveFilterBehaviour": "Discard",
  "version": 0,
  "size": {
    "x": 1.6,
    "y": 2.8
  },
  "randomBlockerTableAdress": {
    "$type": "ThunderRoad.AreaConnectionTypeData+PrefabAdressTable, ThunderRoad",
    "drops": [
      {
        "$type": "ThunderRoad.DropTable`1+Drop[[System.String, mscorlib]], ThunderRoad",
        "dropItem": "Bas.AreaBlockers.Dalg_Cave_Blocker_01",
        "probabilityWeight": 1.0
      }
    ]
  },
  "randomGateTableAdress": {
    "$type": "ThunderRoad.AreaConnectionTypeData+PrefabAdressTable, ThunderRoad",
    "drops": []
  },
  "groupPath": null
}