{
  "$type": "ThunderRoad.DamageModifierData, ThunderRoad",
  "id": "PierceEnvironment",
  "sensitiveContent": "None",
  "sensitiveFilterBehaviour": "Discard",
  "version": 1,
  "damageType": "Pierce",
  "collisions": [
    {
      "$type": "ThunderRoad.DamageModifierData+Collision, ThunderRoad",
      "sourceMaterialIds": [],
      "targetMaterialIds": [
        "Flesh",
        "Fabric",
        "Chainmail",
        "Leather"
      ],
      "modifiers": [
        {
          "$type": "ThunderRoad.DamageModifierData+Modifier, ThunderRoad",
          "tierFilter": 0,
          "imbuesFilterLogic": "AnyExcept",
          "imbuesFilter": [],
          "minVelocity": 1.0,
          "damageMultiplier": 1.0,
          "allowKnockout": false,
          "allowPenetration": true,
          "pressureAllowed": true,
          "knockoutAllowedMinVelocity": "Infinity",
          "knockoutForcedMinVelocity": "Infinity",
          "knockoutThrowAllowedMinVelocity": "Infinity",
          "knockoutThrowForcedMinVelocity": "Infinity",
          "knockoutDurationMultiplier": 1.0,
          "pushLevels": [
            {
              "$type": "ThunderRoad.DamageModifierData+Modifier+PushLevel, ThunderRoad",
              "hitVelocity": 3.0,
              "throwVelocity": 3.0
            },
            {
              "$type": "ThunderRoad.DamageModifierData+Modifier+PushLevel, ThunderRoad",
              "hitVelocity": 3.0,
              "throwVelocity": 3.0
            },
            {
              "$type": "ThunderRoad.DamageModifierData+Modifier+PushLevel, ThunderRoad",
              "hitVelocity": 3.0,
              "throwVelocity": 3.0
            },
            {
              "$type": "ThunderRoad.DamageModifierData+Modifier+PushLevel, ThunderRoad",
              "hitVelocity": 3.0,
              "throwVelocity": 3.0
            },
            {
              "$type": "ThunderRoad.DamageModifierData+Modifier+PushLevel, ThunderRoad",
              "hitVelocity": 3.0,
              "throwVelocity": 3.0
            }
          ],
          "penetrationMinVelocity": 1.0,
          "penetrationDamperMultiplier": 1.0,
          "penetrationVelocityMaxDepth": false,
          "penetrationVelocityMaxDepthCurve": {
            "$type": "UnityEngine.AnimationCurve, UnityEngine.CoreModule",
            "keys": [],
            "length": 0,
            "preWrapMode": "ClampForever",
            "postWrapMode": "ClampForever"
          },
          "pressureForceMultiplier": 2.0
        }
      ]
    }
  ],
  "groupPath": null
}