{
  "$type": "ThunderRoad.DamageModifierData, ThunderRoad",
  "id": "Blunt",
  "sensitiveContent": "None",
  "sensitiveFilterBehaviour": "Discard",
  "version": 1,
  "damageType": "Blunt",
  "collisions": [
    {
      "$type": "ThunderRoad.DamageModifierData+Collision, ThunderRoad",
      "sourceMaterialIds": [],
      "targetMaterialIds": [
        "Flesh"
      ],
      "modifiers": [
        {
          "$type": "ThunderRoad.DamageModifierData+Modifier, ThunderRoad",
          "tierFilter": 0,
          "imbuesFilterLogic": "NoneExcept",
          "imbuesFilter": [
            "Fire"
          ],
          "minVelocity": 4.0,
          "damageMultiplier": 1.2,
          "allowKnockout": true,
          "allowPenetration": false,
          "pressureAllowed": false,
          "knockoutAllowedMinVelocity": 4.0,
          "knockoutForcedMinVelocity": "Infinity",
          "knockoutThrowAllowedMinVelocity": 4.0,
          "knockoutThrowForcedMinVelocity": "Infinity",
          "knockoutDurationMultiplier": 1.5,
          "pushLevels": [
            {
              "$type": "ThunderRoad.DamageModifierData+Modifier+PushLevel, ThunderRoad",
              "hitVelocity": 4.0,
              "throwVelocity": 4.0
            },
            {
              "$type": "ThunderRoad.DamageModifierData+Modifier+PushLevel, ThunderRoad",
              "hitVelocity": 7.5,
              "throwVelocity": 7.5
            },
            {
              "$type": "ThunderRoad.DamageModifierData+Modifier+PushLevel, ThunderRoad",
              "hitVelocity": 9.0,
              "throwVelocity": 9.0
            },
            {
              "$type": "ThunderRoad.DamageModifierData+Modifier+PushLevel, ThunderRoad",
              "hitVelocity": 12.0,
              "throwVelocity": 12.0
            },
            {
              "$type": "ThunderRoad.DamageModifierData+Modifier+PushLevel, ThunderRoad",
              "hitVelocity": 24.0,
              "throwVelocity": 24.0
            }
          ],
          "penetrationMinVelocity": 1.0,
          "penetrationDamperMultiplier": 1.0,
          "penetrationVelocityMaxDepth": false,
          "penetrationVelocityMaxDepthCurve": {
            "$type": "UnityEngine.AnimationCurve, UnityEngine.CoreModule",
            "keys": [],
            "length": 0,
            "preWrapMode": "ClampForever",
            "postWrapMode": "ClampForever"
          },
          "pressureForceMultiplier": 1.0
        },
        {
          "$type": "ThunderRoad.DamageModifierData+Modifier, ThunderRoad",
          "tierFilter": "Tier0",
          "imbuesFilterLogic": "AnyExcept",
          "imbuesFilter": [],
          "minVelocity": 4.0,
          "damageMultiplier": 1.0,
          "allowKnockout": true,
          "allowPenetration": false,
          "pressureAllowed": false,
          "knockoutAllowedMinVelocity": 4.0,
          "knockoutForcedMinVelocity": "Infinity",
          "knockoutThrowAllowedMinVelocity": 4.0,
          "knockoutThrowForcedMinVelocity": "Infinity",
          "knockoutDurationMultiplier": 1.0,
          "pushLevels": [
            {
              "$type": "ThunderRoad.DamageModifierData+Modifier+PushLevel, ThunderRoad",
              "hitVelocity": 4.0,
              "throwVelocity": 4.0
            },
            {
              "$type": "ThunderRoad.DamageModifierData+Modifier+PushLevel, ThunderRoad",
              "hitVelocity": 7.5,
              "throwVelocity": 7.5
            },
            {
              "$type": "ThunderRoad.DamageModifierData+Modifier+PushLevel, ThunderRoad",
              "hitVelocity": 9.0,
              "throwVelocity": 9.0
            },
            {
              "$type": "ThunderRoad.DamageModifierData+Modifier+PushLevel, ThunderRoad",
              "hitVelocity": 12.0,
              "throwVelocity": 12.0
            },
            {
              "$type": "ThunderRoad.DamageModifierData+Modifier+PushLevel, ThunderRoad",
              "hitVelocity": 24.0,
              "throwVelocity": 24.0
            }
          ],
          "penetrationMinVelocity": 1.0,
          "penetrationDamperMultiplier": 1.0,
          "penetrationVelocityMaxDepth": false,
          "penetrationVelocityMaxDepthCurve": {
            "$type": "UnityEngine.AnimationCurve, UnityEngine.CoreModule",
            "keys": [],
            "length": 0,
            "preWrapMode": "ClampForever",
            "postWrapMode": "ClampForever"
          },
          "pressureForceMultiplier": 1.0
        },
        {
          "$type": "ThunderRoad.DamageModifierData+Modifier, ThunderRoad",
          "tierFilter": "Tier1, Tier2, Tier3, Tier4, Tier5, Tier6",
          "imbuesFilterLogic": "AnyExcept",
          "imbuesFilter": [],
          "minVelocity": 4.0,
          "damageMultiplier": 1.0,
          "allowKnockout": true,
          "allowPenetration": false,
          "pressureAllowed": false,
          "knockoutAllowedMinVelocity": 4.0,
          "knockoutForcedMinVelocity": "Infinity",
          "knockoutThrowAllowedMinVelocity": 4.0,
          "knockoutThrowForcedMinVelocity": "Infinity",
          "knockoutDurationMultiplier": 1.0,
          "pushLevels": [
            {
              "$type": "ThunderRoad.DamageModifierData+Modifier+PushLevel, ThunderRoad",
              "hitVelocity": 4.0,
              "throwVelocity": 4.0
            },
            {
              "$type": "ThunderRoad.DamageModifierData+Modifier+PushLevel, ThunderRoad",
              "hitVelocity": 7.5,
              "throwVelocity": 7.5
            },
            {
              "$type": "ThunderRoad.DamageModifierData+Modifier+PushLevel, ThunderRoad",
              "hitVelocity": 9.0,
              "throwVelocity": 9.0
            },
            {
              "$type": "ThunderRoad.DamageModifierData+Modifier+PushLevel, ThunderRoad",
              "hitVelocity": 12.0,
              "throwVelocity": 12.0
            },
            {
              "$type": "ThunderRoad.DamageModifierData+Modifier+PushLevel, ThunderRoad",
              "hitVelocity": 24.0,
              "throwVelocity": 24.0
            }
          ],
          "penetrationMinVelocity": 1.0,
          "penetrationDamperMultiplier": 1.0,
          "penetrationVelocityMaxDepth": false,
          "penetrationVelocityMaxDepthCurve": {
            "$type": "UnityEngine.AnimationCurve, UnityEngine.CoreModule",
            "keys": [],
            "length": 0,
            "preWrapMode": "ClampForever",
            "postWrapMode": "ClampForever"
          },
          "pressureForceMultiplier": 1.0
        }
      ]
    },
    {
      "$type": "ThunderRoad.DamageModifierData+Collision, ThunderRoad",
      "sourceMaterialIds": [],
      "targetMaterialIds": [
        "Leather"
      ],
      "modifiers": [
        {
          "$type": "ThunderRoad.DamageModifierData+Modifier, ThunderRoad",
          "tierFilter": 0,
          "imbuesFilterLogic": "NoneExcept",
          "imbuesFilter": [
            "Fire"
          ],
          "minVelocity": 6.0,
          "damageMultiplier": 0.6,
          "allowKnockout": true,
          "allowPenetration": false,
          "pressureAllowed": false,
          "knockoutAllowedMinVelocity": 14.0,
          "knockoutForcedMinVelocity": "Infinity",
          "knockoutThrowAllowedMinVelocity": 16.0,
          "knockoutThrowForcedMinVelocity": "Infinity",
          "knockoutDurationMultiplier": 0.5,
          "pushLevels": [
            {
              "$type": "ThunderRoad.DamageModifierData+Modifier+PushLevel, ThunderRoad",
              "hitVelocity": 8.0,
              "throwVelocity": 8.0
            },
            {
              "$type": "ThunderRoad.DamageModifierData+Modifier+PushLevel, ThunderRoad",
              "hitVelocity": 10.0,
              "throwVelocity": 10.0
            },
            {
              "$type": "ThunderRoad.DamageModifierData+Modifier+PushLevel, ThunderRoad",
              "hitVelocity": 12.0,
              "throwVelocity": 12.0
            },
            {
              "$type": "ThunderRoad.DamageModifierData+Modifier+PushLevel, ThunderRoad",
              "hitVelocity": 16.0,
              "throwVelocity": 16.0
            },
            {
              "$type": "ThunderRoad.DamageModifierData+Modifier+PushLevel, ThunderRoad",
              "hitVelocity": 24.0,
              "throwVelocity": 24.0
            }
          ],
          "penetrationMinVelocity": 1.0,
          "penetrationDamperMultiplier": 1.0,
          "penetrationVelocityMaxDepth": false,
          "penetrationVelocityMaxDepthCurve": {
            "$type": "UnityEngine.AnimationCurve, UnityEngine.CoreModule",
            "keys": [],
            "length": 0,
            "preWrapMode": "ClampForever",
            "postWrapMode": "ClampForever"
          },
          "pressureForceMultiplier": 1.0
        },
        {
          "$type": "ThunderRoad.DamageModifierData+Modifier, ThunderRoad",
          "tierFilter": 0,
          "imbuesFilterLogic": "AnyExcept",
          "imbuesFilter": [],
          "minVelocity": 6.0,
          "damageMultiplier": 0.5,
          "allowKnockout": true,
          "allowPenetration": false,
          "pressureAllowed": false,
          "knockoutAllowedMinVelocity": 14.0,
          "knockoutForcedMinVelocity": "Infinity",
          "knockoutThrowAllowedMinVelocity": 16.0,
          "knockoutThrowForcedMinVelocity": "Infinity",
          "knockoutDurationMultiplier": 0.5,
          "pushLevels": [
            {
              "$type": "ThunderRoad.DamageModifierData+Modifier+PushLevel, ThunderRoad",
              "hitVelocity": 8.0,
              "throwVelocity": 8.0
            },
            {
              "$type": "ThunderRoad.DamageModifierData+Modifier+PushLevel, ThunderRoad",
              "hitVelocity": 10.0,
              "throwVelocity": 10.0
            },
            {
              "$type": "ThunderRoad.DamageModifierData+Modifier+PushLevel, ThunderRoad",
              "hitVelocity": 12.0,
              "throwVelocity": 12.0
            },
            {
              "$type": "ThunderRoad.DamageModifierData+Modifier+PushLevel, ThunderRoad",
              "hitVelocity": 16.0,
              "throwVelocity": 16.0
            },
            {
              "$type": "ThunderRoad.DamageModifierData+Modifier+PushLevel, ThunderRoad",
              "hitVelocity": 24.0,
              "throwVelocity": 24.0
            }
          ],
          "penetrationMinVelocity": 1.0,
          "penetrationDamperMultiplier": 1.0,
          "penetrationVelocityMaxDepth": false,
          "penetrationVelocityMaxDepthCurve": {
            "$type": "UnityEngine.AnimationCurve, UnityEngine.CoreModule",
            "keys": [],
            "length": 0,
            "preWrapMode": "ClampForever",
            "postWrapMode": "ClampForever"
          },
          "pressureForceMultiplier": 1.0
        }
      ]
    },
    {
      "$type": "ThunderRoad.DamageModifierData+Collision, ThunderRoad",
      "sourceMaterialIds": [],
      "targetMaterialIds": [
        "Chainmail"
      ],
      "modifiers": [
        {
          "$type": "ThunderRoad.DamageModifierData+Modifier, ThunderRoad",
          "tierFilter": 0,
          "imbuesFilterLogic": "NoneExcept",
          "imbuesFilter": [
            "Fire"
          ],
          "minVelocity": 6.0,
          "damageMultiplier": 0.6,
          "allowKnockout": true,
          "allowPenetration": false,
          "pressureAllowed": false,
          "knockoutAllowedMinVelocity": 14.0,
          "knockoutForcedMinVelocity": "Infinity",
          "knockoutThrowAllowedMinVelocity": 16.0,
          "knockoutThrowForcedMinVelocity": "Infinity",
          "knockoutDurationMultiplier": 0.5,
          "pushLevels": [
            {
              "$type": "ThunderRoad.DamageModifierData+Modifier+PushLevel, ThunderRoad",
              "hitVelocity": 8.0,
              "throwVelocity": 8.0
            },
            {
              "$type": "ThunderRoad.DamageModifierData+Modifier+PushLevel, ThunderRoad",
              "hitVelocity": 10.0,
              "throwVelocity": 10.0
            },
            {
              "$type": "ThunderRoad.DamageModifierData+Modifier+PushLevel, ThunderRoad",
              "hitVelocity": 12.0,
              "throwVelocity": 12.0
            },
            {
              "$type": "ThunderRoad.DamageModifierData+Modifier+PushLevel, ThunderRoad",
              "hitVelocity": 16.0,
              "throwVelocity": 16.0
            },
            {
              "$type": "ThunderRoad.DamageModifierData+Modifier+PushLevel, ThunderRoad",
              "hitVelocity": 24.0,
              "throwVelocity": 24.0
            }
          ],
          "penetrationMinVelocity": 1.0,
          "penetrationDamperMultiplier": 1.0,
          "penetrationVelocityMaxDepth": false,
          "penetrationVelocityMaxDepthCurve": {
            "$type": "UnityEngine.AnimationCurve, UnityEngine.CoreModule",
            "keys": [],
            "length": 0,
            "preWrapMode": "ClampForever",
            "postWrapMode": "ClampForever"
          },
          "pressureForceMultiplier": 1.0
        },
        {
          "$type": "ThunderRoad.DamageModifierData+Modifier, ThunderRoad",
          "tierFilter": 0,
          "imbuesFilterLogic": "AnyExcept",
          "imbuesFilter": [],
          "minVelocity": 6.0,
          "damageMultiplier": 0.5,
          "allowKnockout": true,
          "allowPenetration": false,
          "pressureAllowed": false,
          "knockoutAllowedMinVelocity": 12.0,
          "knockoutForcedMinVelocity": "Infinity",
          "knockoutThrowAllowedMinVelocity": 12.0,
          "knockoutThrowForcedMinVelocity": "Infinity",
          "knockoutDurationMultiplier": 0.8,
          "pushLevels": [
            {
              "$type": "ThunderRoad.DamageModifierData+Modifier+PushLevel, ThunderRoad",
              "hitVelocity": 8.0,
              "throwVelocity": 8.0
            },
            {
              "$type": "ThunderRoad.DamageModifierData+Modifier+PushLevel, ThunderRoad",
              "hitVelocity": 10.0,
              "throwVelocity": 10.0
            },
            {
              "$type": "ThunderRoad.DamageModifierData+Modifier+PushLevel, ThunderRoad",
              "hitVelocity": 12.0,
              "throwVelocity": 12.0
            },
            {
              "$type": "ThunderRoad.DamageModifierData+Modifier+PushLevel, ThunderRoad",
              "hitVelocity": 16.0,
              "throwVelocity": 16.0
            },
            {
              "$type": "ThunderRoad.DamageModifierData+Modifier+PushLevel, ThunderRoad",
              "hitVelocity": 24.0,
              "throwVelocity": 24.0
            }
          ],
          "penetrationMinVelocity": 1.0,
          "penetrationDamperMultiplier": 1.0,
          "penetrationVelocityMaxDepth": false,
          "penetrationVelocityMaxDepthCurve": {
            "$type": "UnityEngine.AnimationCurve, UnityEngine.CoreModule",
            "keys": [],
            "length": 0,
            "preWrapMode": "ClampForever",
            "postWrapMode": "ClampForever"
          },
          "pressureForceMultiplier": 1.0
        }
      ]
    },
    {
      "$type": "ThunderRoad.DamageModifierData+Collision, ThunderRoad",
      "sourceMaterialIds": [],
      "targetMaterialIds": [
        "Plate"
      ],
      "modifiers": [
        {
          "$type": "ThunderRoad.DamageModifierData+Modifier, ThunderRoad",
          "tierFilter": 0,
          "imbuesFilterLogic": "NoneExcept",
          "imbuesFilter": [
            "Fire"
          ],
          "minVelocity": 6.0,
          "damageMultiplier": 0.75,
          "allowKnockout": true,
          "allowPenetration": false,
          "pressureAllowed": false,
          "knockoutAllowedMinVelocity": 13.0,
          "knockoutForcedMinVelocity": "Infinity",
          "knockoutThrowAllowedMinVelocity": 13.0,
          "knockoutThrowForcedMinVelocity": "Infinity",
          "knockoutDurationMultiplier": 0.6,
          "pushLevels": [
            {
              "$type": "ThunderRoad.DamageModifierData+Modifier+PushLevel, ThunderRoad",
              "hitVelocity": 9.0,
              "throwVelocity": 9.0
            },
            {
              "$type": "ThunderRoad.DamageModifierData+Modifier+PushLevel, ThunderRoad",
              "hitVelocity": 11.0,
              "throwVelocity": 11.0
            },
            {
              "$type": "ThunderRoad.DamageModifierData+Modifier+PushLevel, ThunderRoad",
              "hitVelocity": 13.0,
              "throwVelocity": 13.0
            },
            {
              "$type": "ThunderRoad.DamageModifierData+Modifier+PushLevel, ThunderRoad",
              "hitVelocity": 16.0,
              "throwVelocity": 16.0
            },
            {
              "$type": "ThunderRoad.DamageModifierData+Modifier+PushLevel, ThunderRoad",
              "hitVelocity": 24.0,
              "throwVelocity": 24.0
            }
          ],
          "penetrationMinVelocity": 1.0,
          "penetrationDamperMultiplier": 1.0,
          "penetrationVelocityMaxDepth": false,
          "penetrationVelocityMaxDepthCurve": {
            "$type": "UnityEngine.AnimationCurve, UnityEngine.CoreModule",
            "keys": [],
            "length": 0,
            "preWrapMode": "ClampForever",
            "postWrapMode": "ClampForever"
          },
          "pressureForceMultiplier": 1.0
        },
        {
          "$type": "ThunderRoad.DamageModifierData+Modifier, ThunderRoad",
          "tierFilter": "Tier0",
          "imbuesFilterLogic": "AnyExcept",
          "imbuesFilter": [],
          "minVelocity": 6.0,
          "damageMultiplier": 0.5,
          "allowKnockout": true,
          "allowPenetration": false,
          "pressureAllowed": false,
          "knockoutAllowedMinVelocity": 14.0,
          "knockoutForcedMinVelocity": "Infinity",
          "knockoutThrowAllowedMinVelocity": 14.0,
          "knockoutThrowForcedMinVelocity": "Infinity",
          "knockoutDurationMultiplier": 1.2,
          "pushLevels": [
            {
              "$type": "ThunderRoad.DamageModifierData+Modifier+PushLevel, ThunderRoad",
              "hitVelocity": 9.0,
              "throwVelocity": 9.0
            },
            {
              "$type": "ThunderRoad.DamageModifierData+Modifier+PushLevel, ThunderRoad",
              "hitVelocity": 13.0,
              "throwVelocity": 13.0
            },
            {
              "$type": "ThunderRoad.DamageModifierData+Modifier+PushLevel, ThunderRoad",
              "hitVelocity": 16.0,
              "throwVelocity": 16.0
            },
            {
              "$type": "ThunderRoad.DamageModifierData+Modifier+PushLevel, ThunderRoad",
              "hitVelocity": 19.0,
              "throwVelocity": 19.0
            },
            {
              "$type": "ThunderRoad.DamageModifierData+Modifier+PushLevel, ThunderRoad",
              "hitVelocity": 24.0,
              "throwVelocity": 24.0
            }
          ],
          "penetrationMinVelocity": 1.0,
          "penetrationDamperMultiplier": 1.0,
          "penetrationVelocityMaxDepth": false,
          "penetrationVelocityMaxDepthCurve": {
            "$type": "UnityEngine.AnimationCurve, UnityEngine.CoreModule",
            "keys": [],
            "length": 0,
            "preWrapMode": "ClampForever",
            "postWrapMode": "ClampForever"
          },
          "pressureForceMultiplier": 1.0
        },
        {
          "$type": "ThunderRoad.DamageModifierData+Modifier, ThunderRoad",
          "tierFilter": "Tier1, Tier2, Tier3, Tier4, Tier5, Tier6",
          "imbuesFilterLogic": "AnyExcept",
          "imbuesFilter": [],
          "minVelocity": 6.0,
          "damageMultiplier": 0.66,
          "allowKnockout": true,
          "allowPenetration": false,
          "pressureAllowed": false,
          "knockoutAllowedMinVelocity": 14.0,
          "knockoutForcedMinVelocity": "Infinity",
          "knockoutThrowAllowedMinVelocity": 14.0,
          "knockoutThrowForcedMinVelocity": "Infinity",
          "knockoutDurationMultiplier": 1.2,
          "pushLevels": [
            {
              "$type": "ThunderRoad.DamageModifierData+Modifier+PushLevel, ThunderRoad",
              "hitVelocity": 9.0,
              "throwVelocity": 9.0
            },
            {
              "$type": "ThunderRoad.DamageModifierData+Modifier+PushLevel, ThunderRoad",
              "hitVelocity": 11.0,
              "throwVelocity": 11.0
            },
            {
              "$type": "ThunderRoad.DamageModifierData+Modifier+PushLevel, ThunderRoad",
              "hitVelocity": 13.0,
              "throwVelocity": 13.0
            },
            {
              "$type": "ThunderRoad.DamageModifierData+Modifier+PushLevel, ThunderRoad",
              "hitVelocity": 16.0,
              "throwVelocity": 16.0
            },
            {
              "$type": "ThunderRoad.DamageModifierData+Modifier+PushLevel, ThunderRoad",
              "hitVelocity": 24.0,
              "throwVelocity": 24.0
            }
          ],
          "penetrationMinVelocity": 1.0,
          "penetrationDamperMultiplier": 1.0,
          "penetrationVelocityMaxDepth": false,
          "penetrationVelocityMaxDepthCurve": {
            "$type": "UnityEngine.AnimationCurve, UnityEngine.CoreModule",
            "keys": [],
            "length": 0,
            "preWrapMode": "ClampForever",
            "postWrapMode": "ClampForever"
          },
          "pressureForceMultiplier": 1.0
        }
      ]
    }
  ],
  "groupPath": null
}