{
  "$type": "ThunderRoad.DamageModifierData, ThunderRoad",
  "id": "SlashAxe",
  "sensitiveContent": "None",
  "sensitiveFilterBehaviour": "Discard",
  "version": 1,
  "damageType": "Slash",
  "collisions": [
    {
      "$type": "ThunderRoad.DamageModifierData+Collision, ThunderRoad",
      "sourceMaterialIds": [],
      "targetMaterialIds": [
        "Flesh"
      ],
      "modifiers": [
        {
          "$type": "ThunderRoad.DamageModifierData+Modifier, ThunderRoad",
          "tierFilter": 0,
          "imbuesFilterLogic": "NoneExcept",
          "imbuesFilter": [
            "Fire"
          ],
          "minVelocity": 3.0,
          "damageMultiplier": 1.0,
          "allowKnockout": false,
          "allowPenetration": true,
          "pressureAllowed": true,
          "knockoutAllowedMinVelocity": "Infinity",
          "knockoutForcedMinVelocity": "Infinity",
          "knockoutThrowAllowedMinVelocity": "Infinity",
          "knockoutThrowForcedMinVelocity": "Infinity",
          "knockoutDurationMultiplier": 1.0,
          "pushLevels": [
            {
              "$type": "ThunderRoad.DamageModifierData+Modifier+PushLevel, ThunderRoad",
              "hitVelocity": 3.0,
              "throwVelocity": 3.0
            },
            {
              "$type": "ThunderRoad.DamageModifierData+Modifier+PushLevel, ThunderRoad",
              "hitVelocity": 6.0,
              "throwVelocity": 6.0
            },
            {
              "$type": "ThunderRoad.DamageModifierData+Modifier+PushLevel, ThunderRoad",
              "hitVelocity": 9.0,
              "throwVelocity": 9.0
            },
            {
              "$type": "ThunderRoad.DamageModifierData+Modifier+PushLevel, ThunderRoad",
              "hitVelocity": 14.0,
              "throwVelocity": 14.0
            },
            {
              "$type": "ThunderRoad.DamageModifierData+Modifier+PushLevel, ThunderRoad",
              "hitVelocity": 24.0,
              "throwVelocity": 24.0
            }
          ],
          "penetrationMinVelocity": 3.0,
          "penetrationDamperMultiplier": 0.9,
          "penetrationVelocityMaxDepth": false,
          "penetrationVelocityMaxDepthCurve": {
            "$type": "UnityEngine.AnimationCurve, UnityEngine.CoreModule",
            "keys": [],
            "length": 0,
            "preWrapMode": "ClampForever",
            "postWrapMode": "ClampForever"
          },
          "pressureForceMultiplier": 1.0
        },
        {
          "$type": "ThunderRoad.DamageModifierData+Modifier, ThunderRoad",
          "tierFilter": "Tier0",
          "imbuesFilterLogic": "AnyExcept",
          "imbuesFilter": [],
          "minVelocity": 6.0,
          "damageMultiplier": 1.0,
          "allowKnockout": false,
          "allowPenetration": true,
          "pressureAllowed": false,
          "knockoutAllowedMinVelocity": "Infinity",
          "knockoutForcedMinVelocity": "Infinity",
          "knockoutThrowAllowedMinVelocity": "Infinity",
          "knockoutThrowForcedMinVelocity": "Infinity",
          "knockoutDurationMultiplier": 1.0,
          "pushLevels": [
            {
              "$type": "ThunderRoad.DamageModifierData+Modifier+PushLevel, ThunderRoad",
              "hitVelocity": 3.0,
              "throwVelocity": 3.0
            },
            {
              "$type": "ThunderRoad.DamageModifierData+Modifier+PushLevel, ThunderRoad",
              "hitVelocity": 6.0,
              "throwVelocity": 6.0
            },
            {
              "$type": "ThunderRoad.DamageModifierData+Modifier+PushLevel, ThunderRoad",
              "hitVelocity": 9.0,
              "throwVelocity": 9.0
            },
            {
              "$type": "ThunderRoad.DamageModifierData+Modifier+PushLevel, ThunderRoad",
              "hitVelocity": 14.0,
              "throwVelocity": 14.0
            },
            {
              "$type": "ThunderRoad.DamageModifierData+Modifier+PushLevel, ThunderRoad",
              "hitVelocity": 24.0,
              "throwVelocity": 24.0
            }
          ],
          "penetrationMinVelocity": 6.0,
          "penetrationDamperMultiplier": 6.0,
          "penetrationVelocityMaxDepth": false,
          "penetrationVelocityMaxDepthCurve": {
            "$type": "UnityEngine.AnimationCurve, UnityEngine.CoreModule",
            "keys": [],
            "length": 0,
            "preWrapMode": "ClampForever",
            "postWrapMode": "ClampForever"
          },
          "pressureForceMultiplier": 1.0
        },
        {
          "$type": "ThunderRoad.DamageModifierData+Modifier, ThunderRoad",
          "tierFilter": "Tier1, Tier2",
          "imbuesFilterLogic": "AnyExcept",
          "imbuesFilter": [],
          "minVelocity": 6.0,
          "damageMultiplier": 1.0,
          "allowKnockout": false,
          "allowPenetration": true,
          "pressureAllowed": false,
          "knockoutAllowedMinVelocity": "Infinity",
          "knockoutForcedMinVelocity": "Infinity",
          "knockoutThrowAllowedMinVelocity": "Infinity",
          "knockoutThrowForcedMinVelocity": "Infinity",
          "knockoutDurationMultiplier": 1.0,
          "pushLevels": [
            {
              "$type": "ThunderRoad.DamageModifierData+Modifier+PushLevel, ThunderRoad",
              "hitVelocity": 3.0,
              "throwVelocity": 3.0
            },
            {
              "$type": "ThunderRoad.DamageModifierData+Modifier+PushLevel, ThunderRoad",
              "hitVelocity": 6.0,
              "throwVelocity": 6.0
            },
            {
              "$type": "ThunderRoad.DamageModifierData+Modifier+PushLevel, ThunderRoad",
              "hitVelocity": 9.0,
              "throwVelocity": 9.0
            },
            {
              "$type": "ThunderRoad.DamageModifierData+Modifier+PushLevel, ThunderRoad",
              "hitVelocity": 14.0,
              "throwVelocity": 14.0
            },
            {
              "$type": "ThunderRoad.DamageModifierData+Modifier+PushLevel, ThunderRoad",
              "hitVelocity": 24.0,
              "throwVelocity": 24.0
            }
          ],
          "penetrationMinVelocity": 6.0,
          "penetrationDamperMultiplier": 1.5,
          "penetrationVelocityMaxDepth": false,
          "penetrationVelocityMaxDepthCurve": {
            "$type": "UnityEngine.AnimationCurve, UnityEngine.CoreModule",
            "keys": [],
            "length": 0,
            "preWrapMode": "ClampForever",
            "postWrapMode": "ClampForever"
          },
          "pressureForceMultiplier": 1.0
        },
        {
          "$type": "ThunderRoad.DamageModifierData+Modifier, ThunderRoad",
          "tierFilter": "Tier3, Tier4, Tier5, Tier6",
          "imbuesFilterLogic": "AnyExcept",
          "imbuesFilter": [],
          "minVelocity": 6.0,
          "damageMultiplier": 1.0,
          "allowKnockout": false,
          "allowPenetration": true,
          "pressureAllowed": false,
          "knockoutAllowedMinVelocity": "Infinity",
          "knockoutForcedMinVelocity": "Infinity",
          "knockoutThrowAllowedMinVelocity": "Infinity",
          "knockoutThrowForcedMinVelocity": "Infinity",
          "knockoutDurationMultiplier": 1.0,
          "pushLevels": [
            {
              "$type": "ThunderRoad.DamageModifierData+Modifier+PushLevel, ThunderRoad",
              "hitVelocity": 3.0,
              "throwVelocity": 3.0
            },
            {
              "$type": "ThunderRoad.DamageModifierData+Modifier+PushLevel, ThunderRoad",
              "hitVelocity": 6.0,
              "throwVelocity": 6.0
            },
            {
              "$type": "ThunderRoad.DamageModifierData+Modifier+PushLevel, ThunderRoad",
              "hitVelocity": 9.0,
              "throwVelocity": 9.0
            },
            {
              "$type": "ThunderRoad.DamageModifierData+Modifier+PushLevel, ThunderRoad",
              "hitVelocity": 14.0,
              "throwVelocity": 14.0
            },
            {
              "$type": "ThunderRoad.DamageModifierData+Modifier+PushLevel, ThunderRoad",
              "hitVelocity": 24.0,
              "throwVelocity": 24.0
            }
          ],
          "penetrationMinVelocity": 6.0,
          "penetrationDamperMultiplier": 1.0,
          "penetrationVelocityMaxDepth": false,
          "penetrationVelocityMaxDepthCurve": {
            "$type": "UnityEngine.AnimationCurve, UnityEngine.CoreModule",
            "keys": [],
            "length": 0,
            "preWrapMode": "ClampForever",
            "postWrapMode": "ClampForever"
          },
          "pressureForceMultiplier": 1.0
        }
      ]
    },
    {
      "$type": "ThunderRoad.DamageModifierData+Collision, ThunderRoad",
      "sourceMaterialIds": [],
      "targetMaterialIds": [
        "Leather"
      ],
      "modifiers": [
        {
          "$type": "ThunderRoad.DamageModifierData+Modifier, ThunderRoad",
          "tierFilter": 0,
          "imbuesFilterLogic": "NoneExcept",
          "imbuesFilter": [
            "Fire"
          ],
          "minVelocity": 3.0,
          "damageMultiplier": 1.0,
          "allowKnockout": false,
          "allowPenetration": true,
          "pressureAllowed": true,
          "knockoutAllowedMinVelocity": "Infinity",
          "knockoutForcedMinVelocity": "Infinity",
          "knockoutThrowAllowedMinVelocity": "Infinity",
          "knockoutThrowForcedMinVelocity": "Infinity",
          "knockoutDurationMultiplier": 1.0,
          "pushLevels": [
            {
              "$type": "ThunderRoad.DamageModifierData+Modifier+PushLevel, ThunderRoad",
              "hitVelocity": 4.0,
              "throwVelocity": 4.0
            },
            {
              "$type": "ThunderRoad.DamageModifierData+Modifier+PushLevel, ThunderRoad",
              "hitVelocity": 7.0,
              "throwVelocity": 7.0
            },
            {
              "$type": "ThunderRoad.DamageModifierData+Modifier+PushLevel, ThunderRoad",
              "hitVelocity": 10.0,
              "throwVelocity": 10.0
            },
            {
              "$type": "ThunderRoad.DamageModifierData+Modifier+PushLevel, ThunderRoad",
              "hitVelocity": 16.0,
              "throwVelocity": 16.0
            },
            {
              "$type": "ThunderRoad.DamageModifierData+Modifier+PushLevel, ThunderRoad",
              "hitVelocity": 24.0,
              "throwVelocity": 24.0
            }
          ],
          "penetrationMinVelocity": 3.0,
          "penetrationDamperMultiplier": 1.4,
          "penetrationVelocityMaxDepth": false,
          "penetrationVelocityMaxDepthCurve": {
            "$type": "UnityEngine.AnimationCurve, UnityEngine.CoreModule",
            "keys": [],
            "length": 0,
            "preWrapMode": "ClampForever",
            "postWrapMode": "ClampForever"
          },
          "pressureForceMultiplier": 1.0
        },
        {
          "$type": "ThunderRoad.DamageModifierData+Modifier, ThunderRoad",
          "tierFilter": "Tier0",
          "imbuesFilterLogic": "AnyExcept",
          "imbuesFilter": [],
          "minVelocity": 8.0,
          "damageMultiplier": 0.8,
          "allowKnockout": false,
          "allowPenetration": false,
          "pressureAllowed": false,
          "knockoutAllowedMinVelocity": "Infinity",
          "knockoutForcedMinVelocity": "Infinity",
          "knockoutThrowAllowedMinVelocity": "Infinity",
          "knockoutThrowForcedMinVelocity": "Infinity",
          "knockoutDurationMultiplier": 1.0,
          "pushLevels": [
            {
              "$type": "ThunderRoad.DamageModifierData+Modifier+PushLevel, ThunderRoad",
              "hitVelocity": 4.0,
              "throwVelocity": 4.0
            },
            {
              "$type": "ThunderRoad.DamageModifierData+Modifier+PushLevel, ThunderRoad",
              "hitVelocity": 7.0,
              "throwVelocity": 7.0
            },
            {
              "$type": "ThunderRoad.DamageModifierData+Modifier+PushLevel, ThunderRoad",
              "hitVelocity": 10.0,
              "throwVelocity": 10.0
            },
            {
              "$type": "ThunderRoad.DamageModifierData+Modifier+PushLevel, ThunderRoad",
              "hitVelocity": 16.0,
              "throwVelocity": 16.0
            },
            {
              "$type": "ThunderRoad.DamageModifierData+Modifier+PushLevel, ThunderRoad",
              "hitVelocity": 24.0,
              "throwVelocity": 24.0
            }
          ],
          "penetrationMinVelocity": 14.0,
          "penetrationDamperMultiplier": 2.0,
          "penetrationVelocityMaxDepth": false,
          "penetrationVelocityMaxDepthCurve": {
            "$type": "UnityEngine.AnimationCurve, UnityEngine.CoreModule",
            "keys": [],
            "length": 0,
            "preWrapMode": "ClampForever",
            "postWrapMode": "ClampForever"
          },
          "pressureForceMultiplier": 1.0
        },
        {
          "$type": "ThunderRoad.DamageModifierData+Modifier, ThunderRoad",
          "tierFilter": "Tier1, Tier2",
          "imbuesFilterLogic": "AnyExcept",
          "imbuesFilter": [],
          "minVelocity": 6.0,
          "damageMultiplier": 0.8,
          "allowKnockout": false,
          "allowPenetration": true,
          "pressureAllowed": false,
          "knockoutAllowedMinVelocity": "Infinity",
          "knockoutForcedMinVelocity": "Infinity",
          "knockoutThrowAllowedMinVelocity": "Infinity",
          "knockoutThrowForcedMinVelocity": "Infinity",
          "knockoutDurationMultiplier": 1.0,
          "pushLevels": [
            {
              "$type": "ThunderRoad.DamageModifierData+Modifier+PushLevel, ThunderRoad",
              "hitVelocity": 4.0,
              "throwVelocity": 6.0
            },
            {
              "$type": "ThunderRoad.DamageModifierData+Modifier+PushLevel, ThunderRoad",
              "hitVelocity": 7.0,
              "throwVelocity": 7.0
            },
            {
              "$type": "ThunderRoad.DamageModifierData+Modifier+PushLevel, ThunderRoad",
              "hitVelocity": 10.0,
              "throwVelocity": 10.0
            },
            {
              "$type": "ThunderRoad.DamageModifierData+Modifier+PushLevel, ThunderRoad",
              "hitVelocity": 16.0,
              "throwVelocity": 16.0
            },
            {
              "$type": "ThunderRoad.DamageModifierData+Modifier+PushLevel, ThunderRoad",
              "hitVelocity": 24.0,
              "throwVelocity": 24.0
            }
          ],
          "penetrationMinVelocity": 10.0,
          "penetrationDamperMultiplier": 1.6,
          "penetrationVelocityMaxDepth": false,
          "penetrationVelocityMaxDepthCurve": {
            "$type": "UnityEngine.AnimationCurve, UnityEngine.CoreModule",
            "keys": [],
            "length": 0,
            "preWrapMode": "ClampForever",
            "postWrapMode": "ClampForever"
          },
          "pressureForceMultiplier": 1.0
        },
        {
          "$type": "ThunderRoad.DamageModifierData+Modifier, ThunderRoad",
          "tierFilter": "Tier3, Tier4, Tier5, Tier6",
          "imbuesFilterLogic": "AnyExcept",
          "imbuesFilter": [],
          "minVelocity": 6.0,
          "damageMultiplier": 0.8,
          "allowKnockout": false,
          "allowPenetration": true,
          "pressureAllowed": false,
          "knockoutAllowedMinVelocity": "Infinity",
          "knockoutForcedMinVelocity": "Infinity",
          "knockoutThrowAllowedMinVelocity": "Infinity",
          "knockoutThrowForcedMinVelocity": "Infinity",
          "knockoutDurationMultiplier": 1.0,
          "pushLevels": [
            {
              "$type": "ThunderRoad.DamageModifierData+Modifier+PushLevel, ThunderRoad",
              "hitVelocity": 4.0,
              "throwVelocity": 4.0
            },
            {
              "$type": "ThunderRoad.DamageModifierData+Modifier+PushLevel, ThunderRoad",
              "hitVelocity": 7.0,
              "throwVelocity": 7.0
            },
            {
              "$type": "ThunderRoad.DamageModifierData+Modifier+PushLevel, ThunderRoad",
              "hitVelocity": 10.0,
              "throwVelocity": 10.0
            },
            {
              "$type": "ThunderRoad.DamageModifierData+Modifier+PushLevel, ThunderRoad",
              "hitVelocity": 16.0,
              "throwVelocity": 16.0
            },
            {
              "$type": "ThunderRoad.DamageModifierData+Modifier+PushLevel, ThunderRoad",
              "hitVelocity": 24.0,
              "throwVelocity": 24.0
            }
          ],
          "penetrationMinVelocity": 8.0,
          "penetrationDamperMultiplier": 1.4,
          "penetrationVelocityMaxDepth": false,
          "penetrationVelocityMaxDepthCurve": {
            "$type": "UnityEngine.AnimationCurve, UnityEngine.CoreModule",
            "keys": [],
            "length": 0,
            "preWrapMode": "ClampForever",
            "postWrapMode": "ClampForever"
          },
          "pressureForceMultiplier": 1.0
        }
      ]
    },
    {
      "$type": "ThunderRoad.DamageModifierData+Collision, ThunderRoad",
      "sourceMaterialIds": [],
      "targetMaterialIds": [
        "Chainmail"
      ],
      "modifiers": [
        {
          "$type": "ThunderRoad.DamageModifierData+Modifier, ThunderRoad",
          "tierFilter": 0,
          "imbuesFilterLogic": "NoneExcept",
          "imbuesFilter": [
            "Fire"
          ],
          "minVelocity": 3.0,
          "damageMultiplier": 0.8,
          "allowKnockout": false,
          "allowPenetration": true,
          "pressureAllowed": true,
          "knockoutAllowedMinVelocity": "Infinity",
          "knockoutForcedMinVelocity": "Infinity",
          "knockoutThrowAllowedMinVelocity": "Infinity",
          "knockoutThrowForcedMinVelocity": "Infinity",
          "knockoutDurationMultiplier": 1.0,
          "pushLevels": [
            {
              "$type": "ThunderRoad.DamageModifierData+Modifier+PushLevel, ThunderRoad",
              "hitVelocity": 4.0,
              "throwVelocity": 4.0
            },
            {
              "$type": "ThunderRoad.DamageModifierData+Modifier+PushLevel, ThunderRoad",
              "hitVelocity": 8.0,
              "throwVelocity": 8.0
            },
            {
              "$type": "ThunderRoad.DamageModifierData+Modifier+PushLevel, ThunderRoad",
              "hitVelocity": 12.0,
              "throwVelocity": 12.0
            },
            {
              "$type": "ThunderRoad.DamageModifierData+Modifier+PushLevel, ThunderRoad",
              "hitVelocity": 20.0,
              "throwVelocity": 20.0
            },
            {
              "$type": "ThunderRoad.DamageModifierData+Modifier+PushLevel, ThunderRoad",
              "hitVelocity": 24.0,
              "throwVelocity": 24.0
            }
          ],
          "penetrationMinVelocity": 3.0,
          "penetrationDamperMultiplier": 1.8,
          "penetrationVelocityMaxDepth": false,
          "penetrationVelocityMaxDepthCurve": {
            "$type": "UnityEngine.AnimationCurve, UnityEngine.CoreModule",
            "keys": [],
            "length": 0,
            "preWrapMode": "ClampForever",
            "postWrapMode": "ClampForever"
          },
          "pressureForceMultiplier": 1.0
        },
        {
          "$type": "ThunderRoad.DamageModifierData+Modifier, ThunderRoad",
          "tierFilter": "Tier0",
          "imbuesFilterLogic": "AnyExcept",
          "imbuesFilter": [],
          "minVelocity": 8.0,
          "damageMultiplier": 0.8,
          "allowKnockout": false,
          "allowPenetration": false,
          "pressureAllowed": false,
          "knockoutAllowedMinVelocity": "Infinity",
          "knockoutForcedMinVelocity": "Infinity",
          "knockoutThrowAllowedMinVelocity": "Infinity",
          "knockoutThrowForcedMinVelocity": "Infinity",
          "knockoutDurationMultiplier": 1.0,
          "pushLevels": [
            {
              "$type": "ThunderRoad.DamageModifierData+Modifier+PushLevel, ThunderRoad",
              "hitVelocity": 4.0,
              "throwVelocity": 4.0
            },
            {
              "$type": "ThunderRoad.DamageModifierData+Modifier+PushLevel, ThunderRoad",
              "hitVelocity": 8.0,
              "throwVelocity": 8.0
            },
            {
              "$type": "ThunderRoad.DamageModifierData+Modifier+PushLevel, ThunderRoad",
              "hitVelocity": 12.0,
              "throwVelocity": 12.0
            },
            {
              "$type": "ThunderRoad.DamageModifierData+Modifier+PushLevel, ThunderRoad",
              "hitVelocity": 20.0,
              "throwVelocity": 20.0
            },
            {
              "$type": "ThunderRoad.DamageModifierData+Modifier+PushLevel, ThunderRoad",
              "hitVelocity": 24.0,
              "throwVelocity": 24.0
            }
          ],
          "penetrationMinVelocity": 7.5,
          "penetrationDamperMultiplier": 1.0,
          "penetrationVelocityMaxDepth": false,
          "penetrationVelocityMaxDepthCurve": {
            "$type": "UnityEngine.AnimationCurve, UnityEngine.CoreModule",
            "keys": [],
            "length": 0,
            "preWrapMode": "ClampForever",
            "postWrapMode": "ClampForever"
          },
          "pressureForceMultiplier": 1.0
        },
        {
          "$type": "ThunderRoad.DamageModifierData+Modifier, ThunderRoad",
          "tierFilter": "Tier1, Tier2",
          "imbuesFilterLogic": "AnyExcept",
          "imbuesFilter": [],
          "minVelocity": 6.0,
          "damageMultiplier": 0.8,
          "allowKnockout": false,
          "allowPenetration": true,
          "pressureAllowed": false,
          "knockoutAllowedMinVelocity": "Infinity",
          "knockoutForcedMinVelocity": "Infinity",
          "knockoutThrowAllowedMinVelocity": "Infinity",
          "knockoutThrowForcedMinVelocity": "Infinity",
          "knockoutDurationMultiplier": 1.0,
          "pushLevels": [
            {
              "$type": "ThunderRoad.DamageModifierData+Modifier+PushLevel, ThunderRoad",
              "hitVelocity": 4.0,
              "throwVelocity": 6.0
            },
            {
              "$type": "ThunderRoad.DamageModifierData+Modifier+PushLevel, ThunderRoad",
              "hitVelocity": 8.0,
              "throwVelocity": 8.0
            },
            {
              "$type": "ThunderRoad.DamageModifierData+Modifier+PushLevel, ThunderRoad",
              "hitVelocity": 12.0,
              "throwVelocity": 12.0
            },
            {
              "$type": "ThunderRoad.DamageModifierData+Modifier+PushLevel, ThunderRoad",
              "hitVelocity": 20.0,
              "throwVelocity": 20.0
            },
            {
              "$type": "ThunderRoad.DamageModifierData+Modifier+PushLevel, ThunderRoad",
              "hitVelocity": 24.0,
              "throwVelocity": 24.0
            }
          ],
          "penetrationMinVelocity": 12.0,
          "penetrationDamperMultiplier": 2.0,
          "penetrationVelocityMaxDepth": false,
          "penetrationVelocityMaxDepthCurve": {
            "$type": "UnityEngine.AnimationCurve, UnityEngine.CoreModule",
            "keys": [],
            "length": 0,
            "preWrapMode": "ClampForever",
            "postWrapMode": "ClampForever"
          },
          "pressureForceMultiplier": 1.0
        },
        {
          "$type": "ThunderRoad.DamageModifierData+Modifier, ThunderRoad",
          "tierFilter": "Tier3, Tier4, Tier5, Tier6",
          "imbuesFilterLogic": "AnyExcept",
          "imbuesFilter": [],
          "minVelocity": 6.0,
          "damageMultiplier": 0.8,
          "allowKnockout": false,
          "allowPenetration": true,
          "pressureAllowed": false,
          "knockoutAllowedMinVelocity": "Infinity",
          "knockoutForcedMinVelocity": "Infinity",
          "knockoutThrowAllowedMinVelocity": "Infinity",
          "knockoutThrowForcedMinVelocity": "Infinity",
          "knockoutDurationMultiplier": 1.0,
          "pushLevels": [
            {
              "$type": "ThunderRoad.DamageModifierData+Modifier+PushLevel, ThunderRoad",
              "hitVelocity": 4.0,
              "throwVelocity": 6.0
            },
            {
              "$type": "ThunderRoad.DamageModifierData+Modifier+PushLevel, ThunderRoad",
              "hitVelocity": 8.0,
              "throwVelocity": 8.0
            },
            {
              "$type": "ThunderRoad.DamageModifierData+Modifier+PushLevel, ThunderRoad",
              "hitVelocity": 12.0,
              "throwVelocity": 12.0
            },
            {
              "$type": "ThunderRoad.DamageModifierData+Modifier+PushLevel, ThunderRoad",
              "hitVelocity": 20.0,
              "throwVelocity": 20.0
            },
            {
              "$type": "ThunderRoad.DamageModifierData+Modifier+PushLevel, ThunderRoad",
              "hitVelocity": 24.0,
              "throwVelocity": 24.0
            }
          ],
          "penetrationMinVelocity": 10.0,
          "penetrationDamperMultiplier": 1.8,
          "penetrationVelocityMaxDepth": false,
          "penetrationVelocityMaxDepthCurve": {
            "$type": "UnityEngine.AnimationCurve, UnityEngine.CoreModule",
            "keys": [],
            "length": 0,
            "preWrapMode": "ClampForever",
            "postWrapMode": "ClampForever"
          },
          "pressureForceMultiplier": 1.0
        }
      ]
    },
    {
      "$type": "ThunderRoad.DamageModifierData+Collision, ThunderRoad",
      "sourceMaterialIds": [],
      "targetMaterialIds": [
        "Plate",
        "Metal",
        "Stone",
        "Ceramic"
      ],
      "modifiers": [
        {
          "$type": "ThunderRoad.DamageModifierData+Modifier, ThunderRoad",
          "tierFilter": 0,
          "imbuesFilterLogic": "NoneExcept",
          "imbuesFilter": [
            "Fire"
          ],
          "minVelocity": 3.0,
          "damageMultiplier": 0.8,
          "allowKnockout": false,
          "allowPenetration": true,
          "pressureAllowed": false,
          "knockoutAllowedMinVelocity": "Infinity",
          "knockoutForcedMinVelocity": "Infinity",
          "knockoutThrowAllowedMinVelocity": "Infinity",
          "knockoutThrowForcedMinVelocity": "Infinity",
          "knockoutDurationMultiplier": 1.0,
          "pushLevels": [
            {
              "$type": "ThunderRoad.DamageModifierData+Modifier+PushLevel, ThunderRoad",
              "hitVelocity": 9.0,
              "throwVelocity": 9.0
            },
            {
              "$type": "ThunderRoad.DamageModifierData+Modifier+PushLevel, ThunderRoad",
              "hitVelocity": 12.0,
              "throwVelocity": 12.0
            },
            {
              "$type": "ThunderRoad.DamageModifierData+Modifier+PushLevel, ThunderRoad",
              "hitVelocity": 15.0,
              "throwVelocity": 15.0
            },
            {
              "$type": "ThunderRoad.DamageModifierData+Modifier+PushLevel, ThunderRoad",
              "hitVelocity": 20.0,
              "throwVelocity": 20.0
            },
            {
              "$type": "ThunderRoad.DamageModifierData+Modifier+PushLevel, ThunderRoad",
              "hitVelocity": 24.0,
              "throwVelocity": 24.0
            }
          ],
          "penetrationMinVelocity": 4.5,
          "penetrationDamperMultiplier": 3.0,
          "penetrationVelocityMaxDepth": false,
          "penetrationVelocityMaxDepthCurve": {
            "$type": "UnityEngine.AnimationCurve, UnityEngine.CoreModule",
            "keys": [],
            "length": 0,
            "preWrapMode": "ClampForever",
            "postWrapMode": "ClampForever"
          },
          "pressureForceMultiplier": 1.0
        },
        {
          "$type": "ThunderRoad.DamageModifierData+Modifier, ThunderRoad",
          "tierFilter": 0,
          "imbuesFilterLogic": "AnyExcept",
          "imbuesFilter": [],
          "minVelocity": 6.0,
          "damageMultiplier": 0.8,
          "allowKnockout": false,
          "allowPenetration": false,
          "pressureAllowed": false,
          "knockoutAllowedMinVelocity": "Infinity",
          "knockoutForcedMinVelocity": "Infinity",
          "knockoutThrowAllowedMinVelocity": "Infinity",
          "knockoutThrowForcedMinVelocity": "Infinity",
          "knockoutDurationMultiplier": 1.0,
          "pushLevels": [
            {
              "$type": "ThunderRoad.DamageModifierData+Modifier+PushLevel, ThunderRoad",
              "hitVelocity": 9.0,
              "throwVelocity": 9.0
            },
            {
              "$type": "ThunderRoad.DamageModifierData+Modifier+PushLevel, ThunderRoad",
              "hitVelocity": 12.0,
              "throwVelocity": 12.0
            },
            {
              "$type": "ThunderRoad.DamageModifierData+Modifier+PushLevel, ThunderRoad",
              "hitVelocity": 15.0,
              "throwVelocity": 15.0
            },
            {
              "$type": "ThunderRoad.DamageModifierData+Modifier+PushLevel, ThunderRoad",
              "hitVelocity": 20.0,
              "throwVelocity": 20.0
            },
            {
              "$type": "ThunderRoad.DamageModifierData+Modifier+PushLevel, ThunderRoad",
              "hitVelocity": 24.0,
              "throwVelocity": 24.0
            }
          ],
          "penetrationMinVelocity": 1.0,
          "penetrationDamperMultiplier": 1.0,
          "penetrationVelocityMaxDepth": false,
          "penetrationVelocityMaxDepthCurve": {
            "$type": "UnityEngine.AnimationCurve, UnityEngine.CoreModule",
            "keys": [],
            "length": 0,
            "preWrapMode": "ClampForever",
            "postWrapMode": "ClampForever"
          },
          "pressureForceMultiplier": 1.0
        }
      ]
    },
    {
      "$type": "ThunderRoad.DamageModifierData+Collision, ThunderRoad",
      "sourceMaterialIds": [],
      "targetMaterialIds": [
        "Wood",
        "Sand",
        "Dirt"
      ],
      "modifiers": [
        {
          "$type": "ThunderRoad.DamageModifierData+Modifier, ThunderRoad",
          "tierFilter": 0,
          "imbuesFilterLogic": "NoneExcept",
          "imbuesFilter": [
            "Fire"
          ],
          "minVelocity": 3.0,
          "damageMultiplier": 0.8,
          "allowKnockout": false,
          "allowPenetration": true,
          "pressureAllowed": true,
          "knockoutAllowedMinVelocity": "Infinity",
          "knockoutForcedMinVelocity": "Infinity",
          "knockoutThrowAllowedMinVelocity": "Infinity",
          "knockoutThrowForcedMinVelocity": "Infinity",
          "knockoutDurationMultiplier": 1.0,
          "pushLevels": [],
          "penetrationMinVelocity": 2.0,
          "penetrationDamperMultiplier": 1.0,
          "penetrationVelocityMaxDepth": false,
          "penetrationVelocityMaxDepthCurve": {
            "$type": "UnityEngine.AnimationCurve, UnityEngine.CoreModule",
            "keys": [],
            "length": 0,
            "preWrapMode": "ClampForever",
            "postWrapMode": "ClampForever"
          },
          "pressureForceMultiplier": 1.0
        },
        {
          "$type": "ThunderRoad.DamageModifierData+Modifier, ThunderRoad",
          "tierFilter": 0,
          "imbuesFilterLogic": "AnyExcept",
          "imbuesFilter": [],
          "minVelocity": 6.0,
          "damageMultiplier": 0.8,
          "allowKnockout": false,
          "allowPenetration": true,
          "pressureAllowed": true,
          "knockoutAllowedMinVelocity": "Infinity",
          "knockoutForcedMinVelocity": "Infinity",
          "knockoutThrowAllowedMinVelocity": "Infinity",
          "knockoutThrowForcedMinVelocity": "Infinity",
          "knockoutDurationMultiplier": 1.0,
          "pushLevels": [],
          "penetrationMinVelocity": 5.0,
          "penetrationDamperMultiplier": 0.5,
          "penetrationVelocityMaxDepth": false,
          "penetrationVelocityMaxDepthCurve": {
            "$type": "UnityEngine.AnimationCurve, UnityEngine.CoreModule",
            "keys": [],
            "length": 0,
            "preWrapMode": "ClampForever",
            "postWrapMode": "ClampForever"
          },
          "pressureForceMultiplier": 1.0
        }
      ]
    }
  ],
  "groupPath": null
}