{
  "$type": "ThunderRoad.DamageModifierData, ThunderRoad",
  "id": "BluntReallyHeavyProp",
  "sensitiveContent": "None",
  "sensitiveFilterBehaviour": "Discard",
  "version": 1,
  "damageType": "Blunt",
  "collisions": [
    {
      "$type": "ThunderRoad.DamageModifierData+Collision, ThunderRoad",
      "sourceMaterialIds": [],
      "targetMaterialIds": [
        "Flesh",
        "Leather",
        "Plate",
        "Fabric",
        "Chainmail"
      ],
      "modifiers": [
        {
          "$type": "ThunderRoad.DamageModifierData+Modifier, ThunderRoad",
          "tierFilter": 0,
          "imbuesFilterLogic": "AnyExcept",
          "imbuesFilter": [],
          "minVelocity": 2.0,
          "damageMultiplier": 1.0,
          "allowKnockout": true,
          "allowPenetration": false,
          "pressureAllowed": false,
          "knockoutAllowedMinVelocity": 2.0,
          "knockoutForcedMinVelocity": 2.0,
          "knockoutThrowAllowedMinVelocity": 2.0,
          "knockoutThrowForcedMinVelocity": 2.0,
          "knockoutDurationMultiplier": 1.0,
          "pushLevels": [
            {
              "$type": "ThunderRoad.DamageModifierData+Modifier+PushLevel, ThunderRoad",
              "hitVelocity": 4.0,
              "throwVelocity": 2.0
            },
            {
              "$type": "ThunderRoad.DamageModifierData+Modifier+PushLevel, ThunderRoad",
              "hitVelocity": 4.0,
              "throwVelocity": 2.0
            },
            {
              "$type": "ThunderRoad.DamageModifierData+Modifier+PushLevel, ThunderRoad",
              "hitVelocity": 4.0,
              "throwVelocity": 2.0
            },
            {
              "$type": "ThunderRoad.DamageModifierData+Modifier+PushLevel, ThunderRoad",
              "hitVelocity": 6.0,
              "throwVelocity": 6.0
            },
            {
              "$type": "ThunderRoad.DamageModifierData+Modifier+PushLevel, ThunderRoad",
              "hitVelocity": 8.0,
              "throwVelocity": 8.0
            }
          ],
          "penetrationMinVelocity": 1.0,
          "penetrationDamperMultiplier": 1.0,
          "penetrationVelocityMaxDepth": false,
          "penetrationVelocityMaxDepthCurve": {
            "$type": "UnityEngine.AnimationCurve, UnityEngine.CoreModule",
            "keys": [],
            "length": 0,
            "preWrapMode": "ClampForever",
            "postWrapMode": "ClampForever"
          },
          "pressureForceMultiplier": 1.0
        }
      ]
    }
  ],
  "groupPath": null
}