{
  "$type": "ThunderRoad.DamageModifierData, ThunderRoad",
  "id": "BluntLight",
  "sensitiveContent": "None",
  "sensitiveFilterBehaviour": "Discard",
  "version": 1,
  "damageType": "Blunt",
  "collisions": [
    {
      "$type": "ThunderRoad.DamageModifierData+Collision, ThunderRoad",
      "sourceMaterialIds": [],
      "targetMaterialIds": [
        "Flesh"
      ],
      "modifiers": [
        {
          "$type": "ThunderRoad.DamageModifierData+Modifier, ThunderRoad",
          "tierFilter": 0,
          "imbuesFilterLogic": "AnyExcept",
          "imbuesFilter": [],
          "minVelocity": 4.0,
          "damageMultiplier": 1.0,
          "allowKnockout": false,
          "allowPenetration": false,
          "pressureAllowed": false,
          "knockoutAllowedMinVelocity": 18.0,
          "knockoutForcedMinVelocity": "Infinity",
          "knockoutThrowAllowedMinVelocity": 16.0,
          "knockoutThrowForcedMinVelocity": "Infinity",
          "knockoutDurationMultiplier": 0.75,
          "pushLevels": [
            {
              "$type": "ThunderRoad.DamageModifierData+Modifier+PushLevel, ThunderRoad",
              "hitVelocity": 7.0,
              "throwVelocity": 7.0
            },
            {
              "$type": "ThunderRoad.DamageModifierData+Modifier+PushLevel, ThunderRoad",
              "hitVelocity": 9.0,
              "throwVelocity": 9.0
            },
            {
              "$type": "ThunderRoad.DamageModifierData+Modifier+PushLevel, ThunderRoad",
              "hitVelocity": 12.0,
              "throwVelocity": 10.0
            },
            {
              "$type": "ThunderRoad.DamageModifierData+Modifier+PushLevel, ThunderRoad",
              "hitVelocity": 24.0,
              "throwVelocity": 24.0
            },
            {
              "$type": "ThunderRoad.DamageModifierData+Modifier+PushLevel, ThunderRoad",
              "hitVelocity": 28.0,
              "throwVelocity": 28.0
            }
          ],
          "penetrationMinVelocity": 1.0,
          "penetrationDamperMultiplier": 1.0,
          "penetrationVelocityMaxDepth": false,
          "penetrationVelocityMaxDepthCurve": {
            "$type": "UnityEngine.AnimationCurve, UnityEngine.CoreModule",
            "keys": [],
            "length": 0,
            "preWrapMode": "ClampForever",
            "postWrapMode": "ClampForever"
          },
          "pressureForceMultiplier": 1.0
        }
      ]
    },
    {
      "$type": "ThunderRoad.DamageModifierData+Collision, ThunderRoad",
      "sourceMaterialIds": [],
      "targetMaterialIds": [
        "Leather"
      ],
      "modifiers": [
        {
          "$type": "ThunderRoad.DamageModifierData+Modifier, ThunderRoad",
          "tierFilter": 0,
          "imbuesFilterLogic": "AnyExcept",
          "imbuesFilter": [],
          "minVelocity": 6.0,
          "damageMultiplier": 0.5,
          "allowKnockout": false,
          "allowPenetration": false,
          "pressureAllowed": false,
          "knockoutAllowedMinVelocity": 22.0,
          "knockoutForcedMinVelocity": "Infinity",
          "knockoutThrowAllowedMinVelocity": 22.0,
          "knockoutThrowForcedMinVelocity": "Infinity",
          "knockoutDurationMultiplier": 0.25,
          "pushLevels": [
            {
              "$type": "ThunderRoad.DamageModifierData+Modifier+PushLevel, ThunderRoad",
              "hitVelocity": 12.0,
              "throwVelocity": 12.0
            },
            {
              "$type": "ThunderRoad.DamageModifierData+Modifier+PushLevel, ThunderRoad",
              "hitVelocity": 16.0,
              "throwVelocity": 16.0
            },
            {
              "$type": "ThunderRoad.DamageModifierData+Modifier+PushLevel, ThunderRoad",
              "hitVelocity": 18.0,
              "throwVelocity": 18.0
            },
            {
              "$type": "ThunderRoad.DamageModifierData+Modifier+PushLevel, ThunderRoad",
              "hitVelocity": 24.0,
              "throwVelocity": 24.0
            },
            {
              "$type": "ThunderRoad.DamageModifierData+Modifier+PushLevel, ThunderRoad",
              "hitVelocity": 28.0,
              "throwVelocity": 28.0
            }
          ],
          "penetrationMinVelocity": 1.0,
          "penetrationDamperMultiplier": 1.0,
          "penetrationVelocityMaxDepth": false,
          "penetrationVelocityMaxDepthCurve": {
            "$type": "UnityEngine.AnimationCurve, UnityEngine.CoreModule",
            "keys": [],
            "length": 0,
            "preWrapMode": "ClampForever",
            "postWrapMode": "ClampForever"
          },
          "pressureForceMultiplier": 1.0
        }
      ]
    },
    {
      "$type": "ThunderRoad.DamageModifierData+Collision, ThunderRoad",
      "sourceMaterialIds": [],
      "targetMaterialIds": [
        "Chainmail"
      ],
      "modifiers": [
        {
          "$type": "ThunderRoad.DamageModifierData+Modifier, ThunderRoad",
          "tierFilter": 0,
          "imbuesFilterLogic": "AnyExcept",
          "imbuesFilter": [],
          "minVelocity": 6.0,
          "damageMultiplier": 0.5,
          "allowKnockout": false,
          "allowPenetration": false,
          "pressureAllowed": false,
          "knockoutAllowedMinVelocity": 20.0,
          "knockoutForcedMinVelocity": "Infinity",
          "knockoutThrowAllowedMinVelocity": 20.0,
          "knockoutThrowForcedMinVelocity": "Infinity",
          "knockoutDurationMultiplier": 0.5,
          "pushLevels": [
            {
              "$type": "ThunderRoad.DamageModifierData+Modifier+PushLevel, ThunderRoad",
              "hitVelocity": 12.0,
              "throwVelocity": 12.0
            },
            {
              "$type": "ThunderRoad.DamageModifierData+Modifier+PushLevel, ThunderRoad",
              "hitVelocity": 14.0,
              "throwVelocity": 14.0
            },
            {
              "$type": "ThunderRoad.DamageModifierData+Modifier+PushLevel, ThunderRoad",
              "hitVelocity": 16.0,
              "throwVelocity": 16.0
            },
            {
              "$type": "ThunderRoad.DamageModifierData+Modifier+PushLevel, ThunderRoad",
              "hitVelocity": 24.0,
              "throwVelocity": 24.0
            },
            {
              "$type": "ThunderRoad.DamageModifierData+Modifier+PushLevel, ThunderRoad",
              "hitVelocity": 28.0,
              "throwVelocity": 28.0
            }
          ],
          "penetrationMinVelocity": 1.0,
          "penetrationDamperMultiplier": 1.0,
          "penetrationVelocityMaxDepth": false,
          "penetrationVelocityMaxDepthCurve": {
            "$type": "UnityEngine.AnimationCurve, UnityEngine.CoreModule",
            "keys": [],
            "length": 0,
            "preWrapMode": "ClampForever",
            "postWrapMode": "ClampForever"
          },
          "pressureForceMultiplier": 1.0
        }
      ]
    },
    {
      "$type": "ThunderRoad.DamageModifierData+Collision, ThunderRoad",
      "sourceMaterialIds": [],
      "targetMaterialIds": [
        "Plate"
      ],
      "modifiers": [
        {
          "$type": "ThunderRoad.DamageModifierData+Modifier, ThunderRoad",
          "tierFilter": 0,
          "imbuesFilterLogic": "AnyExcept",
          "imbuesFilter": [],
          "minVelocity": 4.0,
          "damageMultiplier": 0.66,
          "allowKnockout": false,
          "allowPenetration": false,
          "pressureAllowed": false,
          "knockoutAllowedMinVelocity": "Infinity",
          "knockoutForcedMinVelocity": "Infinity",
          "knockoutThrowAllowedMinVelocity": "Infinity",
          "knockoutThrowForcedMinVelocity": "Infinity",
          "knockoutDurationMultiplier": 1.0,
          "pushLevels": [
            {
              "$type": "ThunderRoad.DamageModifierData+Modifier+PushLevel, ThunderRoad",
              "hitVelocity": 14.0,
              "throwVelocity": 14.0
            },
            {
              "$type": "ThunderRoad.DamageModifierData+Modifier+PushLevel, ThunderRoad",
              "hitVelocity": 16.0,
              "throwVelocity": 16.0
            },
            {
              "$type": "ThunderRoad.DamageModifierData+Modifier+PushLevel, ThunderRoad",
              "hitVelocity": 20.0,
              "throwVelocity": 20.0
            },
            {
              "$type": "ThunderRoad.DamageModifierData+Modifier+PushLevel, ThunderRoad",
              "hitVelocity": 24.0,
              "throwVelocity": 28.0
            },
            {
              "$type": "ThunderRoad.DamageModifierData+Modifier+PushLevel, ThunderRoad",
              "hitVelocity": 24.0,
              "throwVelocity": 28.0
            }
          ],
          "penetrationMinVelocity": 1.0,
          "penetrationDamperMultiplier": 1.0,
          "penetrationVelocityMaxDepth": false,
          "penetrationVelocityMaxDepthCurve": {
            "$type": "UnityEngine.AnimationCurve, UnityEngine.CoreModule",
            "keys": [],
            "length": 0,
            "preWrapMode": "ClampForever",
            "postWrapMode": "ClampForever"
          },
          "pressureForceMultiplier": 1.0
        }
      ]
    }
  ],
  "groupPath": null
}