{
  "$type": "ThunderRoad.DamageModifierData, ThunderRoad",
  "id": "BluntHeavyProp",
  "sensitiveContent": "None",
  "sensitiveFilterBehaviour": "Discard",
  "version": 1,
  "damageType": "Blunt",
  "collisions": [
    {
      "$type": "ThunderRoad.DamageModifierData+Collision, ThunderRoad",
      "sourceMaterialIds": [],
      "targetMaterialIds": [
        "Flesh"
      ],
      "modifiers": [
        {
          "$type": "ThunderRoad.DamageModifierData+Modifier, ThunderRoad",
          "tierFilter": 0,
          "imbuesFilterLogic": "AnyExcept",
          "imbuesFilter": [],
          "minVelocity": 2.0,
          "damageMultiplier": 1.0,
          "allowKnockout": true,
          "allowPenetration": false,
          "pressureAllowed": false,
          "knockoutAllowedMinVelocity": 2.0,
          "knockoutForcedMinVelocity": 2.0,
          "knockoutThrowAllowedMinVelocity": 2.0,
          "knockoutThrowForcedMinVelocity": 2.0,
          "knockoutDurationMultiplier": 1.0,
          "pushLevels": [
            {
              "$type": "ThunderRoad.DamageModifierData+Modifier+PushLevel, ThunderRoad",
              "hitVelocity": 2.0,
              "throwVelocity": 2.0
            },
            {
              "$type": "ThunderRoad.DamageModifierData+Modifier+PushLevel, ThunderRoad",
              "hitVelocity": 2.0,
              "throwVelocity": 2.0
            },
            {
              "$type": "ThunderRoad.DamageModifierData+Modifier+PushLevel, ThunderRoad",
              "hitVelocity": 2.0,
              "throwVelocity": 2.0
            },
            {
              "$type": "ThunderRoad.DamageModifierData+Modifier+PushLevel, ThunderRoad",
              "hitVelocity": 6.0,
              "throwVelocity": 6.0
            },
            {
              "$type": "ThunderRoad.DamageModifierData+Modifier+PushLevel, ThunderRoad",
              "hitVelocity": 16.0,
              "throwVelocity": 16.0
            }
          ],
          "penetrationMinVelocity": 1.0,
          "penetrationDamperMultiplier": 1.0,
          "penetrationVelocityMaxDepth": false,
          "penetrationVelocityMaxDepthCurve": {
            "$type": "UnityEngine.AnimationCurve, UnityEngine.CoreModule",
            "keys": [],
            "length": 0,
            "preWrapMode": "ClampForever",
            "postWrapMode": "ClampForever"
          },
          "pressureForceMultiplier": 1.0
        }
      ]
    },
    {
      "$type": "ThunderRoad.DamageModifierData+Collision, ThunderRoad",
      "sourceMaterialIds": [],
      "targetMaterialIds": [
        "Leather",
        "Plate",
        "Chainmail"
      ],
      "modifiers": [
        {
          "$type": "ThunderRoad.DamageModifierData+Modifier, ThunderRoad",
          "tierFilter": 0,
          "imbuesFilterLogic": "AnyExcept",
          "imbuesFilter": [],
          "minVelocity": 2.0,
          "damageMultiplier": 0.8,
          "allowKnockout": true,
          "allowPenetration": false,
          "pressureAllowed": false,
          "knockoutAllowedMinVelocity": 4.0,
          "knockoutForcedMinVelocity": 4.0,
          "knockoutThrowAllowedMinVelocity": 4.0,
          "knockoutThrowForcedMinVelocity": 4.0,
          "knockoutDurationMultiplier": 0.5,
          "pushLevels": [
            {
              "$type": "ThunderRoad.DamageModifierData+Modifier+PushLevel, ThunderRoad",
              "hitVelocity": 3.0,
              "throwVelocity": 3.0
            },
            {
              "$type": "ThunderRoad.DamageModifierData+Modifier+PushLevel, ThunderRoad",
              "hitVelocity": 3.0,
              "throwVelocity": 3.0
            },
            {
              "$type": "ThunderRoad.DamageModifierData+Modifier+PushLevel, ThunderRoad",
              "hitVelocity": 3.0,
              "throwVelocity": 3.0
            },
            {
              "$type": "ThunderRoad.DamageModifierData+Modifier+PushLevel, ThunderRoad",
              "hitVelocity": 7.0,
              "throwVelocity": 7.0
            },
            {
              "$type": "ThunderRoad.DamageModifierData+Modifier+PushLevel, ThunderRoad",
              "hitVelocity": 18.0,
              "throwVelocity": 18.0
            }
          ],
          "penetrationMinVelocity": 1.0,
          "penetrationDamperMultiplier": 1.0,
          "penetrationVelocityMaxDepth": false,
          "penetrationVelocityMaxDepthCurve": {
            "$type": "UnityEngine.AnimationCurve, UnityEngine.CoreModule",
            "keys": [],
            "length": 0,
            "preWrapMode": "ClampForever",
            "postWrapMode": "ClampForever"
          },
          "pressureForceMultiplier": 1.0
        }
      ]
    }
  ],
  "groupPath": null
}