{
  "$type": "ThunderRoad.AreaCollectionFixLayout, ThunderRoad",
  "id": "DungeonBackup_GL_Medium_0",
  "sensitiveContent": "None",
  "sensitiveFilterBehaviour": "Discard",
  "version": 0,
  "allowedRotation": [
    "Front",
    "Back",
    "Left",
    "Right"
  ],
  "layout": [
    {
      "$type": "ThunderRoad.AreaCollectionFixLayout+AreaLayout, ThunderRoad",
      "bpGeneratorId": {
        "$type": "ThunderRoad.IAreaBlueprintGenerator+IAreaBlueprintGeneratorIdContainer, ThunderRoad",
        "dataId": "GL_Start_Lighthouse",
        "category": "Area"
      },
      "rotation": "Right",
      "creatureNumberWeight": 3.0,
      "isShareNPCAlert": true
    },
    {
      "$type": "ThunderRoad.AreaCollectionFixLayout+AreaLayout, ThunderRoad",
      "bpGeneratorId": {
        "$type": "ThunderRoad.IAreaBlueprintGenerator+IAreaBlueprintGeneratorIdContainer, ThunderRoad",
        "dataId": "GL_XSTransi_Castle_21",
        "category": "Area"
      },
      "rotation": "Front",
      "creatureNumberWeight": 1.5,
      "isShareNPCAlert": true
    },
    {
      "$type": "ThunderRoad.AreaCollectionFixLayout+AreaLayout, ThunderRoad",
      "bpGeneratorId": {
        "$type": "ThunderRoad.IAreaBlueprintGenerator+IAreaBlueprintGeneratorIdContainer, ThunderRoad",
        "dataId": "GL_Std_C&C_FallenCorridor",
        "category": "Area"
      },
      "rotation": "Front",
      "creatureNumberWeight": 4.0,
      "isShareNPCAlert": true
    },
    {
      "$type": "ThunderRoad.AreaCollectionFixLayout+AreaLayout, ThunderRoad",
      "bpGeneratorId": {
        "$type": "ThunderRoad.IAreaBlueprintGenerator+IAreaBlueprintGeneratorIdContainer, ThunderRoad",
        "dataId": "GL_XSTransi_Cave_10",
        "category": "Area"
      },
      "rotation": "Front",
      "creatureNumberWeight": 1.0,
      "isShareNPCAlert": true
    },
    {
      "$type": "ThunderRoad.AreaCollectionFixLayout+AreaLayout, ThunderRoad",
      "bpGeneratorId": {
        "$type": "ThunderRoad.IAreaBlueprintGenerator+IAreaBlueprintGeneratorIdContainer, ThunderRoad",
        "dataId": "GL_Transi_Castle_Courtyard",
        "category": "Area"
      },
      "rotation": "Left",
      "creatureNumberWeight": 0.0,
      "isShareNPCAlert": true
    },
    {
      "$type": "ThunderRoad.AreaCollectionFixLayout+AreaLayout, ThunderRoad",
      "bpGeneratorId": {
        "$type": "ThunderRoad.IAreaBlueprintGenerator+IAreaBlueprintGeneratorIdContainer, ThunderRoad",
        "dataId": "GL_XSTransi_Castle_11",
        "category": "Area"
      },
      "rotation": "Right",
      "creatureNumberWeight": 2.0,
      "isShareNPCAlert": true
    },
    {
      "$type": "ThunderRoad.AreaCollectionFixLayout+AreaLayout, ThunderRoad",
      "bpGeneratorId": {
        "$type": "ThunderRoad.IAreaBlueprintGenerator+IAreaBlueprintGeneratorIdContainer, ThunderRoad",
        "dataId": "GL_Arena_Ext_WaterMill",
        "category": "Area"
      },
      "rotation": "Front",
      "creatureNumberWeight": 2.0,
      "isShareNPCAlert": true
    },
    {
      "$type": "ThunderRoad.AreaCollectionFixLayout+AreaLayout, ThunderRoad",
      "bpGeneratorId": {
        "$type": "ThunderRoad.IAreaBlueprintGenerator+IAreaBlueprintGeneratorIdContainer, ThunderRoad",
        "dataId": "GL_XSTransi_Castle_09",
        "category": "Area"
      },
      "rotation": "Front",
      "creatureNumberWeight": 0.0,
      "isShareNPCAlert": true
    },
    {
      "$type": "ThunderRoad.AreaCollectionFixLayout+AreaLayout, ThunderRoad",
      "bpGeneratorId": {
        "$type": "ThunderRoad.IAreaBlueprintGenerator+IAreaBlueprintGeneratorIdContainer, ThunderRoad",
        "dataId": "GL_End_Cave_TheLostCove",
        "category": "Area"
      },
      "rotation": "Left",
      "creatureNumberWeight": 0.0,
      "isShareNPCAlert": true
    }
  ],
  "internalLinks": [
    {
      "$type": "ThunderRoad.AreaCollectionFixLayout+InternalLink, ThunderRoad",
      "indexArea1": 0,
      "indexConnectionArea1": 1,
      "indexArea2": 1,
      "indexConnectionArea2": 1,
      "crossAreaAlert": false
    },
    {
      "$type": "ThunderRoad.AreaCollectionFixLayout+InternalLink, ThunderRoad",
      "indexArea1": 1,
      "indexConnectionArea1": 0,
      "indexArea2": 2,
      "indexConnectionArea2": 0,
      "crossAreaAlert": false
    },
    {
      "$type": "ThunderRoad.AreaCollectionFixLayout+InternalLink, ThunderRoad",
      "indexArea1": 2,
      "indexConnectionArea1": 1,
      "indexArea2": 3,
      "indexConnectionArea2": 0,
      "crossAreaAlert": false
    },
    {
      "$type": "ThunderRoad.AreaCollectionFixLayout+InternalLink, ThunderRoad",
      "indexArea1": 3,
      "indexConnectionArea1": 1,
      "indexArea2": 4,
      "indexConnectionArea2": 2,
      "crossAreaAlert": false
    },
    {
      "$type": "ThunderRoad.AreaCollectionFixLayout+InternalLink, ThunderRoad",
      "indexArea1": 4,
      "indexConnectionArea1": 0,
      "indexArea2": 5,
      "indexConnectionArea2": 1,
      "crossAreaAlert": false
    },
    {
      "$type": "ThunderRoad.AreaCollectionFixLayout+InternalLink, ThunderRoad",
      "indexArea1": 5,
      "indexConnectionArea1": 0,
      "indexArea2": 6,
      "indexConnectionArea2": 2,
      "crossAreaAlert": false
    },
    {
      "$type": "ThunderRoad.AreaCollectionFixLayout+InternalLink, ThunderRoad",
      "indexArea1": 6,
      "indexConnectionArea1": 1,
      "indexArea2": 7,
      "indexConnectionArea2": 1,
      "crossAreaAlert": false
    },
    {
      "$type": "ThunderRoad.AreaCollectionFixLayout+InternalLink, ThunderRoad",
      "indexArea1": 7,
      "indexConnectionArea1": 0,
      "indexArea2": 8,
      "indexConnectionArea2": 0,
      "crossAreaAlert": false
    }
  ],
  "externalConnections": [],
  "distanceBetweenConnectionMax": 0.01,
  "groupPath": null
}