{
  "$type": "ThunderRoad.EffectData, ThunderRoad",
  "id": "BurningLimbs",
  "sensitiveContent": "None",
  "sensitiveFilterBehaviour": "Discard",
  "version": 0,
  "groupId": "Fire",
  "volumeDb": 0.0,
  "modules": [
    {
      "$type": "ThunderRoad.EffectModuleParticle, ThunderRoad",
      "effectLink": "Intensity",
      "insideParticleRadius": 0.0,
      "cullMinIntensity": 0.05,
      "cullMinSpeed": 0.05,
      "effectParticleAddress": "Bas.Particle.Spell.Fire.Burning.Limbs",
      "intensityCurve": {
        "$type": "UnityEngine.AnimationCurve, UnityEngine.CoreModule",
        "keys": [
          {
            "$type": "UnityEngine.Keyframe, UnityEngine.CoreModule",
            "time": 0.0,
            "value": 1.0,
            "inTangent": 0.0,
            "outTangent": 0.0,
            "inWeight": 0.0,
            "outWeight": 0.0,
            "weightedMode": "None",
            "tangentMode": 34
          },
          {
            "$type": "UnityEngine.Keyframe, UnityEngine.CoreModule",
            "time": 1.0,
            "value": 1.0,
            "inTangent": 0.0,
            "outTangent": 0.0,
            "inWeight": 0.0,
            "outWeight": 0.0,
            "weightedMode": "None",
            "tangentMode": 34
          }
        ],
        "length": 2,
        "preWrapMode": "ClampForever",
        "postWrapMode": "ClampForever"
      },
      "renderInLateUpdate": false,
      "mainColorStart": {
        "r": 0.0,
        "g": 0.0,
        "b": 0.0,
        "a": 0.0
      },
      "mainColorEnd": {
        "r": 0.0,
        "g": 0.0,
        "b": 0.0,
        "a": 0.0
      },
      "secondaryColorStart": {
        "r": 0.0,
        "g": 0.0,
        "b": 0.0,
        "a": 0.0
      },
      "secondaryColorEnd": {
        "r": 0.0,
        "g": 0.0,
        "b": 0.0,
        "a": 0.0
      },
      "mainNoHdrColorStart": {
        "r": 0.0,
        "g": 0.0,
        "b": 0.0,
        "a": 0.0
      },
      "mainNoHdrColorEnd": {
        "r": 0.0,
        "g": 0.0,
        "b": 0.0,
        "a": 0.0
      },
      "secondaryNoHdrColorStart": {
        "r": 0.0,
        "g": 0.0,
        "b": 0.0,
        "a": 0.0
      },
      "secondaryNoHdrColorEnd": {
        "r": 0.0,
        "g": 0.0,
        "b": 0.0,
        "a": 0.0
      },
      "localScale": {
        "x": 1.0,
        "y": 1.0,
        "z": 1.0
      },
      "useScaleCurve": false,
      "scaleCurve": null,
      "localRotation": {
        "x": 0.0,
        "y": 0.0,
        "z": 0.0
      },
      "collisionEffectId": null,
      "collisionLayerMask": -65665,
      "collisionMaxGroundAngle": 45.0,
      "collisionEmitRate": 0.2,
      "collisionMinIntensity": 0.0,
      "collisionMaxIntensity": 1.0,
      "collisionUseMainGradient": false,
      "collisionUseSecondaryGradient": false,
      "step": "Loop",
      "stepCustomId": null,
      "loopCustomStep": false,
      "platformFilter": "Windows, Android",
      "sensitiveContent": "None",
      "sensitiveFilterBehaviour": "Discard",
      "damagerStateFilter": "Inactive, Active",
      "damageTypeFilter": "Energy, Blunt, Slash, Pierce",
      "penetrationFilter": "None, Pressure, Hit",
      "reparentWithBreakable": true,
      "imbuesFilterLogic": "AnyExcept",
      "imbuesFilter": [],
      "colliderGroupFilterLogic": "AnyExcept",
      "colliderGroupsFilter": [],
      "damagersFilterLogic": "AnyExcept",
      "damagersFilter": []
    }
  ],
  "groupPath": null
}