{
  "$type": "ThunderRoad.EffectData, ThunderRoad",
  "id": "BladeDanceSwingSlash",
  "sensitiveContent": "None",
  "sensitiveFilterBehaviour": "Discard",
  "version": 0,
  "groupId": "Spells",
  "volumeDb": 0.0,
  "modules": [
    {
      "$type": "ThunderRoad.EffectModuleAudio, ThunderRoad",
      "audioContainerAddress": "Bas.AudioGroup.Spell.BladeDance.Swing",
      "fadeInTime": 0.0,
      "loopFadeDelay": 0.3,
      "audioMixer": "Effect",
      "spatialBlend": 1.0,
      "globalOnPlayerOnly": false,
      "playDelay": 0.0,
      "dopplerLevel": 0.0,
      "useAudioForHaptic": false,
      "intensitySmoothingSampleCount": 10,
      "speedSmoothingSampleCount": 10,
      "cullMinVolume": 0.1,
      "volumeDb": -5.0,
      "useVolumeIntensity": true,
      "volumeIntensityCurve": {
        "$type": "UnityEngine.AnimationCurve, UnityEngine.CoreModule",
        "keys": [
          {
            "$type": "UnityEngine.Keyframe, UnityEngine.CoreModule",
            "time": 0.0005558729,
            "value": 0.0,
            "inTangent": 0.0,
            "outTangent": 0.0,
            "inWeight": 0.333333343,
            "outWeight": 0.333333343,
            "weightedMode": "None",
            "tangentMode": 0
          },
          {
            "$type": "UnityEngine.Keyframe, UnityEngine.CoreModule",
            "time": 0.2,
            "value": 0.0,
            "inTangent": 0.0,
            "outTangent": 0.0,
            "inWeight": 0.333333343,
            "outWeight": 0.333333343,
            "weightedMode": "None",
            "tangentMode": 0
          },
          {
            "$type": "UnityEngine.Keyframe, UnityEngine.CoreModule",
            "time": 1.0,
            "value": 1.0,
            "inTangent": 0.0,
            "outTangent": 0.0,
            "inWeight": 0.02131599,
            "outWeight": 0.219444349,
            "weightedMode": "None",
            "tangentMode": 0
          }
        ],
        "length": 3,
        "preWrapMode": "ClampForever",
        "postWrapMode": "ClampForever"
      },
      "useVolumeSpeed": true,
      "volumeSpeedCurve": {
        "$type": "UnityEngine.AnimationCurve, UnityEngine.CoreModule",
        "keys": [
          {
            "$type": "UnityEngine.Keyframe, UnityEngine.CoreModule",
            "time": 0.1,
            "value": 0.0,
            "inTangent": 0.188800946,
            "outTangent": 0.188800946,
            "inWeight": 0.333333343,
            "outWeight": 0.126181245,
            "weightedMode": "None",
            "tangentMode": 0
          },
          {
            "$type": "UnityEngine.Keyframe, UnityEngine.CoreModule",
            "time": 1.0,
            "value": 1.0,
            "inTangent": 0.0,
            "outTangent": 0.0,
            "inWeight": 0.333333343,
            "outWeight": 0.08741231,
            "weightedMode": "None",
            "tangentMode": 0
          }
        ],
        "length": 2,
        "preWrapMode": "ClampForever",
        "postWrapMode": "ClampForever"
      },
      "volumeBlendMode": "Multiply",
      "reverbZoneMix": 1.0,
      "isNoiseForAI": false,
      "onDynamicMusic": false,
      "dynamicMusicTiming": "OnBeat",
      "randomPlay": false,
      "randomMinTime": 2.0,
      "randomMaxTime": 5.0,
      "randomTime": false,
      "linkEffectPitch": false,
      "randomPitch": false,
      "pitchEffectLink": "Intensity",
      "pitchCurve": {
        "$type": "UnityEngine.AnimationCurve, UnityEngine.CoreModule",
        "keys": [
          {
            "$type": "UnityEngine.Keyframe, UnityEngine.CoreModule",
            "time": 0.0,
            "value": 0.8,
            "inTangent": 0.0,
            "outTangent": 0.0,
            "inWeight": 0.0,
            "outWeight": 0.0,
            "weightedMode": "None",
            "tangentMode": 0
          },
          {
            "$type": "UnityEngine.Keyframe, UnityEngine.CoreModule",
            "time": 1.0,
            "value": 1.2,
            "inTangent": 0.0,
            "outTangent": 0.0,
            "inWeight": 0.0,
            "outWeight": 0.0,
            "weightedMode": "None",
            "tangentMode": 0
          }
        ],
        "length": 2,
        "preWrapMode": "ClampForever",
        "postWrapMode": "ClampForever"
      },
      "useLowPassFilter": false,
      "lowPassEffectLink": "Intensity",
      "lowPassCutoffFrequencyCurve": {
        "$type": "UnityEngine.AnimationCurve, UnityEngine.CoreModule",
        "keys": [
          {
            "$type": "UnityEngine.Keyframe, UnityEngine.CoreModule",
            "time": 0.0,
            "value": 22000.0,
            "inTangent": 0.0,
            "outTangent": 0.0,
            "inWeight": 0.0,
            "outWeight": 0.0,
            "weightedMode": "None",
            "tangentMode": 0
          },
          {
            "$type": "UnityEngine.Keyframe, UnityEngine.CoreModule",
            "time": 1.0,
            "value": 22000.0,
            "inTangent": 0.0,
            "outTangent": 0.0,
            "inWeight": 0.0,
            "outWeight": 0.0,
            "weightedMode": "None",
            "tangentMode": 0
          }
        ],
        "length": 2,
        "preWrapMode": "ClampForever",
        "postWrapMode": "ClampForever"
      },
      "lowPassResonanceQCurve": {
        "$type": "UnityEngine.AnimationCurve, UnityEngine.CoreModule",
        "keys": [
          {
            "$type": "UnityEngine.Keyframe, UnityEngine.CoreModule",
            "time": 0.0,
            "value": 1.0,
            "inTangent": 0.0,
            "outTangent": 0.0,
            "inWeight": 0.0,
            "outWeight": 0.0,
            "weightedMode": "None",
            "tangentMode": 0
          },
          {
            "$type": "UnityEngine.Keyframe, UnityEngine.CoreModule",
            "time": 1.0,
            "value": 1.0,
            "inTangent": 0.0,
            "outTangent": 0.0,
            "inWeight": 0.0,
            "outWeight": 0.0,
            "weightedMode": "None",
            "tangentMode": 0
          }
        ],
        "length": 2,
        "preWrapMode": "ClampForever",
        "postWrapMode": "ClampForever"
      },
      "useHighPassFilter": false,
      "highPassEffectLink": "Intensity",
      "highPassCutoffFrequencyCurve": {
        "$type": "UnityEngine.AnimationCurve, UnityEngine.CoreModule",
        "keys": [
          {
            "$type": "UnityEngine.Keyframe, UnityEngine.CoreModule",
            "time": 0.0,
            "value": 10.0,
            "inTangent": 0.0,
            "outTangent": 0.0,
            "inWeight": 0.0,
            "outWeight": 0.0,
            "weightedMode": "None",
            "tangentMode": 0
          },
          {
            "$type": "UnityEngine.Keyframe, UnityEngine.CoreModule",
            "time": 1.0,
            "value": 10.0,
            "inTangent": 0.0,
            "outTangent": 0.0,
            "inWeight": 0.0,
            "outWeight": 0.0,
            "weightedMode": "None",
            "tangentMode": 0
          }
        ],
        "length": 2,
        "preWrapMode": "ClampForever",
        "postWrapMode": "ClampForever"
      },
      "highPassResonanceQCurve": {
        "$type": "UnityEngine.AnimationCurve, UnityEngine.CoreModule",
        "keys": [
          {
            "$type": "UnityEngine.Keyframe, UnityEngine.CoreModule",
            "time": 0.0,
            "value": 1.0,
            "inTangent": 0.0,
            "outTangent": 0.0,
            "inWeight": 0.0,
            "outWeight": 0.0,
            "weightedMode": "None",
            "tangentMode": 0
          },
          {
            "$type": "UnityEngine.Keyframe, UnityEngine.CoreModule",
            "time": 1.0,
            "value": 1.0,
            "inTangent": 0.0,
            "outTangent": 0.0,
            "inWeight": 0.0,
            "outWeight": 0.0,
            "weightedMode": "None",
            "tangentMode": 0
          }
        ],
        "length": 2,
        "preWrapMode": "ClampForever",
        "postWrapMode": "ClampForever"
      },
      "useReverbFilter": false,
      "reverbEffectLink": "Intensity",
      "reverbDryLevelCurve": {
        "$type": "UnityEngine.AnimationCurve, UnityEngine.CoreModule",
        "keys": [
          {
            "$type": "UnityEngine.Keyframe, UnityEngine.CoreModule",
            "time": 0.0,
            "value": 0.0,
            "inTangent": 0.0,
            "outTangent": 0.0,
            "inWeight": 0.0,
            "outWeight": 0.0,
            "weightedMode": "None",
            "tangentMode": 0
          },
          {
            "$type": "UnityEngine.Keyframe, UnityEngine.CoreModule",
            "time": 1.0,
            "value": 0.0,
            "inTangent": 0.0,
            "outTangent": 0.0,
            "inWeight": 0.0,
            "outWeight": 0.0,
            "weightedMode": "None",
            "tangentMode": 0
          }
        ],
        "length": 2,
        "preWrapMode": "ClampForever",
        "postWrapMode": "ClampForever"
      },
      "minDistance": 1.0,
      "maxDistance": 500.0,
      "step": "Loop",
      "stepCustomId": null,
      "loopCustomStep": false,
      "platformFilter": "Windows, Android",
      "sensitiveContent": "None",
      "sensitiveFilterBehaviour": "Discard",
      "damagerStateFilter": "Inactive, Active",
      "damageTypeFilter": "Energy, Blunt, Slash, Pierce",
      "penetrationFilter": "None, Pressure, Hit",
      "reparentWithBreakable": true,
      "imbuesFilterLogic": "AnyExcept",
      "imbuesFilter": [],
      "colliderGroupFilterLogic": "AnyExcept",
      "colliderGroupsFilter": [],
      "damagersFilterLogic": "AnyExcept",
      "damagersFilter": [],
      "intensityCurve": {
        "$type": "UnityEngine.AnimationCurve, UnityEngine.CoreModule",
        "keys": [
          {
            "$type": "UnityEngine.Keyframe, UnityEngine.CoreModule",
            "time": 0.0,
            "value": 0.0,
            "inTangent": 0.0,
            "outTangent": 1.0,
            "inWeight": 0.0,
            "outWeight": 0.0,
            "weightedMode": "None",
            "tangentMode": 0
          },
          {
            "$type": "UnityEngine.Keyframe, UnityEngine.CoreModule",
            "time": 1.0,
            "value": 1.0,
            "inTangent": 1.0,
            "outTangent": 0.0,
            "inWeight": 0.0,
            "outWeight": 0.0,
            "weightedMode": "None",
            "tangentMode": 0
          }
        ],
        "length": 2,
        "preWrapMode": "ClampForever",
        "postWrapMode": "ClampForever"
      }
    },
    {
      "$type": "ThunderRoad.EffectModuleAudio, ThunderRoad",
      "audioContainerAddress": "Bas.AudioGroup.Spell.BladeDance.Drone",
      "fadeInTime": 0.0,
      "loopFadeDelay": 0.0,
      "audioMixer": "Effect",
      "spatialBlend": 1.0,
      "globalOnPlayerOnly": false,
      "playDelay": 0.0,
      "dopplerLevel": 0.0,
      "useAudioForHaptic": false,
      "intensitySmoothingSampleCount": 10,
      "speedSmoothingSampleCount": 10,
      "cullMinVolume": 0.1,
      "volumeDb": -5.0,
      "useVolumeIntensity": true,
      "volumeIntensityCurve": {
        "$type": "UnityEngine.AnimationCurve, UnityEngine.CoreModule",
        "keys": [
          {
            "$type": "UnityEngine.Keyframe, UnityEngine.CoreModule",
            "time": 0.0,
            "value": 0.0,
            "inTangent": 0.0,
            "outTangent": 0.0,
            "inWeight": 0.0,
            "outWeight": 0.0,
            "weightedMode": "None",
            "tangentMode": 0
          },
          {
            "$type": "UnityEngine.Keyframe, UnityEngine.CoreModule",
            "time": 0.2,
            "value": 0.0,
            "inTangent": 0.0,
            "outTangent": 0.0,
            "inWeight": 0.333333343,
            "outWeight": 0.333333343,
            "weightedMode": "None",
            "tangentMode": 0
          },
          {
            "$type": "UnityEngine.Keyframe, UnityEngine.CoreModule",
            "time": 1.0,
            "value": 1.0,
            "inTangent": 0.0,
            "outTangent": 0.0,
            "inWeight": 0.0,
            "outWeight": 0.0,
            "weightedMode": "None",
            "tangentMode": 0
          }
        ],
        "length": 3,
        "preWrapMode": "ClampForever",
        "postWrapMode": "ClampForever"
      },
      "useVolumeSpeed": true,
      "volumeSpeedCurve": {
        "$type": "UnityEngine.AnimationCurve, UnityEngine.CoreModule",
        "keys": [
          {
            "$type": "UnityEngine.Keyframe, UnityEngine.CoreModule",
            "time": 0.1,
            "value": 0.0,
            "inTangent": 0.0,
            "outTangent": 0.0,
            "inWeight": 0.333333343,
            "outWeight": 0.333333343,
            "weightedMode": "None",
            "tangentMode": 0
          },
          {
            "$type": "UnityEngine.Keyframe, UnityEngine.CoreModule",
            "time": 0.75,
            "value": 1.0,
            "inTangent": 0.0,
            "outTangent": 0.0,
            "inWeight": 0.333333343,
            "outWeight": 0.08741231,
            "weightedMode": "None",
            "tangentMode": 0
          },
          {
            "$type": "UnityEngine.Keyframe, UnityEngine.CoreModule",
            "time": 1.0,
            "value": 1.0,
            "inTangent": 0.0,
            "outTangent": 0.0,
            "inWeight": 0.0,
            "outWeight": 0.0,
            "weightedMode": "None",
            "tangentMode": 0
          }
        ],
        "length": 3,
        "preWrapMode": "ClampForever",
        "postWrapMode": "ClampForever"
      },
      "volumeBlendMode": "Multiply",
      "reverbZoneMix": 1.0,
      "isNoiseForAI": false,
      "onDynamicMusic": false,
      "dynamicMusicTiming": "OnBeat",
      "randomPlay": false,
      "randomMinTime": 2.0,
      "randomMaxTime": 5.0,
      "randomTime": false,
      "linkEffectPitch": true,
      "randomPitch": false,
      "pitchEffectLink": "Intensity",
      "pitchCurve": {
        "$type": "UnityEngine.AnimationCurve, UnityEngine.CoreModule",
        "keys": [
          {
            "$type": "UnityEngine.Keyframe, UnityEngine.CoreModule",
            "time": 0.0,
            "value": 1.0,
            "inTangent": 0.0,
            "outTangent": 0.0,
            "inWeight": 0.0,
            "outWeight": 0.0,
            "weightedMode": "None",
            "tangentMode": 0
          },
          {
            "$type": "UnityEngine.Keyframe, UnityEngine.CoreModule",
            "time": 1.0,
            "value": 1.0,
            "inTangent": 0.0,
            "outTangent": 0.0,
            "inWeight": 0.0,
            "outWeight": 0.0,
            "weightedMode": "None",
            "tangentMode": 0
          }
        ],
        "length": 2,
        "preWrapMode": "ClampForever",
        "postWrapMode": "ClampForever"
      },
      "useLowPassFilter": true,
      "lowPassEffectLink": "Intensity",
      "lowPassCutoffFrequencyCurve": {
        "$type": "UnityEngine.AnimationCurve, UnityEngine.CoreModule",
        "keys": [
          {
            "$type": "UnityEngine.Keyframe, UnityEngine.CoreModule",
            "time": 0.0,
            "value": 8000.0,
            "inTangent": 0.0,
            "outTangent": 0.0,
            "inWeight": 0.0,
            "outWeight": 0.0,
            "weightedMode": "None",
            "tangentMode": 0
          },
          {
            "$type": "UnityEngine.Keyframe, UnityEngine.CoreModule",
            "time": 1.0,
            "value": 22000.0,
            "inTangent": 0.0,
            "outTangent": 0.0,
            "inWeight": 0.0,
            "outWeight": 0.0,
            "weightedMode": "None",
            "tangentMode": 0
          }
        ],
        "length": 2,
        "preWrapMode": "ClampForever",
        "postWrapMode": "ClampForever"
      },
      "lowPassResonanceQCurve": {
        "$type": "UnityEngine.AnimationCurve, UnityEngine.CoreModule",
        "keys": [
          {
            "$type": "UnityEngine.Keyframe, UnityEngine.CoreModule",
            "time": 0.0,
            "value": 1.0,
            "inTangent": 0.0,
            "outTangent": 0.0,
            "inWeight": 0.0,
            "outWeight": 0.0,
            "weightedMode": "None",
            "tangentMode": 0
          },
          {
            "$type": "UnityEngine.Keyframe, UnityEngine.CoreModule",
            "time": 1.0,
            "value": 1.0,
            "inTangent": 0.0,
            "outTangent": 0.0,
            "inWeight": 0.0,
            "outWeight": 0.0,
            "weightedMode": "None",
            "tangentMode": 0
          }
        ],
        "length": 2,
        "preWrapMode": "ClampForever",
        "postWrapMode": "ClampForever"
      },
      "useHighPassFilter": false,
      "highPassEffectLink": "Intensity",
      "highPassCutoffFrequencyCurve": {
        "$type": "UnityEngine.AnimationCurve, UnityEngine.CoreModule",
        "keys": [
          {
            "$type": "UnityEngine.Keyframe, UnityEngine.CoreModule",
            "time": 0.0,
            "value": 10.0,
            "inTangent": 0.0,
            "outTangent": 0.0,
            "inWeight": 0.0,
            "outWeight": 0.0,
            "weightedMode": "None",
            "tangentMode": 0
          },
          {
            "$type": "UnityEngine.Keyframe, UnityEngine.CoreModule",
            "time": 1.0,
            "value": 10.0,
            "inTangent": 0.0,
            "outTangent": 0.0,
            "inWeight": 0.0,
            "outWeight": 0.0,
            "weightedMode": "None",
            "tangentMode": 0
          }
        ],
        "length": 2,
        "preWrapMode": "ClampForever",
        "postWrapMode": "ClampForever"
      },
      "highPassResonanceQCurve": {
        "$type": "UnityEngine.AnimationCurve, UnityEngine.CoreModule",
        "keys": [
          {
            "$type": "UnityEngine.Keyframe, UnityEngine.CoreModule",
            "time": 0.0,
            "value": 1.0,
            "inTangent": 0.0,
            "outTangent": 0.0,
            "inWeight": 0.0,
            "outWeight": 0.0,
            "weightedMode": "None",
            "tangentMode": 0
          },
          {
            "$type": "UnityEngine.Keyframe, UnityEngine.CoreModule",
            "time": 1.0,
            "value": 1.0,
            "inTangent": 0.0,
            "outTangent": 0.0,
            "inWeight": 0.0,
            "outWeight": 0.0,
            "weightedMode": "None",
            "tangentMode": 0
          }
        ],
        "length": 2,
        "preWrapMode": "ClampForever",
        "postWrapMode": "ClampForever"
      },
      "useReverbFilter": false,
      "reverbEffectLink": "Intensity",
      "reverbDryLevelCurve": {
        "$type": "UnityEngine.AnimationCurve, UnityEngine.CoreModule",
        "keys": [
          {
            "$type": "UnityEngine.Keyframe, UnityEngine.CoreModule",
            "time": 0.0,
            "value": 0.0,
            "inTangent": 0.0,
            "outTangent": 0.0,
            "inWeight": 0.0,
            "outWeight": 0.0,
            "weightedMode": "None",
            "tangentMode": 0
          },
          {
            "$type": "UnityEngine.Keyframe, UnityEngine.CoreModule",
            "time": 1.0,
            "value": 0.0,
            "inTangent": 0.0,
            "outTangent": 0.0,
            "inWeight": 0.0,
            "outWeight": 0.0,
            "weightedMode": "None",
            "tangentMode": 0
          }
        ],
        "length": 2,
        "preWrapMode": "ClampForever",
        "postWrapMode": "ClampForever"
      },
      "minDistance": 1.0,
      "maxDistance": 500.0,
      "step": "Loop",
      "stepCustomId": null,
      "loopCustomStep": false,
      "platformFilter": "Windows, Android",
      "sensitiveContent": "None",
      "sensitiveFilterBehaviour": "Discard",
      "damagerStateFilter": "Inactive, Active",
      "damageTypeFilter": "Energy, Blunt, Slash, Pierce",
      "penetrationFilter": "None, Pressure, Hit",
      "reparentWithBreakable": true,
      "imbuesFilterLogic": "AnyExcept",
      "imbuesFilter": [],
      "colliderGroupFilterLogic": "AnyExcept",
      "colliderGroupsFilter": [],
      "damagersFilterLogic": "AnyExcept",
      "damagersFilter": [],
      "intensityCurve": {
        "$type": "UnityEngine.AnimationCurve, UnityEngine.CoreModule",
        "keys": [
          {
            "$type": "UnityEngine.Keyframe, UnityEngine.CoreModule",
            "time": 0.0,
            "value": 0.0,
            "inTangent": 0.0,
            "outTangent": 1.0,
            "inWeight": 0.0,
            "outWeight": 0.0,
            "weightedMode": "None",
            "tangentMode": 0
          },
          {
            "$type": "UnityEngine.Keyframe, UnityEngine.CoreModule",
            "time": 1.0,
            "value": 1.0,
            "inTangent": 1.0,
            "outTangent": 0.0,
            "inWeight": 0.0,
            "outWeight": 0.0,
            "weightedMode": "None",
            "tangentMode": 0
          }
        ],
        "length": 2,
        "preWrapMode": "ClampForever",
        "postWrapMode": "ClampForever"
      }
    }
  ],
  "groupPath": null
}