{
  "$type": "ThunderRoad.AnimationData, ThunderRoad",
  "id": "HumanMeleeDefault",
  "sensitiveContent": "None",
  "sensitiveFilterBehaviour": "Discard",
  "version": 0,
  "autoMinMaxRange": true,
  "minRange": 0.65,
  "maxRange": 1.6,
  "usesDifficulty": false,
  "useDeathCurve": true,
  "allowRootMotion": false,
  "animationClips": [
    {
      "$type": "ThunderRoad.AnimationData+Clip, ThunderRoad",
      "address": "Bas.Animation.Attack.Horizontal",
      "step": "Start",
      "animationSpeed": 1.0,
      "loopType": "NonSpecific",
      "moveDirection": "Forward",
      "range": 1.0,
      "attackType": "SingleStrike",
      "attackMotion": "RightSwing",
      "startAndEndTime": {
        "x": 0.566666663,
        "y": 1.23333335
      },
      "sourceSubStance": "Any",
      "peakRangeTime": 0.9,
      "endSubStance": "Previous",
      "aimDirection": "Left",
      "aimHeight": "Up",
      "weight": 10.0,
      "chance": 1.0,
      "difficulty": 1
    },
    {
      "$type": "ThunderRoad.AnimationData+Clip, ThunderRoad",
      "address": "Bas.Animation.Attack.Vertical",
      "step": "Start",
      "animationSpeed": 1.0,
      "loopType": "NonSpecific",
      "moveDirection": "Forward",
      "range": 1.0,
      "attackType": "SingleStrike",
      "attackMotion": "RightSwing",
      "startAndEndTime": {
        "x": 0.566666663,
        "y": 1.23333335
      },
      "sourceSubStance": "Any",
      "peakRangeTime": 0.8333333,
      "endSubStance": "Previous",
      "aimDirection": "Bottom",
      "aimHeight": "Up",
      "weight": 10.0,
      "chance": 1.0,
      "difficulty": 1
    },
    {
      "$type": "ThunderRoad.AnimationData+Clip, ThunderRoad",
      "address": "Bas.Animation.Attack.SwordAndShieldAttack2",
      "step": "Start",
      "animationSpeed": 1.0,
      "loopType": "NonSpecific",
      "moveDirection": "Forward",
      "range": 1.0,
      "attackType": "SingleStrike",
      "attackMotion": "RightSwing",
      "startAndEndTime": {
        "x": 0.6,
        "y": 1.2
      },
      "sourceSubStance": "Any",
      "peakRangeTime": 0.8,
      "endSubStance": "Previous",
      "aimDirection": "Right",
      "aimHeight": "Mid",
      "weight": 5.0,
      "chance": 1.0,
      "difficulty": 1
    },
    {
      "$type": "ThunderRoad.AnimationData+Clip, ThunderRoad",
      "address": "Bas.Animation.Attack.Melee_Attack_360_Low",
      "step": "Start",
      "animationSpeed": 1.0,
      "loopType": "NonSpecific",
      "moveDirection": "Forward",
      "range": 0.7,
      "attackType": "SingleStrike",
      "attackMotion": "RightSwing",
      "startAndEndTime": {
        "x": 0.0,
        "y": 0.0
      },
      "sourceSubStance": "Any",
      "peakRangeTime": 0.0,
      "endSubStance": "Previous",
      "weight": 0.0,
      "chance": 1.0,
      "difficulty": 1
    },
    {
      "$type": "ThunderRoad.AnimationData+Clip, ThunderRoad",
      "address": "Bas.Animation.Attack.360High",
      "step": "Start",
      "animationSpeed": 1.0,
      "loopType": "NonSpecific",
      "moveDirection": "Forward",
      "range": 0.65,
      "attackType": "SingleStrike",
      "attackMotion": "RightSwing",
      "startAndEndTime": {
        "x": 0.0,
        "y": 0.0
      },
      "sourceSubStance": "Any",
      "peakRangeTime": 0.0,
      "endSubStance": "Previous",
      "weight": 0.0,
      "chance": 1.0,
      "difficulty": 1
    },
    {
      "$type": "ThunderRoad.AnimationData+Clip, ThunderRoad",
      "address": "Bas.Animation.Attack.SwordAndShieldAttackBig1",
      "step": "Start",
      "animationSpeed": 1.0,
      "loopType": "NonSpecific",
      "moveDirection": "Forward",
      "range": 0.9,
      "attackType": "SingleStrike",
      "attackMotion": "RightSwing",
      "startAndEndTime": {
        "x": 0.0,
        "y": 0.0
      },
      "sourceSubStance": "Any",
      "peakRangeTime": 0.0,
      "endSubStance": "Previous",
      "weight": 0.0,
      "chance": 1.0,
      "difficulty": 1
    },
    {
      "$type": "ThunderRoad.AnimationData+Clip, ThunderRoad",
      "address": "Bas.Animation.Attack.SwordAndShieldAttackCombo1",
      "step": "Start",
      "animationSpeed": 1.0,
      "loopType": "NonSpecific",
      "moveDirection": "Forward",
      "range": 1.6,
      "attackType": "SingleStrike",
      "attackMotion": "RightSwing",
      "startAndEndTime": {
        "x": 0.0,
        "y": 0.0
      },
      "sourceSubStance": "Any",
      "peakRangeTime": 0.0,
      "endSubStance": "Previous",
      "weight": 0.0,
      "chance": 1.0,
      "difficulty": 1
    }
  ],
  "groupPath": null
}