{
  "$type": "ThunderRoad.AnimationData, ThunderRoad",
  "id": "HumanHitShield",
  "sensitiveContent": "None",
  "sensitiveFilterBehaviour": "Discard",
  "version": 0,
  "autoMinMaxRange": true,
  "minRange": 0.0,
  "maxRange": 0.0,
  "usesDifficulty": false,
  "useDeathCurve": true,
  "allowRootMotion": false,
  "animationClips": [
    {
      "$type": "ThunderRoad.AnimationData+Clip, ThunderRoad",
      "address": "Bas.Animation.Attack.SwordAndShield1_Left1",
      "step": "Start",
      "animationSpeed": 0.7,
      "loopType": "NonSpecific",
      "moveDirection": "Backward",
      "attackType": "None",
      "attackMotion": "RightSwing",
      "startAndEndTime": {
        "x": 0.0,
        "y": 0.0
      },
      "sourceSubStance": "Any",
      "peakRangeTime": 0.0,
      "endSubStance": "Previous",
      "weight": 1.0,
      "chance": 1.0,
      "difficulty": 1
    },
    {
      "$type": "ThunderRoad.AnimationData+Clip, ThunderRoad",
      "address": "Bas.Animation.Attack.SwordAndShield1_Left2",
      "step": "Start",
      "animationSpeed": 0.7,
      "loopType": "NonSpecific",
      "moveDirection": "Backward",
      "attackType": "None",
      "attackMotion": "RightSwing",
      "startAndEndTime": {
        "x": 0.0,
        "y": 0.0
      },
      "sourceSubStance": "Any",
      "peakRangeTime": 0.0,
      "endSubStance": "Previous",
      "weight": 1.0,
      "chance": 1.0,
      "difficulty": 1
    },
    {
      "$type": "ThunderRoad.AnimationData+Clip, ThunderRoad",
      "address": "Bas.Animation.Attack.SwordAndShield1_Left3",
      "step": "Start",
      "animationSpeed": 0.7,
      "loopType": "NonSpecific",
      "moveDirection": "Backward",
      "attackType": "None",
      "attackMotion": "RightSwing",
      "startAndEndTime": {
        "x": 0.0,
        "y": 0.0
      },
      "sourceSubStance": "Any",
      "peakRangeTime": 0.0,
      "endSubStance": "Previous",
      "weight": 1.0,
      "chance": 1.0,
      "difficulty": 1
    },
    {
      "$type": "ThunderRoad.AnimationData+Clip, ThunderRoad",
      "address": "Bas.Animation.Attack.SwordAndShield1_Left4",
      "step": "Start",
      "animationSpeed": 0.7,
      "loopType": "NonSpecific",
      "moveDirection": "Backward",
      "attackType": "None",
      "attackMotion": "RightSwing",
      "startAndEndTime": {
        "x": 0.0,
        "y": 0.0
      },
      "sourceSubStance": "Any",
      "peakRangeTime": 0.0,
      "endSubStance": "Previous",
      "weight": 1.0,
      "chance": 1.0,
      "difficulty": 1
    },
    {
      "$type": "ThunderRoad.AnimationData+Clip, ThunderRoad",
      "address": "Bas.Animation.Attack.SwordAndShield1_LeftDown1",
      "step": "Start",
      "animationSpeed": 0.7,
      "loopType": "NonSpecific",
      "moveDirection": "Backward",
      "attackType": "None",
      "attackMotion": "RightSwing",
      "startAndEndTime": {
        "x": 0.0,
        "y": 0.0
      },
      "sourceSubStance": "Any",
      "peakRangeTime": 0.0,
      "endSubStance": "Previous",
      "weight": 1.0,
      "chance": 1.0,
      "difficulty": 1
    },
    {
      "$type": "ThunderRoad.AnimationData+Clip, ThunderRoad",
      "address": "Bas.Animation.Attack.SwordAndShield1_Right1",
      "step": "Start",
      "animationSpeed": 0.7,
      "loopType": "NonSpecific",
      "moveDirection": "Backward",
      "attackType": "None",
      "attackMotion": "RightSwing",
      "startAndEndTime": {
        "x": 0.0,
        "y": 0.0
      },
      "sourceSubStance": "Any",
      "peakRangeTime": 0.0,
      "endSubStance": "Previous",
      "weight": 1.0,
      "chance": 1.0,
      "difficulty": 1
    },
    {
      "$type": "ThunderRoad.AnimationData+Clip, ThunderRoad",
      "address": "Bas.Animation.Attack.SwordAndShield1_Right2",
      "step": "Start",
      "animationSpeed": 0.7,
      "loopType": "NonSpecific",
      "moveDirection": "Backward",
      "attackType": "None",
      "attackMotion": "RightSwing",
      "startAndEndTime": {
        "x": 0.0,
        "y": 0.0
      },
      "sourceSubStance": "Any",
      "peakRangeTime": 0.0,
      "endSubStance": "Previous",
      "weight": 1.0,
      "chance": 1.0,
      "difficulty": 1
    },
    {
      "$type": "ThunderRoad.AnimationData+Clip, ThunderRoad",
      "address": "Bas.Animation.Attack.SwordAndShield1_Right3",
      "step": "Start",
      "animationSpeed": 0.7,
      "loopType": "NonSpecific",
      "moveDirection": "Backward",
      "attackType": "None",
      "attackMotion": "RightSwing",
      "startAndEndTime": {
        "x": 0.0,
        "y": 0.0
      },
      "sourceSubStance": "Any",
      "peakRangeTime": 0.0,
      "endSubStance": "Previous",
      "weight": 1.0,
      "chance": 1.0,
      "difficulty": 1
    },
    {
      "$type": "ThunderRoad.AnimationData+Clip, ThunderRoad",
      "address": "Bas.Animation.Attack.SwordAndShield1_Right4",
      "step": "Start",
      "animationSpeed": 0.7,
      "loopType": "NonSpecific",
      "moveDirection": "Backward",
      "attackType": "None",
      "attackMotion": "RightSwing",
      "startAndEndTime": {
        "x": 0.0,
        "y": 0.0
      },
      "sourceSubStance": "Any",
      "peakRangeTime": 0.0,
      "endSubStance": "Previous",
      "weight": 1.0,
      "chance": 1.0,
      "difficulty": 1
    },
    {
      "$type": "ThunderRoad.AnimationData+Clip, ThunderRoad",
      "address": "Bas.Animation.Attack.SwordAndShield1_RightShield",
      "step": "Start",
      "animationSpeed": 0.7,
      "loopType": "NonSpecific",
      "moveDirection": "Backward",
      "attackType": "None",
      "attackMotion": "RightSwing",
      "startAndEndTime": {
        "x": 0.0,
        "y": 0.0
      },
      "sourceSubStance": "Any",
      "peakRangeTime": 0.0,
      "endSubStance": "Previous",
      "weight": 1.0,
      "chance": 1.0,
      "difficulty": 1
    },
    {
      "$type": "ThunderRoad.AnimationData+Clip, ThunderRoad",
      "address": "Bas.Animation.Attack.SwordAndShield1_RightShield_Low",
      "step": "Start",
      "animationSpeed": 0.7,
      "loopType": "NonSpecific",
      "moveDirection": "Backward",
      "attackType": "None",
      "attackMotion": "RightSwing",
      "startAndEndTime": {
        "x": 0.0,
        "y": 0.0
      },
      "sourceSubStance": "Any",
      "peakRangeTime": 0.0,
      "endSubStance": "Previous",
      "weight": 1.0,
      "chance": 1.0,
      "difficulty": 1
    },
    {
      "$type": "ThunderRoad.AnimationData+Clip, ThunderRoad",
      "address": "Bas.Animation.Attack.SwordAndShield1_Block_U",
      "step": "Start",
      "animationSpeed": 0.7,
      "loopType": "NonSpecific",
      "moveDirection": "Backward",
      "attackType": "None",
      "attackMotion": "RightSwing",
      "startAndEndTime": {
        "x": 0.0,
        "y": 0.0
      },
      "sourceSubStance": "Any",
      "peakRangeTime": 0.0,
      "endSubStance": "Previous",
      "weight": 1.0,
      "chance": 1.0,
      "difficulty": 1
    }
  ],
  "groupPath": null
}