{
  "$type": "ThunderRoad.AnimationData, ThunderRoad",
  "id": "HumanMelee1h",
  "sensitiveContent": "None",
  "sensitiveFilterBehaviour": "Discard",
  "version": 0,
  "autoMinMaxRange": false,
  "minRange": 0.8,
  "maxRange": 3.0,
  "usesDifficulty": false,
  "useDeathCurve": true,
  "allowRootMotion": false,
  "animationClips": [
    {
      "$type": "ThunderRoad.AnimationData+Clip, ThunderRoad",
      "address": "Bas.Animation.Attack.Sword1h.Attack_Sword1h_Swordplay",
      "step": "Start",
      "animationSpeed": 0.75,
      "loopType": "NonSpecific",
      "moveDirection": "Forward",
      "range": 0.8,
      "attackType": "SingleStrike",
      "attackMotion": "RightSwing",
      "startAndEndTime": {
        "x": 0.0,
        "y": 0.0
      },
      "sourceSubStance": "Any",
      "peakRangeTime": 0.0,
      "endSubStance": "Previous",
      "weight": 0.0,
      "chance": 1.0,
      "difficulty": 1
    },
    {
      "$type": "ThunderRoad.AnimationData+Clip, ThunderRoad",
      "address": "Bas.Animation.Attack.Sword1h.Attack_Place_Place_Snap_R_1",
      "step": "Start",
      "animationSpeed": 0.8,
      "loopType": "NonSpecific",
      "range": 1.0,
      "attackType": "SingleStrike",
      "attackMotion": "RightSwing",
      "startAndEndTime": {
        "x": 0.0,
        "y": 0.0
      },
      "sourceSubStance": "Any",
      "peakRangeTime": 0.0,
      "endSubStance": "Previous",
      "aimDirection": "Forward",
      "aimHeight": "Mid",
      "weight": 0.0,
      "chance": 1.0,
      "difficulty": 1
    },
    {
      "$type": "ThunderRoad.AnimationData+Clip, ThunderRoad",
      "address": "Bas.Animation.Attack.Sword1h.Attack_Move_med_Rhigh_1",
      "step": "Start",
      "animationSpeed": 0.85,
      "loopType": "NonSpecific",
      "range": 1.0,
      "attackType": "SingleStrike",
      "attackMotion": "RightSwing",
      "startAndEndTime": {
        "x": 0.0,
        "y": 0.0
      },
      "sourceSubStance": "Any",
      "peakRangeTime": 0.0,
      "endSubStance": "Previous",
      "aimDirection": "Forward",
      "aimHeight": "Up",
      "weight": 0.0,
      "chance": 1.0,
      "difficulty": 1
    },
    {
      "$type": "ThunderRoad.AnimationData+Clip, ThunderRoad",
      "address": "Bas.Animation.Attack.Sword1h.Attack_Place_snap_Ldown_1",
      "step": "Start",
      "animationSpeed": 0.8,
      "loopType": "NonSpecific",
      "range": 1.0,
      "attackType": "SingleStrike",
      "attackMotion": "RightSwing",
      "startAndEndTime": {
        "x": 0.0,
        "y": 0.0
      },
      "sourceSubStance": "Any",
      "peakRangeTime": 0.0,
      "endSubStance": "Previous",
      "aimDirection": "Forward",
      "aimHeight": "Mid",
      "weight": 0.0,
      "chance": 1.0,
      "difficulty": 1
    },
    {
      "$type": "ThunderRoad.AnimationData+Clip, ThunderRoad",
      "address": "Bas.Animation.Attack.Sword1h.Attack_Place_snap_T_1",
      "step": "Start",
      "animationSpeed": 0.65,
      "loopType": "NonSpecific",
      "range": 1.0,
      "attackType": "SingleStrike",
      "attackMotion": "RightSwing",
      "startAndEndTime": {
        "x": 0.0,
        "y": 0.0
      },
      "sourceSubStance": "Any",
      "peakRangeTime": 0.0,
      "endSubStance": "Previous",
      "aimDirection": "Forward",
      "aimHeight": "Mid",
      "weight": 0.0,
      "chance": 1.0,
      "difficulty": 1
    },
    {
      "$type": "ThunderRoad.AnimationData+Clip, ThunderRoad",
      "address": "Bas.Animation.Attack.Sword1h.Attack_Place_fast_Rdown_1",
      "step": "Start",
      "animationSpeed": 0.65,
      "loopType": "NonSpecific",
      "range": 1.0,
      "attackType": "SingleStrike",
      "attackMotion": "RightSwing",
      "startAndEndTime": {
        "x": 0.0,
        "y": 0.0
      },
      "sourceSubStance": "Any",
      "peakRangeTime": 0.0,
      "endSubStance": "Previous",
      "aimDirection": "Forward",
      "aimHeight": "Mid",
      "weight": 0.0,
      "chance": 1.0,
      "difficulty": 1
    },
    {
      "$type": "ThunderRoad.AnimationData+Clip, ThunderRoad",
      "address": "Bas.Animation.Attack.Sword1h.2xAttack_Place_med_Rdown_Rdown_1",
      "step": "Start",
      "animationSpeed": 0.8,
      "loopType": "NonSpecific",
      "moveDirection": "Forward",
      "range": 1.0,
      "attackType": "SingleStrike",
      "attackMotion": "RightSwing",
      "startAndEndTime": {
        "x": 0.0,
        "y": 0.0
      },
      "sourceSubStance": "Any",
      "peakRangeTime": 0.0,
      "endSubStance": "Previous",
      "aimDirection": "Forward",
      "aimHeight": "Mid",
      "weight": 0.0,
      "chance": 1.0,
      "difficulty": 1
    },
    {
      "$type": "ThunderRoad.AnimationData+Clip, ThunderRoad",
      "address": "Bas.Animation.Attack.Sword1h.Attack_snap_LDown_2_1",
      "step": "Start",
      "animationSpeed": 1.0,
      "loopType": "NonSpecific",
      "moveDirection": "Forward",
      "range": 1.0,
      "attackType": "SingleStrike",
      "attackMotion": "RightSwing",
      "startAndEndTime": {
        "x": 0.0,
        "y": 0.0
      },
      "sourceSubStance": "Any",
      "peakRangeTime": 0.0,
      "endSubStance": "Previous",
      "weight": 0.0,
      "chance": 1.0,
      "difficulty": 1
    },
    {
      "$type": "ThunderRoad.AnimationData+Clip, ThunderRoad",
      "address": "Bas.Animation.Attack.Sword1h.Attack_Place_slow_Ldown_1",
      "step": "Start",
      "animationSpeed": 0.85,
      "loopType": "NonSpecific",
      "moveDirection": "Forward",
      "range": 1.1,
      "attackType": "SingleStrike",
      "attackMotion": "RightSwing",
      "startAndEndTime": {
        "x": 0.466666669,
        "y": 0.8333333
      },
      "sourceSubStance": "Any",
      "peakRangeTime": 0.7,
      "endSubStance": "Previous",
      "weight": 3.0,
      "chance": 1.0,
      "difficulty": 1
    },
    {
      "$type": "ThunderRoad.AnimationData+Clip, ThunderRoad",
      "address": "Bas.Animation.Attack.Sword1h.Attack_Place_snap_Ldown_1_1",
      "step": "Start",
      "animationSpeed": 0.6,
      "loopType": "NonSpecific",
      "moveDirection": "Forward",
      "range": 1.1,
      "attackType": "SingleStrike",
      "attackMotion": "RightSwing",
      "startAndEndTime": {
        "x": 0.0,
        "y": 0.0
      },
      "sourceSubStance": "Any",
      "peakRangeTime": 0.0,
      "endSubStance": "Previous",
      "weight": 0.0,
      "chance": 1.0,
      "difficulty": 1
    },
    {
      "$type": "ThunderRoad.AnimationData+Clip, ThunderRoad",
      "address": "Bas.Animation.Attack.Sword1h.Attack_Place_snap_LDown_2",
      "step": "Start",
      "animationSpeed": 1.0,
      "loopType": "NonSpecific",
      "range": 1.16014588,
      "attackType": "SingleStrike",
      "attackMotion": "RightSwing",
      "startAndEndTime": {
        "x": 0.0,
        "y": 0.0
      },
      "sourceSubStance": "Any",
      "peakRangeTime": 0.0,
      "endSubStance": "Previous",
      "aimDirection": "Forward",
      "aimHeight": "Mid",
      "weight": 0.0,
      "chance": 1.0,
      "difficulty": 1
    },
    {
      "$type": "ThunderRoad.AnimationData+Clip, ThunderRoad",
      "address": "Bas.Animation.Attack.Sword1h.Attack_Place_fast_T_1",
      "step": "Start",
      "animationSpeed": 1.0,
      "loopType": "NonSpecific",
      "range": 1.16855764,
      "attackType": "SingleStrike",
      "attackMotion": "RightSwing",
      "startAndEndTime": {
        "x": 0.0,
        "y": 0.0
      },
      "sourceSubStance": "Any",
      "peakRangeTime": 0.0,
      "endSubStance": "Previous",
      "aimDirection": "Forward",
      "aimHeight": "Mid",
      "weight": 0.0,
      "chance": 1.0,
      "difficulty": 1
    },
    {
      "$type": "ThunderRoad.AnimationData+Clip, ThunderRoad",
      "address": "Bas.Animation.Attack.Sword1h.2xAttack_Place_fast_Ldown_1",
      "step": "Start",
      "animationSpeed": 1.0,
      "loopType": "NonSpecific",
      "moveDirection": "Forward",
      "range": 1.2,
      "attackType": "SingleStrike",
      "attackMotion": "RightSwing",
      "startAndEndTime": {
        "x": 0.0,
        "y": 0.0
      },
      "sourceSubStance": "Any",
      "peakRangeTime": 0.0,
      "endSubStance": "Previous",
      "aimDirection": "Forward",
      "aimHeight": "Mid",
      "weight": 0.0,
      "chance": 1.0,
      "difficulty": 1
    },
    {
      "$type": "ThunderRoad.AnimationData+Clip, ThunderRoad",
      "address": "Bas.Animation.Attack.Sword1h.Attack_Place_fast_Llow_1",
      "step": "Start",
      "animationSpeed": 0.7,
      "loopType": "NonSpecific",
      "moveDirection": "Forward",
      "range": 1.3,
      "attackType": "SingleStrike",
      "attackMotion": "RightSwing",
      "startAndEndTime": {
        "x": 0.3,
        "y": 0.6
      },
      "sourceSubStance": "Any",
      "peakRangeTime": 0.4,
      "endSubStance": "Previous",
      "aimDirection": "Forward",
      "aimHeight": "Lower",
      "weight": 1.0,
      "chance": 1.0,
      "difficulty": 1
    },
    {
      "$type": "ThunderRoad.AnimationData+Clip, ThunderRoad",
      "address": "Bas.Animation.Attack.Sword1h.Attack_Place_med_r_1",
      "step": "Start",
      "animationSpeed": 0.85,
      "loopType": "NonSpecific",
      "range": 1.3,
      "attackType": "SingleStrike",
      "attackMotion": "RightSwing",
      "startAndEndTime": {
        "x": 0.416666657,
        "y": 0.783333361
      },
      "sourceSubStance": "Any",
      "peakRangeTime": 0.55,
      "endSubStance": "Previous",
      "aimDirection": "Forward",
      "aimHeight": "Mid",
      "weight": 1.0,
      "chance": 1.0,
      "difficulty": 1
    },
    {
      "$type": "ThunderRoad.AnimationData+Clip, ThunderRoad",
      "address": "Bas.Animation.Attack.Sword1h.Attack_Place_fast_Rdown_2",
      "step": "Start",
      "animationSpeed": 0.65,
      "loopType": "NonSpecific",
      "range": 1.3,
      "attackType": "SingleStrike",
      "attackMotion": "RightSwing",
      "startAndEndTime": {
        "x": 0.316666663,
        "y": 0.65
      },
      "sourceSubStance": "Any",
      "peakRangeTime": 0.416666657,
      "endSubStance": "Previous",
      "aimDirection": "Forward",
      "aimHeight": "Mid",
      "weight": 3.0,
      "chance": 1.0,
      "difficulty": 1
    },
    {
      "$type": "ThunderRoad.AnimationData+Clip, ThunderRoad",
      "address": "Bas.Animation.Attack.Sword1h.Attack_Place_fast_Lup_1",
      "step": "Start",
      "animationSpeed": 0.7,
      "loopType": "NonSpecific",
      "range": 1.3,
      "attackType": "SingleStrike",
      "attackMotion": "RightSwing",
      "startAndEndTime": {
        "x": 0.25,
        "y": 0.75
      },
      "sourceSubStance": "Any",
      "peakRangeTime": 0.416666657,
      "endSubStance": "Previous",
      "aimDirection": "Forward",
      "aimHeight": "Up",
      "weight": 1.0,
      "chance": 1.0,
      "difficulty": 1
    },
    {
      "$type": "ThunderRoad.AnimationData+Clip, ThunderRoad",
      "address": "Bas.Animation.Attack.Sword1h.Attack_Place_slow_Rdown_1",
      "step": "Start",
      "animationSpeed": 0.9,
      "loopType": "NonSpecific",
      "range": 1.3,
      "attackType": "SingleStrike",
      "attackMotion": "RightSwing",
      "startAndEndTime": {
        "x": 0.6333333,
        "y": 1.0
      },
      "sourceSubStance": "Any",
      "peakRangeTime": 0.75,
      "endSubStance": "Previous",
      "aimDirection": "Forward",
      "aimHeight": "Mid",
      "weight": 2.0,
      "chance": 1.0,
      "difficulty": 1
    },
    {
      "$type": "ThunderRoad.AnimationData+Clip, ThunderRoad",
      "address": "Bas.Animation.Attack.Sword1h.Attack_Place_med_R_2",
      "step": "Start",
      "animationSpeed": 0.8,
      "loopType": "NonSpecific",
      "range": 1.3,
      "attackType": "SingleStrike",
      "attackMotion": "RightSwing",
      "startAndEndTime": {
        "x": 0.433333337,
        "y": 0.8333333
      },
      "sourceSubStance": "Any",
      "peakRangeTime": 0.5833333,
      "endSubStance": "Previous",
      "aimDirection": "Forward",
      "aimHeight": "Mid",
      "weight": 1.0,
      "chance": 1.0,
      "difficulty": 1
    },
    {
      "$type": "ThunderRoad.AnimationData+Clip, ThunderRoad",
      "address": "Bas.Animation.Attack.Sword1h.Attack_Place_fast_Ldown_1",
      "step": "Start",
      "animationSpeed": 0.8,
      "loopType": "NonSpecific",
      "moveDirection": "Forward",
      "range": 1.3,
      "attackType": "SingleStrike",
      "attackMotion": "RightSwing",
      "startAndEndTime": {
        "x": 0.2,
        "y": 0.566666663
      },
      "sourceSubStance": "Any",
      "peakRangeTime": 0.316666663,
      "endSubStance": "Previous",
      "aimDirection": "Forward",
      "aimHeight": "Mid",
      "weight": 0.5,
      "chance": 1.0,
      "difficulty": 1
    },
    {
      "$type": "ThunderRoad.AnimationData+Clip, ThunderRoad",
      "address": "Bas.Animation.Attack.Sword1h.Attack_Place_slow_Ldown_1_1",
      "step": "Start",
      "animationSpeed": 0.85,
      "loopType": "NonSpecific",
      "moveDirection": "Forward",
      "range": 1.3,
      "attackType": "SingleStrike",
      "attackMotion": "RightSwing",
      "startAndEndTime": {
        "x": 0.55,
        "y": 0.9166667
      },
      "sourceSubStance": "Any",
      "peakRangeTime": 0.733333349,
      "endSubStance": "Previous",
      "aimDirection": "Forward",
      "aimHeight": "Mid",
      "weight": 2.0,
      "chance": 1.0,
      "difficulty": 1
    },
    {
      "$type": "ThunderRoad.AnimationData+Clip, ThunderRoad",
      "address": "Bas.Animation.Attack.Sword1h.Attack_place_med_Rup_1",
      "step": "Start",
      "animationSpeed": 0.85,
      "loopType": "NonSpecific",
      "range": 1.3,
      "attackType": "SingleStrike",
      "attackMotion": "RightSwing",
      "startAndEndTime": {
        "x": 0.5833333,
        "y": 1.0
      },
      "sourceSubStance": "Any",
      "peakRangeTime": 0.733333349,
      "endSubStance": "Previous",
      "aimDirection": "Forward",
      "aimHeight": "Up",
      "weight": 3.0,
      "chance": 1.0,
      "difficulty": 1
    },
    {
      "$type": "ThunderRoad.AnimationData+Clip, ThunderRoad",
      "address": "Bas.Animation.Attack.Sword1h.Attack_Move_med_RDown_2",
      "step": "Start",
      "animationSpeed": 0.85,
      "loopType": "NonSpecific",
      "range": 1.5,
      "attackType": "SingleStrike",
      "attackMotion": "RightSwing",
      "startAndEndTime": {
        "x": 0.0,
        "y": 0.0
      },
      "sourceSubStance": "Any",
      "peakRangeTime": 0.0,
      "endSubStance": "Previous",
      "aimDirection": "Forward",
      "aimHeight": "Mid",
      "weight": 0.0,
      "chance": 1.0,
      "difficulty": 1
    },
    {
      "$type": "ThunderRoad.AnimationData+Clip, ThunderRoad",
      "address": "Bas.Animation.Attack.Sword1h.Attack_Move_med_Rlow_1_1",
      "step": "Start",
      "animationSpeed": 0.8,
      "loopType": "NonSpecific",
      "moveDirection": "Forward",
      "range": 1.6,
      "attackType": "SingleStrike",
      "attackMotion": "RightSwing",
      "startAndEndTime": {
        "x": 0.35,
        "y": 0.8333333
      },
      "sourceSubStance": "Any",
      "peakRangeTime": 0.5833333,
      "endSubStance": "Previous",
      "weight": 1.0,
      "chance": 1.0,
      "difficulty": 1
    },
    {
      "$type": "ThunderRoad.AnimationData+Clip, ThunderRoad",
      "address": "Bas.Animation.Attack.Sword1h.Attack_Move_Slow_T_2",
      "step": "Start",
      "animationSpeed": 0.85,
      "loopType": "NonSpecific",
      "range": 1.6,
      "attackType": "SingleStrike",
      "attackMotion": "RightSwing",
      "startAndEndTime": {
        "x": 0.366666675,
        "y": 1.0
      },
      "sourceSubStance": "Any",
      "peakRangeTime": 0.7,
      "endSubStance": "Previous",
      "aimDirection": "Forward",
      "aimHeight": "Mid",
      "weight": 2.0,
      "chance": 1.0,
      "difficulty": 1
    },
    {
      "$type": "ThunderRoad.AnimationData+Clip, ThunderRoad",
      "address": "Bas.Animation.Attack.Sword1h.Attack_Move_med_Rlow_1",
      "step": "Start",
      "animationSpeed": 0.8,
      "loopType": "NonSpecific",
      "range": 1.6,
      "attackType": "SingleStrike",
      "attackMotion": "RightSwing",
      "startAndEndTime": {
        "x": 0.383333325,
        "y": 0.8333333
      },
      "sourceSubStance": "Any",
      "peakRangeTime": 0.383333325,
      "endSubStance": "Previous",
      "aimDirection": "Forward",
      "aimHeight": "Lower",
      "weight": 2.0,
      "chance": 1.0,
      "difficulty": 1
    },
    {
      "$type": "ThunderRoad.AnimationData+Clip, ThunderRoad",
      "address": "Bas.Animation.Attack.Sword1h.Attack_Move_med_Ldown_2",
      "step": "Start",
      "animationSpeed": 0.85,
      "loopType": "NonSpecific",
      "moveDirection": "Forward",
      "range": 1.6,
      "attackType": "SingleStrike",
      "attackMotion": "RightSwing",
      "startAndEndTime": {
        "x": 0.45,
        "y": 0.8333333
      },
      "sourceSubStance": "Any",
      "peakRangeTime": 0.5833333,
      "endSubStance": "Previous",
      "aimDirection": "Forward",
      "aimHeight": "Mid",
      "weight": 2.0,
      "chance": 1.0,
      "difficulty": 1
    },
    {
      "$type": "ThunderRoad.AnimationData+Clip, ThunderRoad",
      "address": "Bas.Animation.Attack.Sword1h.Attack_Move_slow_T_2_1",
      "step": "Start",
      "animationSpeed": 0.85,
      "loopType": "NonSpecific",
      "range": 1.6,
      "attackType": "SingleStrike",
      "attackMotion": "RightSwing",
      "startAndEndTime": {
        "x": 0.5,
        "y": 1.0
      },
      "sourceSubStance": "Any",
      "peakRangeTime": 0.7,
      "endSubStance": "Previous",
      "aimDirection": "Forward",
      "aimHeight": "Mid",
      "weight": 1.0,
      "chance": 1.0,
      "difficulty": 1
    },
    {
      "$type": "ThunderRoad.AnimationData+Clip, ThunderRoad",
      "address": "Bas.Animation.Attack.Sword1h.2xAttack_Move_med_Rdown_L_1_1",
      "step": "Start",
      "animationSpeed": 0.8,
      "loopType": "NonSpecific",
      "moveDirection": "Forward",
      "range": 1.6,
      "attackType": "ComboAttack",
      "attackMotion": "RightSwing",
      "startAndEndTime": {
        "x": 0.466666669,
        "y": 1.5
      },
      "sourceSubStance": "Any",
      "peakRangeTime": 1.25,
      "endSubStance": "Previous",
      "weight": 1.0,
      "chance": 1.0,
      "difficulty": 1
    },
    {
      "$type": "ThunderRoad.AnimationData+Clip, ThunderRoad",
      "address": "Bas.Animation.Attack.Sword1h.2xAttack_Move_med_Rdown_L_1",
      "step": "Start",
      "animationSpeed": 0.8,
      "loopType": "NonSpecific",
      "moveDirection": "Forward",
      "range": 1.6,
      "attackType": "ComboAttack",
      "attackMotion": "RightSwing",
      "startAndEndTime": {
        "x": 0.416666657,
        "y": 1.5
      },
      "sourceSubStance": "Any",
      "peakRangeTime": 1.25,
      "endSubStance": "Previous",
      "aimDirection": "Forward",
      "weight": 1.0,
      "chance": 1.0,
      "difficulty": 1
    },
    {
      "$type": "ThunderRoad.AnimationData+Clip, ThunderRoad",
      "address": "Bas.Animation.Attack.Sword1h.2xAttack_Move_med_Rlow_Lhi_1",
      "step": "Start",
      "animationSpeed": 0.8,
      "loopType": "NonSpecific",
      "moveDirection": "Forward",
      "range": 1.6,
      "attackType": "ComboAttack",
      "attackMotion": "RightSwing",
      "startAndEndTime": {
        "x": 0.416666657,
        "y": 1.5
      },
      "sourceSubStance": "Any",
      "peakRangeTime": 1.25,
      "endSubStance": "Previous",
      "aimDirection": "Forward",
      "weight": 1.0,
      "chance": 1.0,
      "difficulty": 1
    },
    {
      "$type": "ThunderRoad.AnimationData+Clip, ThunderRoad",
      "address": "Bas.Animation.Attack.Sword1h.Attack_Move_Slow_Lup",
      "step": "Start",
      "animationSpeed": 0.85,
      "loopType": "NonSpecific",
      "range": 1.6,
      "attackType": "SingleStrike",
      "attackMotion": "RightSwing",
      "startAndEndTime": {
        "x": 0.6166667,
        "y": 1.0
      },
      "sourceSubStance": "Any",
      "peakRangeTime": 0.75,
      "endSubStance": "Previous",
      "aimDirection": "Forward",
      "aimHeight": "Mid",
      "weight": 3.0,
      "chance": 1.0,
      "difficulty": 1
    },
    {
      "$type": "ThunderRoad.AnimationData+Clip, ThunderRoad",
      "address": "Bas.Animation.Attack.Sword1h.Attack_Move_med_T_1",
      "step": "Start",
      "animationSpeed": 0.7,
      "loopType": "NonSpecific",
      "range": 1.6,
      "attackType": "SingleStrike",
      "attackMotion": "RightSwing",
      "startAndEndTime": {
        "x": 0.383333325,
        "y": 0.5833333
      },
      "sourceSubStance": "Any",
      "peakRangeTime": 0.516666651,
      "endSubStance": "Previous",
      "aimDirection": "Forward",
      "aimHeight": "Mid",
      "weight": 0.0,
      "chance": 1.0,
      "difficulty": 1
    },
    {
      "$type": "ThunderRoad.AnimationData+Clip, ThunderRoad",
      "address": "Bas.Animation.Attack.Sword1h.Attack_Move_Fast_T_1",
      "step": "Start",
      "animationSpeed": 0.7,
      "loopType": "NonSpecific",
      "moveDirection": "Forward",
      "range": 1.7,
      "attackType": "SingleStrike",
      "attackMotion": "RightSwing",
      "startAndEndTime": {
        "x": 0.166666672,
        "y": 0.5833333
      },
      "sourceSubStance": "Any",
      "peakRangeTime": 0.45,
      "endSubStance": "Previous",
      "weight": 0.0,
      "chance": 1.0,
      "difficulty": 1
    },
    {
      "$type": "ThunderRoad.AnimationData+Clip, ThunderRoad",
      "address": "Bas.Animation.Attack.Sword1h.Attack_Move_snap_Point",
      "step": "Start",
      "animationSpeed": 0.55,
      "loopType": "NonSpecific",
      "moveDirection": "Forward",
      "range": 1.8,
      "attackType": "SingleStrike",
      "attackMotion": "RightSwing",
      "startAndEndTime": {
        "x": 0.116666667,
        "y": 0.8333333
      },
      "sourceSubStance": "Any",
      "peakRangeTime": 0.333333343,
      "endSubStance": "Previous",
      "aimDirection": "Forward",
      "aimHeight": "Mid",
      "weight": 0.0,
      "chance": 1.0,
      "difficulty": 1
    },
    {
      "$type": "ThunderRoad.AnimationData+Clip, ThunderRoad",
      "address": "Bas.Animation.Attack.Sword1h.Attack_Move_strong_Rdown_1",
      "step": "Start",
      "animationSpeed": 0.85,
      "loopType": "NonSpecific",
      "moveDirection": "Forward",
      "range": 2.0,
      "attackType": "SingleStrike",
      "attackMotion": "RightSwing",
      "startAndEndTime": {
        "x": 0.716666639,
        "y": 1.11666667
      },
      "sourceSubStance": "Any",
      "peakRangeTime": 0.85,
      "endSubStance": "Previous",
      "aimDirection": "Forward",
      "aimHeight": "Mid",
      "weight": 5.0,
      "chance": 1.0,
      "difficulty": 1
    },
    {
      "$type": "ThunderRoad.AnimationData+Clip, ThunderRoad",
      "address": "Bas.Animation.Attack.Sword1h.Attack_Move_slow_L_1",
      "step": "Start",
      "animationSpeed": 0.8,
      "loopType": "NonSpecific",
      "moveDirection": "Forward",
      "range": 2.0,
      "attackType": "SingleStrike",
      "attackMotion": "RightSwing",
      "startAndEndTime": {
        "x": 0.6166667,
        "y": 1.0
      },
      "sourceSubStance": "Any",
      "peakRangeTime": 0.733333349,
      "endSubStance": "Previous",
      "aimDirection": "Forward",
      "aimHeight": "Up",
      "weight": 3.0,
      "chance": 1.0,
      "difficulty": 1
    },
    {
      "$type": "ThunderRoad.AnimationData+Clip, ThunderRoad",
      "address": "Bas.Animation.Attack.Sword1h.Attack_Move_med_L_1",
      "step": "Start",
      "animationSpeed": 0.8,
      "loopType": "NonSpecific",
      "moveDirection": "Forward",
      "range": 2.0,
      "attackType": "SingleStrike",
      "attackMotion": "RightSwing",
      "startAndEndTime": {
        "x": 0.416666657,
        "y": 0.9166667
      },
      "sourceSubStance": "Any",
      "peakRangeTime": 0.5833333,
      "endSubStance": "Previous",
      "aimDirection": "Forward",
      "aimHeight": "Mid",
      "weight": 1.0,
      "chance": 1.0,
      "difficulty": 1
    },
    {
      "$type": "ThunderRoad.AnimationData+Clip, ThunderRoad",
      "address": "Bas.Animation.Attack.Sword1h.Attack_Move_Slow_Lup_1",
      "step": "Start",
      "animationSpeed": 0.8,
      "loopType": "NonSpecific",
      "moveDirection": "Forward",
      "range": 2.0,
      "attackType": "SingleStrike",
      "attackMotion": "RightSwing",
      "startAndEndTime": {
        "x": 0.5833333,
        "y": 1.0
      },
      "sourceSubStance": "Any",
      "peakRangeTime": 0.75,
      "endSubStance": "Previous",
      "weight": 2.0,
      "chance": 1.0,
      "difficulty": 1
    },
    {
      "$type": "ThunderRoad.AnimationData+Clip, ThunderRoad",
      "address": "Bas.Animation.Attack.Sword1h.Attack_Move_slow_Rdown_1",
      "step": "Start",
      "animationSpeed": 0.75,
      "loopType": "NonSpecific",
      "moveDirection": "Forward",
      "range": 2.0,
      "attackType": "SingleStrike",
      "attackMotion": "RightSwing",
      "startAndEndTime": {
        "x": 0.5833333,
        "y": 1.0
      },
      "sourceSubStance": "Any",
      "peakRangeTime": 0.75,
      "endSubStance": "Previous",
      "weight": 3.0,
      "chance": 1.0,
      "difficulty": 1
    },
    {
      "$type": "ThunderRoad.AnimationData+Clip, ThunderRoad",
      "address": "Bas.Animation.Attack.Sword1h.Attack_Move_strong_Ldown_1",
      "step": "Start",
      "animationSpeed": 0.85,
      "loopType": "NonSpecific",
      "moveDirection": "Forward",
      "range": 2.0,
      "attackType": "SingleStrike",
      "attackMotion": "RightSwing",
      "startAndEndTime": {
        "x": 0.766666651,
        "y": 1.16666663
      },
      "sourceSubStance": "Any",
      "peakRangeTime": 0.933333337,
      "endSubStance": "Previous",
      "aimDirection": "Forward",
      "aimHeight": "Mid",
      "weight": 5.0,
      "chance": 1.0,
      "difficulty": 1
    },
    {
      "$type": "ThunderRoad.AnimationData+Clip, ThunderRoad",
      "address": "Bas.Animation.Attack.Sword1h.Attack_Move_slow_T_1",
      "step": "Start",
      "animationSpeed": 0.8,
      "loopType": "NonSpecific",
      "moveDirection": "Forward",
      "range": 2.0,
      "attackType": "SingleStrike",
      "attackMotion": "RightSwing",
      "startAndEndTime": {
        "x": 0.5,
        "y": 0.8333333
      },
      "sourceSubStance": "Any",
      "peakRangeTime": 0.716666639,
      "endSubStance": "Previous",
      "aimDirection": "Forward",
      "aimHeight": "Mid",
      "weight": 2.0,
      "chance": 1.0,
      "difficulty": 1
    },
    {
      "$type": "ThunderRoad.AnimationData+Clip, ThunderRoad",
      "address": "Bas.Animation.Attack.Sword1h.Attack_Move_slow_whirl_L_2",
      "step": "Start",
      "animationSpeed": 0.85,
      "loopType": "NonSpecific",
      "moveDirection": "Forward",
      "range": 2.0,
      "attackType": "SingleStrike",
      "attackMotion": "RightSwing",
      "startAndEndTime": {
        "x": 0.6666667,
        "y": 1.0
      },
      "sourceSubStance": "Any",
      "peakRangeTime": 0.766666651,
      "endSubStance": "Previous",
      "aimDirection": "Forward",
      "aimHeight": "Mid",
      "weight": 2.0,
      "chance": 1.0,
      "difficulty": 1
    },
    {
      "$type": "ThunderRoad.AnimationData+Clip, ThunderRoad",
      "address": "Bas.Animation.Attack.Sword1h.Attack_Move_med_Rdown_1_1",
      "step": "Start",
      "animationSpeed": 1.0,
      "loopType": "NonSpecific",
      "moveDirection": "Forward",
      "range": 2.16466,
      "attackType": "SingleStrike",
      "attackMotion": "RightSwing",
      "startAndEndTime": {
        "x": 0.0,
        "y": 0.0
      },
      "sourceSubStance": "Any",
      "peakRangeTime": 0.0,
      "endSubStance": "Previous",
      "weight": 0.0,
      "chance": 1.0,
      "difficulty": 1
    },
    {
      "$type": "ThunderRoad.AnimationData+Clip, ThunderRoad",
      "address": "Bas.Animation.Attack.Sword1h.Attack_Move_fast_Rlow_1",
      "step": "Start",
      "animationSpeed": 0.6,
      "loopType": "NonSpecific",
      "moveDirection": "Forward",
      "range": 2.2,
      "attackType": "SingleStrike",
      "attackMotion": "RightSwing",
      "startAndEndTime": {
        "x": 0.3,
        "y": 0.6666667
      },
      "sourceSubStance": "Any",
      "peakRangeTime": 0.4,
      "endSubStance": "Previous",
      "aimDirection": "Forward",
      "aimHeight": "Lower",
      "weight": 1.0,
      "chance": 1.0,
      "difficulty": 1
    },
    {
      "$type": "ThunderRoad.AnimationData+Clip, ThunderRoad",
      "address": "Bas.Animation.Attack.Sword1h.Attack_Move_slow_Rdown_1_1",
      "step": "Start",
      "animationSpeed": 0.75,
      "loopType": "NonSpecific",
      "moveDirection": "Forward",
      "range": 2.2,
      "attackType": "SingleStrike",
      "attackMotion": "RightSwing",
      "startAndEndTime": {
        "x": 0.6166667,
        "y": 1.0
      },
      "sourceSubStance": "Any",
      "peakRangeTime": 0.733333349,
      "endSubStance": "Previous",
      "aimDirection": "Forward",
      "aimHeight": "Mid",
      "weight": 3.0,
      "chance": 1.0,
      "difficulty": 1
    },
    {
      "$type": "ThunderRoad.AnimationData+Clip, ThunderRoad",
      "address": "Bas.Animation.Attack.Sword1h.Attack_Move_med_Rdown_1",
      "step": "Start",
      "animationSpeed": 1.0,
      "loopType": "NonSpecific",
      "moveDirection": "Forward",
      "range": 2.2,
      "attackType": "SingleStrike",
      "attackMotion": "RightSwing",
      "startAndEndTime": {
        "x": 0.466666669,
        "y": 0.8333333
      },
      "sourceSubStance": "Any",
      "peakRangeTime": 0.5833333,
      "endSubStance": "Previous",
      "aimDirection": "Forward",
      "aimHeight": "Mid",
      "weight": 1.0,
      "chance": 1.0,
      "difficulty": 1
    },
    {
      "$type": "ThunderRoad.AnimationData+Clip, ThunderRoad",
      "address": "Bas.Animation.Attack.Sword1h.Attack_Move_slow_whirl_L_2",
      "step": "Start",
      "animationSpeed": 0.8,
      "loopType": "NonSpecific",
      "moveDirection": "Forward",
      "range": 2.2,
      "attackType": "SingleStrike",
      "attackMotion": "RightSwing",
      "startAndEndTime": {
        "x": 0.6666667,
        "y": 1.0
      },
      "sourceSubStance": "Any",
      "peakRangeTime": 0.766666651,
      "endSubStance": "Previous",
      "aimDirection": "Forward",
      "aimHeight": "Mid",
      "weight": 1.0,
      "chance": 1.0,
      "difficulty": 1
    },
    {
      "$type": "ThunderRoad.AnimationData+Clip, ThunderRoad",
      "address": "Bas.Animation.Attack.Sword1h.Attack_Move_med_Ldown_1",
      "step": "Start",
      "animationSpeed": 1.0,
      "loopType": "NonSpecific",
      "moveDirection": "Forward",
      "range": 2.326855,
      "attackType": "SingleStrike",
      "attackMotion": "RightSwing",
      "startAndEndTime": {
        "x": 0.0,
        "y": 0.0
      },
      "sourceSubStance": "Any",
      "peakRangeTime": 0.0,
      "endSubStance": "Previous",
      "aimDirection": "Forward",
      "aimHeight": "Mid",
      "weight": 0.0,
      "chance": 1.0,
      "difficulty": 1
    },
    {
      "$type": "ThunderRoad.AnimationData+Clip, ThunderRoad",
      "address": "Bas.Animation.Attack.Sword1h.Attack_Run_Jump_T",
      "step": "Start",
      "animationSpeed": 0.8,
      "loopType": "NonSpecific",
      "moveDirection": "Forward",
      "speed": 3.0,
      "range": 2.7,
      "attackType": "SingleStrike",
      "attackMotion": "RightSwing",
      "startAndEndTime": {
        "x": 0.0,
        "y": 0.0
      },
      "sourceSubStance": "Any",
      "peakRangeTime": 0.0,
      "endSubStance": "Previous",
      "aimDirection": "Forward",
      "weight": 0.0,
      "chance": 0.3,
      "difficulty": 1
    },
    {
      "$type": "ThunderRoad.AnimationData+Clip, ThunderRoad",
      "address": "Bas.Animation.Attack.Sword1h.Attack_Jump_T",
      "step": "Start",
      "animationSpeed": 0.8,
      "loopType": "NonSpecific",
      "moveDirection": "Forward",
      "range": 3.5,
      "attackType": "SingleStrike",
      "attackMotion": "RightSwing",
      "startAndEndTime": {
        "x": 0.75,
        "y": 1.0
      },
      "sourceSubStance": "Any",
      "peakRangeTime": 0.8333333,
      "endSubStance": "Previous",
      "aimDirection": "Forward",
      "weight": 1.0,
      "chance": 0.3,
      "difficulty": 1
    },
    {
      "$type": "ThunderRoad.AnimationData+Clip, ThunderRoad",
      "address": "Bas.Animation.Attack.Sword1h.Attack_Run_Achilles",
      "step": "Start",
      "animationSpeed": 0.85,
      "loopType": "NonSpecific",
      "moveDirection": "Forward",
      "range": 4.0,
      "attackType": "SingleStrike",
      "attackMotion": "RightSwing",
      "startAndEndTime": {
        "x": 0.433333337,
        "y": 1.0
      },
      "sourceSubStance": "Any",
      "peakRangeTime": 0.6666667,
      "endSubStance": "Previous",
      "aimDirection": "Forward",
      "aimHeight": "Up",
      "weight": 1.0,
      "chance": 0.3,
      "difficulty": 1
    },
    {
      "$type": "ThunderRoad.AnimationData+Clip, ThunderRoad",
      "address": "Bas.Animation.Attack.Sword1h.2xAttack_Move_med_whirl_Rhi_Rhi_1_1",
      "step": "Start",
      "animationSpeed": 1.0,
      "loopType": "NonSpecific",
      "moveDirection": "Forward",
      "range": 4.678352,
      "attackType": "SingleStrike",
      "attackMotion": "RightSwing",
      "startAndEndTime": {
        "x": 0.0,
        "y": 0.0
      },
      "sourceSubStance": "Any",
      "peakRangeTime": 0.0,
      "endSubStance": "Previous",
      "aimDirection": "Forward",
      "aimHeight": "Up",
      "weight": 0.0,
      "chance": 1.0,
      "difficulty": 1
    },
    {
      "$type": "ThunderRoad.AnimationData+Clip, ThunderRoad",
      "address": "Bas.Animation.Attack.Sword1h.Attack_Move_Achilles",
      "step": "Start",
      "animationSpeed": 0.85,
      "loopType": "NonSpecific",
      "moveDirection": "Forward",
      "range": 5.0,
      "attackType": "SingleStrike",
      "attackMotion": "RightSwing",
      "startAndEndTime": {
        "x": 0.8666667,
        "y": 1.43333328
      },
      "sourceSubStance": "Any",
      "peakRangeTime": 1.06666672,
      "endSubStance": "Previous",
      "aimDirection": "Forward",
      "aimHeight": "Up",
      "weight": 1.0,
      "chance": 0.3,
      "difficulty": 1
    }
  ],
  "groupPath": null
}