{
  "$type": "ThunderRoad.AnimationData, ThunderRoad",
  "id": "HumanMelee1hOverhaul",
  "sensitiveContent": "None",
  "sensitiveFilterBehaviour": "Discard",
  "version": 0,
  "autoMinMaxRange": true,
  "minRange": 1.05,
  "maxRange": 3.0,
  "usesDifficulty": true,
  "useDeathCurve": true,
  "allowRootMotion": false,
  "animationClips": [
    {
      "$type": "ThunderRoad.AnimationData+Clip, ThunderRoad",
      "address": "Bas.Animation.Sword1h.Stance1.Idle",
      "step": "Loop",
      "animationSpeed": 1.0,
      "loopType": "IncludeSubStance",
      "subStanceName": "SimpleStance",
      "attackType": "None",
      "attackMotion": "RightSwing",
      "startAndEndTime": {
        "x": 0.0,
        "y": 0.0
      },
      "sourceSubStance": "Base",
      "peakRangeTime": 0.0,
      "endSubStance": "Previous",
      "weight": 0.0,
      "chance": 0.0,
      "difficulty": 1
    },
    {
      "$type": "ThunderRoad.AnimationData+Clip, ThunderRoad",
      "address": "Bas.Animation.Sword1h.Stance2.Idle",
      "step": "Loop",
      "animationSpeed": 1.0,
      "loopType": "IncludeSubStance",
      "subStanceName": "ThrustingStance",
      "attackType": "None",
      "attackMotion": "RightSwing",
      "startAndEndTime": {
        "x": 0.0,
        "y": 0.0
      },
      "sourceSubStance": "Base",
      "peakRangeTime": 0.0,
      "endSubStance": "Previous",
      "weight": 0.0,
      "chance": 0.0,
      "difficulty": 3
    },
    {
      "$type": "ThunderRoad.AnimationData+Clip, ThunderRoad",
      "address": "Bas.Animation.Sword1h.Stance3.Idle",
      "step": "Loop",
      "animationSpeed": 1.0,
      "loopType": "IncludeSubStance",
      "subStanceName": "HighStance",
      "attackType": "None",
      "attackMotion": "RightSwing",
      "startAndEndTime": {
        "x": 0.0,
        "y": 0.0
      },
      "sourceSubStance": "Base",
      "peakRangeTime": 0.0,
      "endSubStance": "Previous",
      "weight": 0.0,
      "chance": 0.0,
      "difficulty": 1
    },
    {
      "$type": "ThunderRoad.AnimationData+Clip, ThunderRoad",
      "address": "Bas.Animation.Attack.Sword1h.Stance1.RtLSwing",
      "step": "Start",
      "animationSpeed": 1.0,
      "loopType": "NonSpecific",
      "range": 1.05,
      "attackType": "SingleStrike",
      "attackMotion": "RightSwing",
      "startAndEndTime": {
        "x": 0.316666663,
        "y": 0.6666667
      },
      "sourceSubStance": "SimpleStance",
      "peakRangeTime": 0.433333337,
      "endSubStance": "SimpleStance",
      "aimDirection": "Left",
      "aimHeight": "Mid",
      "weight": 1.0,
      "chance": 1.0,
      "difficulty": 1
    },
    {
      "$type": "ThunderRoad.AnimationData+Clip, ThunderRoad",
      "address": "Bas.Animation.Attack.1hSword.Stance1.SlashRtLStep",
      "step": "Start",
      "animationSpeed": 1.0,
      "loopType": "NonSpecific",
      "moveDirection": "Forward",
      "range": 2.0,
      "attackType": "SingleStrike",
      "attackMotion": "RightSwing",
      "startAndEndTime": {
        "x": 0.383333325,
        "y": 0.733333349
      },
      "sourceSubStance": "SimpleStance",
      "peakRangeTime": 0.55,
      "endSubStance": "SimpleStance",
      "aimDirection": "Left",
      "aimHeight": "Mid",
      "weight": 1.0,
      "chance": 1.0,
      "difficulty": 1
    },
    {
      "$type": "ThunderRoad.AnimationData+Clip, ThunderRoad",
      "address": "Bas.Animation.Attack.Sword1h.Stance1.LtRSwing",
      "step": "Start",
      "animationSpeed": 1.0,
      "loopType": "NonSpecific",
      "range": 1.05,
      "attackType": "SingleStrike",
      "attackMotion": "RightSwing",
      "startAndEndTime": {
        "x": 0.35,
        "y": 0.75
      },
      "sourceSubStance": "SimpleStance",
      "peakRangeTime": 0.516666651,
      "endSubStance": "SimpleStance",
      "aimDirection": "Right",
      "aimHeight": "Mid",
      "weight": 1.0,
      "chance": 1.0,
      "difficulty": 1
    },
    {
      "$type": "ThunderRoad.AnimationData+Clip, ThunderRoad",
      "address": "Bas.Animation.Attack.Sword1h.Stance1.LtRSwingStep",
      "step": "Start",
      "animationSpeed": 1.0,
      "loopType": "NonSpecific",
      "moveDirection": "Forward",
      "range": 2.0,
      "attackType": "SingleStrike",
      "attackMotion": "RightSwing",
      "startAndEndTime": {
        "x": 0.35,
        "y": 0.9166667
      },
      "sourceSubStance": "SimpleStance",
      "peakRangeTime": 0.6,
      "endSubStance": "SimpleStance",
      "aimDirection": "Right",
      "aimHeight": "Mid",
      "weight": 1.0,
      "chance": 1.0,
      "difficulty": 1
    },
    {
      "$type": "ThunderRoad.AnimationData+Clip, ThunderRoad",
      "address": "Bas.Animation.Attack.Sword1h.Stance1.Combo",
      "step": "Start",
      "animationSpeed": 1.0,
      "loopType": "NonSpecific",
      "moveDirection": "Forward",
      "range": 2.0,
      "attackType": "ComboAttack",
      "attackMotion": "RightSwing",
      "startAndEndTime": {
        "x": 0.45,
        "y": 1.5333333
      },
      "sourceSubStance": "SimpleStance",
      "peakRangeTime": 1.23333335,
      "endSubStance": "SimpleStance",
      "aimDirection": "Bottom",
      "aimHeight": "Up",
      "weight": 1.0,
      "chance": 1.0,
      "difficulty": 2
    },
    {
      "$type": "ThunderRoad.AnimationData+Clip, ThunderRoad",
      "address": "Bas.Animation.Attack.Sword1h.Stance2.Stab",
      "step": "Start",
      "animationSpeed": 1.0,
      "loopType": "NonSpecific",
      "range": 1.2,
      "attackType": "SingleStrike",
      "attackMotion": "RightThrust",
      "startAndEndTime": {
        "x": 0.233333334,
        "y": 0.55
      },
      "sourceSubStance": "ThrustingStance",
      "peakRangeTime": 0.466666669,
      "endSubStance": "RandomExc",
      "aimDirection": "Forward",
      "aimHeight": "Mid",
      "weight": 1.0,
      "chance": 1.0,
      "difficulty": 3
    },
    {
      "$type": "ThunderRoad.AnimationData+Clip, ThunderRoad",
      "address": "Bas.Animation.Attack.Sword1h.Stance2.StabLunge",
      "step": "Start",
      "animationSpeed": 1.0,
      "loopType": "NonSpecific",
      "moveDirection": "Forward",
      "range": 2.2,
      "attackType": "SingleStrike",
      "attackMotion": "RightThrust",
      "startAndEndTime": {
        "x": 0.2,
        "y": 0.566666663
      },
      "sourceSubStance": "ThrustingStance",
      "peakRangeTime": 0.483333319,
      "endSubStance": "RandomInc",
      "aimDirection": "Forward",
      "aimHeight": "Mid",
      "weight": 1.0,
      "chance": 1.0,
      "difficulty": 3
    },
    {
      "$type": "ThunderRoad.AnimationData+Clip, ThunderRoad",
      "address": "Bas.Animation.Attack.Sword1h.Stance3.TtLSwing",
      "step": "Start",
      "animationSpeed": 1.0,
      "loopType": "NonSpecific",
      "range": 1.1,
      "attackType": "SingleStrike",
      "attackMotion": "RightSwing",
      "startAndEndTime": {
        "x": 0.2,
        "y": 0.5
      },
      "sourceSubStance": "HighStance",
      "peakRangeTime": 0.333333343,
      "endSubStance": "SimpleStance",
      "aimDirection": "Left",
      "aimHeight": "Up",
      "weight": 1.0,
      "chance": 1.0,
      "difficulty": 1
    },
    {
      "$type": "ThunderRoad.AnimationData+Clip, ThunderRoad",
      "address": "Bas.Animation.Attack.Sword1h.Stance3.TtLSwingStep",
      "step": "Start",
      "animationSpeed": 1.0,
      "loopType": "NonSpecific",
      "moveDirection": "Forward",
      "range": 2.0,
      "attackType": "SingleStrike",
      "attackMotion": "RightSwing",
      "startAndEndTime": {
        "x": 0.333333343,
        "y": 1.08333337
      },
      "sourceSubStance": "HighStance",
      "peakRangeTime": 0.683333337,
      "endSubStance": "SimpleStance",
      "aimDirection": "Left",
      "aimHeight": "Up",
      "weight": 1.0,
      "chance": 1.0,
      "difficulty": 2
    },
    {
      "$type": "ThunderRoad.AnimationData+Clip, ThunderRoad",
      "address": "Bas.Animation.Attack.Sword1h.Stance3.TtLSwingLunge",
      "step": "Start",
      "animationSpeed": 1.0,
      "loopType": "NonSpecific",
      "moveDirection": "Forward",
      "range": 3.0,
      "attackType": "SingleStrike",
      "attackMotion": "RightSwing",
      "startAndEndTime": {
        "x": 0.516666651,
        "y": 1.05
      },
      "sourceSubStance": "HighStance",
      "peakRangeTime": 0.7,
      "endSubStance": "SimpleStance",
      "aimDirection": "Left",
      "aimHeight": "Up",
      "weight": 1.0,
      "chance": 1.0,
      "difficulty": 1
    },
    {
      "$type": "ThunderRoad.AnimationData+Clip, ThunderRoad",
      "address": "Bas.Animation.Attack.Sword1h.Stance3.TtRSwing",
      "step": "Start",
      "animationSpeed": 1.0,
      "loopType": "NonSpecific",
      "range": 1.1,
      "attackType": "SingleStrike",
      "attackMotion": "RightSwing",
      "startAndEndTime": {
        "x": 0.183333337,
        "y": 0.533333361
      },
      "sourceSubStance": "HighStance",
      "peakRangeTime": 0.35,
      "endSubStance": "SimpleStance",
      "aimDirection": "Right",
      "aimHeight": "Up",
      "weight": 1.0,
      "chance": 1.0,
      "difficulty": 1
    },
    {
      "$type": "ThunderRoad.AnimationData+Clip, ThunderRoad",
      "address": "Bas.Animation.Attack.Sword1h.Stance3.TtRSwingLunge",
      "step": "Start",
      "animationSpeed": 1.0,
      "loopType": "NonSpecific",
      "moveDirection": "Forward",
      "range": 3.0,
      "attackType": "SingleStrike",
      "attackMotion": "RightSwing",
      "startAndEndTime": {
        "x": 0.516666651,
        "y": 1.0
      },
      "sourceSubStance": "HighStance",
      "peakRangeTime": 0.75,
      "endSubStance": "SimpleStance",
      "aimDirection": "Right",
      "aimHeight": "Up",
      "weight": 1.0,
      "chance": 1.0,
      "difficulty": 1
    },
    {
      "$type": "ThunderRoad.AnimationData+Clip, ThunderRoad",
      "address": "Bas.Animation.Attack.Sword1h.Riposte.Right",
      "step": "End",
      "animationSpeed": 0.9,
      "loopType": "NonSpecific",
      "moveDirection": "Backward",
      "attackType": "Riposte",
      "attackMotion": "RightSwing",
      "startAndEndTime": {
        "x": 0.283333331,
        "y": 0.6333333
      },
      "sourceSubStance": "Any",
      "peakRangeTime": 0.383333325,
      "endSubStance": "Previous",
      "aimDirection": "Right",
      "aimHeight": "Mid",
      "weight": 1.0,
      "chance": 1.0,
      "difficulty": 0
    },
    {
      "$type": "ThunderRoad.AnimationData+Clip, ThunderRoad",
      "address": "Bas.Animation.Attack.Sword1h.Riposte.Left",
      "step": "End",
      "animationSpeed": 1.0,
      "loopType": "NonSpecific",
      "moveDirection": "Backward",
      "attackType": "Riposte",
      "attackMotion": "RightSwing",
      "startAndEndTime": {
        "x": 0.316666663,
        "y": 0.733333349
      },
      "sourceSubStance": "Any",
      "peakRangeTime": 0.433333337,
      "endSubStance": "Previous",
      "aimDirection": "Left",
      "aimHeight": "Mid",
      "weight": 1.0,
      "chance": 1.0,
      "difficulty": 0
    },
    {
      "$type": "ThunderRoad.AnimationData+Clip, ThunderRoad",
      "address": "Bas.Animation.Attack.Sword1h.Riposte.HighRight",
      "step": "End",
      "animationSpeed": 1.0,
      "loopType": "NonSpecific",
      "moveDirection": "Backward",
      "attackType": "Riposte",
      "attackMotion": "RightSwing",
      "startAndEndTime": {
        "x": 0.166666672,
        "y": 0.5833333
      },
      "sourceSubStance": "Any",
      "peakRangeTime": 0.333333343,
      "endSubStance": "Previous",
      "aimDirection": "Right",
      "aimHeight": "Up",
      "weight": 1.0,
      "chance": 1.0,
      "difficulty": 0
    },
    {
      "$type": "ThunderRoad.AnimationData+Clip, ThunderRoad",
      "address": "Bas.Animation.Attack.Sword1h.Riposte.HighLeft",
      "step": "End",
      "animationSpeed": 0.9,
      "loopType": "NonSpecific",
      "moveDirection": "Backward",
      "attackType": "Riposte",
      "attackMotion": "RightSwing",
      "startAndEndTime": {
        "x": 0.216666669,
        "y": 0.55
      },
      "sourceSubStance": "Any",
      "peakRangeTime": 0.35,
      "endSubStance": "Previous",
      "aimDirection": "Left",
      "aimHeight": "Up",
      "weight": 1.0,
      "chance": 1.0,
      "difficulty": 0
    },
    {
      "$type": "ThunderRoad.AnimationData+Clip, ThunderRoad",
      "address": "Bas.Animation.Attack.Sword1h.Riposte.LowRight",
      "step": "End",
      "animationSpeed": 0.9,
      "loopType": "NonSpecific",
      "moveDirection": "Backward",
      "attackType": "Riposte",
      "attackMotion": "RightSwing",
      "startAndEndTime": {
        "x": 0.4,
        "y": 0.9
      },
      "sourceSubStance": "Any",
      "peakRangeTime": 0.566666663,
      "endSubStance": "Previous",
      "aimDirection": "Right",
      "aimHeight": "Lower",
      "weight": 1.0,
      "chance": 1.0,
      "difficulty": 0
    },
    {
      "$type": "ThunderRoad.AnimationData+Clip, ThunderRoad",
      "address": "Bas.Animation.Attack.Sword1h.Riposte.LowLeft",
      "step": "End",
      "animationSpeed": 0.9,
      "loopType": "NonSpecific",
      "moveDirection": "Backward",
      "attackType": "Riposte",
      "attackMotion": "RightSwing",
      "startAndEndTime": {
        "x": 0.283333331,
        "y": 0.6166667
      },
      "sourceSubStance": "Any",
      "peakRangeTime": 0.45,
      "endSubStance": "Previous",
      "aimDirection": "Left",
      "aimHeight": "Lower",
      "weight": 1.0,
      "chance": 1.0,
      "difficulty": 0
    },
    {
      "$type": "ThunderRoad.AnimationData+Clip, ThunderRoad",
      "address": "Bas.Animation.Attack.Sword1h.Counter.RightSlash",
      "step": "End",
      "animationSpeed": 1.0,
      "loopType": "NonSpecific",
      "moveDirection": "Backward",
      "attackType": "ChainRiposte",
      "attackMotion": "RightSwing",
      "startAndEndTime": {
        "x": 0.6333333,
        "y": 1.0333333
      },
      "sourceSubStance": "Any",
      "peakRangeTime": 0.766666651,
      "endSubStance": "RandomExc",
      "aimDirection": "Left",
      "aimHeight": "Mid",
      "weight": 1.0,
      "chance": 1.0,
      "difficulty": 1
    },
    {
      "$type": "ThunderRoad.AnimationData+Clip, ThunderRoad",
      "address": "Bas.Animation.Attack.Sword1h.Counter.LeftSlash",
      "step": "End",
      "animationSpeed": 1.0,
      "loopType": "NonSpecific",
      "moveDirection": "Backward",
      "attackType": "ChainRiposte",
      "attackMotion": "RightSwing",
      "startAndEndTime": {
        "x": 0.416666657,
        "y": 0.8833333
      },
      "sourceSubStance": "Any",
      "peakRangeTime": 0.6,
      "endSubStance": "RandomExc",
      "aimDirection": "Right",
      "aimHeight": "Mid",
      "weight": 1.0,
      "chance": 1.0,
      "difficulty": 1
    },
    {
      "$type": "ThunderRoad.AnimationData+Clip, ThunderRoad",
      "address": "Bas.Animation.Attack.Sword1h.Counter.HighRight",
      "step": "End",
      "animationSpeed": 1.0,
      "loopType": "NonSpecific",
      "moveDirection": "Backward",
      "attackType": "ChainRiposte",
      "attackMotion": "RightSwing",
      "startAndEndTime": {
        "x": 0.5,
        "y": 1.0
      },
      "sourceSubStance": "Any",
      "peakRangeTime": 0.6666667,
      "endSubStance": "RandomExc",
      "aimDirection": "Left",
      "aimHeight": "Up",
      "weight": 1.0,
      "chance": 1.0,
      "difficulty": 2
    },
    {
      "$type": "ThunderRoad.AnimationData+Clip, ThunderRoad",
      "address": "Bas.Animation.Attack.Sword1h.Counter.HighLeft",
      "step": "End",
      "animationSpeed": 1.0,
      "loopType": "NonSpecific",
      "moveDirection": "Backward",
      "attackType": "ChainRiposte",
      "attackMotion": "RightSwing",
      "startAndEndTime": {
        "x": 0.416666657,
        "y": 0.75
      },
      "sourceSubStance": "Any",
      "peakRangeTime": 0.5833333,
      "endSubStance": "RandomExc",
      "aimDirection": "Right",
      "aimHeight": "Up",
      "weight": 1.0,
      "chance": 1.0,
      "difficulty": 2
    },
    {
      "$type": "ThunderRoad.AnimationData+Clip, ThunderRoad",
      "address": "Bas.Animation.Attack.Sword1h.Counter.Stab",
      "step": "End",
      "animationSpeed": 0.8,
      "loopType": "NonSpecific",
      "moveDirection": "Backward",
      "attackType": "ChainRiposte",
      "attackMotion": "RightSwing",
      "startAndEndTime": {
        "x": 0.6166667,
        "y": 1.0
      },
      "sourceSubStance": "ThrustingStance",
      "peakRangeTime": 0.9,
      "endSubStance": "RandomInc",
      "aimDirection": "Forward",
      "aimHeight": "Mid",
      "weight": 1.0,
      "chance": 1.0,
      "difficulty": 3
    },
    {
      "$type": "ThunderRoad.AnimationData+Clip, ThunderRoad",
      "address": "Bas.Animation.Parry.Sword1h.ThrustDeflect",
      "step": "End",
      "animationSpeed": 1.0,
      "loopType": "NonSpecific",
      "moveDirection": "Backward",
      "attackType": "SingleStrike",
      "attackMotion": "RightSwing",
      "startAndEndTime": {
        "x": 0.0,
        "y": 0.0
      },
      "sourceSubStance": "Any",
      "peakRangeTime": 0.0,
      "endSubStance": "Previous",
      "aimDirection": "Backward",
      "weight": 1.0,
      "chance": 1.0,
      "difficulty": 0
    }
  ],
  "groupPath": null
}