{
  "$type": "ThunderRoad.AnimationData, ThunderRoad",
  "id": "HumanMelee1hShieldOverhaul",
  "sensitiveContent": "None",
  "sensitiveFilterBehaviour": "Discard",
  "version": 0,
  "autoMinMaxRange": false,
  "minRange": 1.0,
  "maxRange": 1.6,
  "usesDifficulty": true,
  "useDeathCurve": true,
  "allowRootMotion": false,
  "animationClips": [
    {
      "$type": "ThunderRoad.AnimationData+Clip, ThunderRoad",
      "address": "Bas.Animation.Shield.Stance1",
      "step": "Loop",
      "animationSpeed": 1.0,
      "loopType": "IncludeSubStance",
      "subStanceName": "SimpleStance",
      "attackType": "None",
      "attackMotion": "RightSwing",
      "startAndEndTime": {
        "x": 0.0,
        "y": 0.0
      },
      "sourceSubStance": "Any",
      "peakRangeTime": 0.0,
      "endSubStance": "Previous",
      "weight": 1.0,
      "chance": 1.0,
      "difficulty": 1
    },
    {
      "$type": "ThunderRoad.AnimationData+Clip, ThunderRoad",
      "address": "Bas.Animation.Shield.Stance2",
      "step": "Loop",
      "animationSpeed": 1.0,
      "loopType": "IncludeSubStance",
      "subStanceName": "ThrustingStance",
      "attackType": "None",
      "attackMotion": "RightSwing",
      "startAndEndTime": {
        "x": 0.0,
        "y": 0.0
      },
      "sourceSubStance": "Any",
      "peakRangeTime": 0.0,
      "endSubStance": "Previous",
      "weight": 1.0,
      "chance": 1.0,
      "difficulty": 3
    },
    {
      "$type": "ThunderRoad.AnimationData+Clip, ThunderRoad",
      "address": "Bas.Animation.Shield.Stance3",
      "step": "Loop",
      "animationSpeed": 1.0,
      "loopType": "IncludeSubStance",
      "subStanceName": "HighStance",
      "attackType": "None",
      "attackMotion": "RightSwing",
      "startAndEndTime": {
        "x": 0.0,
        "y": 0.0
      },
      "sourceSubStance": "Any",
      "peakRangeTime": 0.0,
      "endSubStance": "Previous",
      "weight": 1.0,
      "chance": 1.0,
      "difficulty": 1
    },
    {
      "$type": "ThunderRoad.AnimationData+Clip, ThunderRoad",
      "address": "Bas.Animation.Attack.Shield.Stance1.LtRLight",
      "step": "Start",
      "animationSpeed": 1.0,
      "loopType": "NonSpecific",
      "range": 1.0,
      "attackType": "SingleStrike",
      "attackMotion": "RightSwing",
      "startAndEndTime": {
        "x": 0.333333343,
        "y": 0.766666651
      },
      "sourceSubStance": "SimpleStance",
      "peakRangeTime": 0.433333337,
      "endSubStance": "SimpleStance",
      "weight": 4.0,
      "chance": 1.0,
      "difficulty": 1
    },
    {
      "$type": "ThunderRoad.AnimationData+Clip, ThunderRoad",
      "address": "Bas.Animation.Attack.Shield.Stance1.RtLLight",
      "step": "Start",
      "animationSpeed": 1.0,
      "loopType": "NonSpecific",
      "range": 1.0,
      "attackType": "SingleStrike",
      "attackMotion": "RightSwing",
      "startAndEndTime": {
        "x": 0.266666681,
        "y": 0.7
      },
      "sourceSubStance": "SimpleStance",
      "peakRangeTime": 0.5,
      "endSubStance": "SimpleStance",
      "weight": 4.0,
      "chance": 1.0,
      "difficulty": 1
    },
    {
      "$type": "ThunderRoad.AnimationData+Clip, ThunderRoad",
      "address": "Bas.Animation.Attack.Shield.Stance1.LtR",
      "step": "Start",
      "animationSpeed": 1.0,
      "loopType": "NonSpecific",
      "range": 1.45,
      "attackType": "SingleStrike",
      "attackMotion": "RightSwing",
      "startAndEndTime": {
        "x": 0.266666681,
        "y": 0.8333333
      },
      "sourceSubStance": "SimpleStance",
      "peakRangeTime": 0.5,
      "endSubStance": "SimpleStance",
      "weight": 4.0,
      "chance": 1.0,
      "difficulty": 1
    },
    {
      "$type": "ThunderRoad.AnimationData+Clip, ThunderRoad",
      "address": "Bas.Animation.Attack.Shield.Stance1.RtL",
      "step": "Start",
      "animationSpeed": 1.0,
      "loopType": "NonSpecific",
      "range": 1.45,
      "attackType": "SingleStrike",
      "attackMotion": "RightSwing",
      "startAndEndTime": {
        "x": 0.366666675,
        "y": 0.8
      },
      "sourceSubStance": "SimpleStance",
      "peakRangeTime": 0.6333333,
      "endSubStance": "SimpleStance",
      "weight": 4.0,
      "chance": 1.0,
      "difficulty": 1
    },
    {
      "$type": "ThunderRoad.AnimationData+Clip, ThunderRoad",
      "address": "Bas.Animation.Attack.Shield.Stance2.StabLight",
      "step": "Start",
      "animationSpeed": 1.0,
      "loopType": "NonSpecific",
      "range": 1.05,
      "attackType": "SingleStrike",
      "attackMotion": "RightThrust",
      "startAndEndTime": {
        "x": 0.3,
        "y": 0.766666651
      },
      "sourceSubStance": "ThrustingStance",
      "peakRangeTime": 0.6666667,
      "endSubStance": "RandomInc",
      "weight": 4.0,
      "chance": 1.0,
      "difficulty": 3
    },
    {
      "$type": "ThunderRoad.AnimationData+Clip, ThunderRoad",
      "address": "Bas.Animation.Attack.Shield.Stance2.StabHeavy",
      "step": "Start",
      "animationSpeed": 1.0,
      "loopType": "NonSpecific",
      "range": 1.45,
      "attackType": "SingleStrike",
      "attackMotion": "RightThrust",
      "startAndEndTime": {
        "x": 0.3,
        "y": 0.7666667
      },
      "sourceSubStance": "ThrustingStance",
      "peakRangeTime": 0.6666667,
      "endSubStance": "RandomInc",
      "weight": 4.0,
      "chance": 1.0,
      "difficulty": 3
    },
    {
      "$type": "ThunderRoad.AnimationData+Clip, ThunderRoad",
      "address": "Bas.Animation.Attack.Shield.Stance3.LtRLight",
      "step": "Start",
      "animationSpeed": 1.0,
      "loopType": "NonSpecific",
      "range": 1.0,
      "attackType": "SingleStrike",
      "attackMotion": "RightSwing",
      "startAndEndTime": {
        "x": 0.266666681,
        "y": 0.6666667
      },
      "sourceSubStance": "HighStance",
      "peakRangeTime": 0.433333337,
      "endSubStance": "SimpleStance",
      "weight": 4.0,
      "chance": 1.0,
      "difficulty": 1
    },
    {
      "$type": "ThunderRoad.AnimationData+Clip, ThunderRoad",
      "address": "Bas.Animation.Attack.Shield.Stance3.RtLLight",
      "step": "Start",
      "animationSpeed": 1.0,
      "loopType": "NonSpecific",
      "range": 1.0,
      "attackType": "SingleStrike",
      "attackMotion": "RightSwing",
      "startAndEndTime": {
        "x": 0.366666675,
        "y": 0.733333349
      },
      "sourceSubStance": "HighStance",
      "peakRangeTime": 0.6333333,
      "endSubStance": "SimpleStance",
      "weight": 4.0,
      "chance": 1.0,
      "difficulty": 1
    },
    {
      "$type": "ThunderRoad.AnimationData+Clip, ThunderRoad",
      "address": "Bas.Animation.Attack.Shield.Stance3.LtR",
      "step": "Start",
      "animationSpeed": 1.0,
      "loopType": "NonSpecific",
      "range": 1.45,
      "attackType": "SingleStrike",
      "attackMotion": "RightSwing",
      "startAndEndTime": {
        "x": 0.4,
        "y": 0.8333333
      },
      "sourceSubStance": "HighStance",
      "peakRangeTime": 0.6333333,
      "endSubStance": "SimpleStance",
      "weight": 4.0,
      "chance": 1.0,
      "difficulty": 1
    },
    {
      "$type": "ThunderRoad.AnimationData+Clip, ThunderRoad",
      "address": "Bas.Animation.Attack.Shield.Stance3.RtL",
      "step": "Start",
      "animationSpeed": 1.0,
      "loopType": "NonSpecific",
      "range": 1.45,
      "attackType": "SingleStrike",
      "attackMotion": "RightSwing",
      "startAndEndTime": {
        "x": 0.5,
        "y": 0.9
      },
      "sourceSubStance": "HighStance",
      "peakRangeTime": 0.8,
      "endSubStance": "SimpleStance",
      "weight": 4.0,
      "chance": 1.0,
      "difficulty": 1
    },
    {
      "$type": "ThunderRoad.AnimationData+Clip, ThunderRoad",
      "address": "Bas.Animation.Attack.Shield.PushCharge",
      "step": "Start",
      "animationSpeed": 1.0,
      "loopType": "NonSpecific",
      "speed": 5.0,
      "range": 0.8,
      "attackType": "Push",
      "attackMotion": "LeftSwing",
      "startAndEndTime": {
        "x": 0.366666675,
        "y": 1.06666672
      },
      "sourceSubStance": "Any",
      "peakRangeTime": 0.75,
      "endSubStance": "RandomInc",
      "weight": 1.5,
      "chance": 1.0,
      "difficulty": 2
    },
    {
      "$type": "ThunderRoad.AnimationData+Clip, ThunderRoad",
      "address": "Bas.Animation.Attack.Shield.PushCharge",
      "step": "Start",
      "animationSpeed": 1.0,
      "loopType": "NonSpecific",
      "speed": 9.0,
      "range": 1.8,
      "attackType": "Push",
      "attackMotion": "LeftSwing",
      "startAndEndTime": {
        "x": 0.366666675,
        "y": 1.06666672
      },
      "sourceSubStance": "Any",
      "peakRangeTime": 0.75,
      "endSubStance": "RandomInc",
      "weight": 1.5,
      "chance": 0.5,
      "difficulty": 3
    },
    {
      "$type": "ThunderRoad.AnimationData+Clip, ThunderRoad",
      "address": "Bas.Animation.Attack.Shield.Riposte.Rgt",
      "step": "Start",
      "animationSpeed": 1.0,
      "loopType": "NonSpecific",
      "attackType": "Riposte",
      "attackMotion": "RightSwing",
      "startAndEndTime": {
        "x": 0.216666669,
        "y": 0.716666639
      },
      "sourceSubStance": "Any",
      "peakRangeTime": 0.383333325,
      "endSubStance": "Previous",
      "aimDirection": "Right",
      "aimHeight": "Mid",
      "weight": 1.0,
      "chance": 1.0,
      "difficulty": 1
    },
    {
      "$type": "ThunderRoad.AnimationData+Clip, ThunderRoad",
      "address": "Bas.Animation.Attack.Shield.Riposte.Lft",
      "step": "Start",
      "animationSpeed": 1.0,
      "loopType": "NonSpecific",
      "attackType": "Riposte",
      "attackMotion": "RightSwing",
      "startAndEndTime": {
        "x": 0.316666663,
        "y": 0.6666667
      },
      "sourceSubStance": "Any",
      "peakRangeTime": 0.433333337,
      "endSubStance": "Previous",
      "aimDirection": "Left",
      "aimHeight": "Mid",
      "weight": 1.0,
      "chance": 1.0,
      "difficulty": 1
    },
    {
      "$type": "ThunderRoad.AnimationData+Clip, ThunderRoad",
      "address": "Bas.Animation.Attack.Shield.Riposte.HighRgt",
      "step": "Start",
      "animationSpeed": 1.0,
      "loopType": "NonSpecific",
      "attackType": "Riposte",
      "attackMotion": "RightSwing",
      "startAndEndTime": {
        "x": 0.233333334,
        "y": 0.566666663
      },
      "sourceSubStance": "Any",
      "peakRangeTime": 0.4,
      "endSubStance": "Previous",
      "aimDirection": "Right",
      "aimHeight": "Up",
      "weight": 1.0,
      "chance": 1.0,
      "difficulty": 1
    },
    {
      "$type": "ThunderRoad.AnimationData+Clip, ThunderRoad",
      "address": "Bas.Animation.Attack.Shield.Riposte.HighLft",
      "step": "Start",
      "animationSpeed": 1.0,
      "loopType": "NonSpecific",
      "attackType": "Riposte",
      "attackMotion": "RightSwing",
      "startAndEndTime": {
        "x": 0.3,
        "y": 0.6
      },
      "sourceSubStance": "Any",
      "peakRangeTime": 0.45,
      "endSubStance": "Previous",
      "aimDirection": "Left",
      "aimHeight": "Up",
      "weight": 1.0,
      "chance": 1.0,
      "difficulty": 1
    },
    {
      "$type": "ThunderRoad.AnimationData+Clip, ThunderRoad",
      "address": "Bas.Animation.Attack.Shield.Riposte.LowRgt",
      "step": "Start",
      "animationSpeed": 1.0,
      "loopType": "NonSpecific",
      "attackType": "Riposte",
      "attackMotion": "RightSwing",
      "startAndEndTime": {
        "x": 0.13333334,
        "y": 0.6
      },
      "sourceSubStance": "Any",
      "peakRangeTime": 0.366666675,
      "endSubStance": "Previous",
      "aimDirection": "Right",
      "aimHeight": "Lower",
      "weight": 1.0,
      "chance": 1.0,
      "difficulty": 2
    },
    {
      "$type": "ThunderRoad.AnimationData+Clip, ThunderRoad",
      "address": "Bas.Animation.Attack.Shield.Riposte.LowLft",
      "step": "Start",
      "animationSpeed": 1.0,
      "loopType": "NonSpecific",
      "attackType": "Riposte",
      "attackMotion": "RightSwing",
      "startAndEndTime": {
        "x": 0.333333343,
        "y": 0.6666667
      },
      "sourceSubStance": "Any",
      "peakRangeTime": 0.5,
      "endSubStance": "Previous",
      "aimDirection": "Left",
      "aimHeight": "Lower",
      "weight": 1.0,
      "chance": 1.0,
      "difficulty": 2
    }
  ],
  "groupPath": null
}