{
  "$type": "ThunderRoad.AnimationData, ThunderRoad",
  "id": "HumanMeleeDualOverhaul",
  "sensitiveContent": "None",
  "sensitiveFilterBehaviour": "Discard",
  "version": 0,
  "autoMinMaxRange": true,
  "minRange": 1.15,
  "maxRange": 1.3,
  "usesDifficulty": true,
  "useDeathCurve": true,
  "allowRootMotion": false,
  "animationClips": [
    {
      "$type": "ThunderRoad.AnimationData+Clip, ThunderRoad",
      "address": "Bas.Animation.DualWield.Stance1",
      "step": "Loop",
      "animationSpeed": 1.0,
      "loopType": "IncludeSubStance",
      "subStanceName": "SimpleStance",
      "attackType": "None",
      "attackMotion": "RightSwing",
      "startAndEndTime": {
        "x": 0.0,
        "y": 0.0
      },
      "sourceSubStance": "Any",
      "peakRangeTime": 0.0,
      "endSubStance": "Previous",
      "weight": 1.0,
      "chance": 1.0,
      "difficulty": 1
    },
    {
      "$type": "ThunderRoad.AnimationData+Clip, ThunderRoad",
      "address": "Bas.Animation.DualWield.Stance2",
      "step": "Loop",
      "animationSpeed": 1.0,
      "loopType": "IncludeSubStance",
      "subStanceName": "ThrustingStance",
      "attackType": "None",
      "attackMotion": "RightSwing",
      "startAndEndTime": {
        "x": 0.0,
        "y": 0.0
      },
      "sourceSubStance": "Any",
      "peakRangeTime": 0.0,
      "endSubStance": "Previous",
      "weight": 1.0,
      "chance": 1.0,
      "difficulty": 1
    },
    {
      "$type": "ThunderRoad.AnimationData+Clip, ThunderRoad",
      "address": "Bas.Animation.DualWield.Stance3",
      "step": "Loop",
      "animationSpeed": 1.0,
      "loopType": "IncludeSubStance",
      "subStanceName": "HighStance",
      "attackType": "None",
      "attackMotion": "RightSwing",
      "startAndEndTime": {
        "x": 0.0,
        "y": 0.0
      },
      "sourceSubStance": "Any",
      "peakRangeTime": 0.0,
      "endSubStance": "Previous",
      "weight": 1.0,
      "chance": 1.0,
      "difficulty": 1
    },
    {
      "$type": "ThunderRoad.AnimationData+Clip, ThunderRoad",
      "address": "Bas.Animation.Attack.DualWield.MidLft",
      "step": "Start",
      "animationSpeed": 0.85,
      "loopType": "NonSpecific",
      "range": 1.15,
      "attackType": "SingleStrike",
      "attackMotion": "LeftSwing",
      "startAndEndTime": {
        "x": 0.45,
        "y": 0.816666663
      },
      "sourceSubStance": "Any",
      "peakRangeTime": 0.6333333,
      "endSubStance": "RandomInc",
      "aimDirection": "Left",
      "aimHeight": "Mid",
      "weight": 1.0,
      "chance": 1.0,
      "difficulty": 1
    },
    {
      "$type": "ThunderRoad.AnimationData+Clip, ThunderRoad",
      "address": "Bas.Animation.Attack.DualWield.MidRgt",
      "step": "Start",
      "animationSpeed": 0.85,
      "loopType": "NonSpecific",
      "range": 1.15,
      "attackType": "SingleStrike",
      "attackMotion": "RightSwing",
      "startAndEndTime": {
        "x": 0.45,
        "y": 0.9166667
      },
      "sourceSubStance": "Any",
      "peakRangeTime": 0.5833333,
      "endSubStance": "RandomInc",
      "aimDirection": "Right",
      "aimHeight": "Mid",
      "weight": 1.0,
      "chance": 1.0,
      "difficulty": 1
    },
    {
      "$type": "ThunderRoad.AnimationData+Clip, ThunderRoad",
      "address": "Bas.Animation.Attack.DualWield.LowLft",
      "step": "Start",
      "animationSpeed": 0.85,
      "loopType": "NonSpecific",
      "range": 1.15,
      "attackType": "SingleStrike",
      "attackMotion": "LeftSwing",
      "startAndEndTime": {
        "x": 0.416666657,
        "y": 0.8
      },
      "sourceSubStance": "SimpleStance",
      "peakRangeTime": 0.6333333,
      "endSubStance": "RandomInc",
      "aimDirection": "Left",
      "aimHeight": "Lower",
      "weight": 1.0,
      "chance": 1.0,
      "difficulty": 1
    },
    {
      "$type": "ThunderRoad.AnimationData+Clip, ThunderRoad",
      "address": "Bas.Animation.Attack.DualWield.LowRgt",
      "step": "Start",
      "animationSpeed": 0.85,
      "loopType": "NonSpecific",
      "range": 1.15,
      "attackType": "SingleStrike",
      "attackMotion": "RightSwing",
      "startAndEndTime": {
        "x": 0.416666657,
        "y": 0.8333333
      },
      "sourceSubStance": "SimpleStance",
      "peakRangeTime": 0.6166667,
      "endSubStance": "RandomInc",
      "aimDirection": "Right",
      "aimHeight": "Lower",
      "weight": 1.0,
      "chance": 1.0,
      "difficulty": 1
    },
    {
      "$type": "ThunderRoad.AnimationData+Clip, ThunderRoad",
      "address": "Bas.Animation.Attack.DualWield.StabLft",
      "step": "Start",
      "animationSpeed": 0.85,
      "loopType": "NonSpecific",
      "range": 1.3,
      "attackType": "SingleStrike",
      "attackMotion": "LeftThrust",
      "startAndEndTime": {
        "x": 0.366666675,
        "y": 0.8666667
      },
      "sourceSubStance": "ThrustingStance",
      "peakRangeTime": 0.7,
      "endSubStance": "RandomInc",
      "aimDirection": "Left",
      "aimHeight": "Mid",
      "weight": 1.0,
      "chance": 1.0,
      "difficulty": 2
    },
    {
      "$type": "ThunderRoad.AnimationData+Clip, ThunderRoad",
      "address": "Bas.Animation.Attack.DualWield.StabRgt",
      "step": "Start",
      "animationSpeed": 0.85,
      "loopType": "NonSpecific",
      "range": 1.3,
      "attackType": "SingleStrike",
      "attackMotion": "RightThrust",
      "startAndEndTime": {
        "x": 0.3,
        "y": 0.6666667
      },
      "sourceSubStance": "ThrustingStance",
      "peakRangeTime": 0.5,
      "endSubStance": "RandomInc",
      "aimDirection": "Right",
      "aimHeight": "Mid",
      "weight": 1.0,
      "chance": 1.0,
      "difficulty": 2
    },
    {
      "$type": "ThunderRoad.AnimationData+Clip, ThunderRoad",
      "address": "Bas.Animation.Attack.DualWield.HighLft",
      "step": "Start",
      "animationSpeed": 0.85,
      "loopType": "NonSpecific",
      "range": 1.25,
      "attackType": "SingleStrike",
      "attackMotion": "LeftSwing",
      "startAndEndTime": {
        "x": 0.416666657,
        "y": 0.8333333
      },
      "sourceSubStance": "HighStance",
      "peakRangeTime": 0.6333333,
      "endSubStance": "RandomInc",
      "aimDirection": "Left",
      "aimHeight": "Up",
      "weight": 1.0,
      "chance": 1.0,
      "difficulty": 1
    },
    {
      "$type": "ThunderRoad.AnimationData+Clip, ThunderRoad",
      "address": "Bas.Animation.Attack.DualWield.HighRgt",
      "step": "Start",
      "animationSpeed": 0.85,
      "loopType": "NonSpecific",
      "range": 1.25,
      "attackType": "SingleStrike",
      "attackMotion": "RightSwing",
      "startAndEndTime": {
        "x": 0.45,
        "y": 0.783333361
      },
      "sourceSubStance": "HighStance",
      "peakRangeTime": 0.6,
      "endSubStance": "RandomInc",
      "aimDirection": "Right",
      "aimHeight": "Up",
      "weight": 1.0,
      "chance": 1.0,
      "difficulty": 1
    },
    {
      "$type": "ThunderRoad.AnimationData+Clip, ThunderRoad",
      "address": "Bas.Animation.Attack.DualWield.Riposte.HighRgt",
      "step": "End",
      "animationSpeed": 0.85,
      "loopType": "NonSpecific",
      "moveDirection": "Backward",
      "attackType": "Riposte",
      "attackMotion": "RightSwing",
      "startAndEndTime": {
        "x": 0.166666672,
        "y": 0.95
      },
      "sourceSubStance": "Any",
      "peakRangeTime": 0.783333361,
      "endSubStance": "Previous",
      "aimDirection": "Right",
      "aimHeight": "Up",
      "weight": 1.0,
      "chance": 1.0,
      "difficulty": 0
    },
    {
      "$type": "ThunderRoad.AnimationData+Clip, ThunderRoad",
      "address": "Bas.Animation.Attack.DualWield.Riposte.HighLft",
      "step": "End",
      "animationSpeed": 0.85,
      "loopType": "NonSpecific",
      "moveDirection": "Backward",
      "attackType": "Riposte",
      "attackMotion": "RightSwing",
      "startAndEndTime": {
        "x": 0.25,
        "y": 0.8333333
      },
      "sourceSubStance": "Any",
      "peakRangeTime": 0.6666667,
      "endSubStance": "Previous",
      "aimDirection": "Left",
      "aimHeight": "Up",
      "weight": 1.0,
      "chance": 1.0,
      "difficulty": 0
    },
    {
      "$type": "ThunderRoad.AnimationData+Clip, ThunderRoad",
      "address": "Bas.Animation.Attack.DualWield.Riposte.Rgt",
      "step": "End",
      "animationSpeed": 0.85,
      "loopType": "NonSpecific",
      "moveDirection": "Backward",
      "attackType": "Riposte",
      "attackMotion": "RightSwing",
      "startAndEndTime": {
        "x": 0.283333331,
        "y": 1.33333337
      },
      "sourceSubStance": "Any",
      "peakRangeTime": 1.16666663,
      "endSubStance": "Previous",
      "aimDirection": "Right",
      "aimHeight": "Mid",
      "weight": 1.0,
      "chance": 1.0,
      "difficulty": 0
    },
    {
      "$type": "ThunderRoad.AnimationData+Clip, ThunderRoad",
      "address": "Bas.Animation.Attack.DualWield.Riposte.Lft",
      "step": "End",
      "animationSpeed": 0.85,
      "loopType": "NonSpecific",
      "moveDirection": "Backward",
      "attackType": "Riposte",
      "attackMotion": "RightSwing",
      "startAndEndTime": {
        "x": 0.3,
        "y": 0.8333333
      },
      "sourceSubStance": "Any",
      "peakRangeTime": 0.6666667,
      "endSubStance": "Previous",
      "aimDirection": "Left",
      "aimHeight": "Mid",
      "weight": 1.0,
      "chance": 1.0,
      "difficulty": 0
    },
    {
      "$type": "ThunderRoad.AnimationData+Clip, ThunderRoad",
      "address": "Bas.Animation.Attack.DualWield.Riposte.LowRgt",
      "step": "End",
      "animationSpeed": 0.85,
      "loopType": "NonSpecific",
      "moveDirection": "Backward",
      "attackType": "Riposte",
      "attackMotion": "RightSwing",
      "startAndEndTime": {
        "x": 0.25,
        "y": 1.33333337
      },
      "sourceSubStance": "Any",
      "peakRangeTime": 1.16666663,
      "endSubStance": "Previous",
      "aimDirection": "Right",
      "aimHeight": "Lower",
      "weight": 1.0,
      "chance": 1.0,
      "difficulty": 0
    },
    {
      "$type": "ThunderRoad.AnimationData+Clip, ThunderRoad",
      "address": "Bas.Animation.Attack.DualWield.Riposte.LowLft",
      "step": "End",
      "animationSpeed": 0.85,
      "loopType": "NonSpecific",
      "moveDirection": "Backward",
      "attackType": "Riposte",
      "attackMotion": "RightSwing",
      "startAndEndTime": {
        "x": 0.3,
        "y": 0.9166667
      },
      "sourceSubStance": "Any",
      "peakRangeTime": 0.6666667,
      "endSubStance": "Previous",
      "aimDirection": "Left",
      "aimHeight": "Lower",
      "weight": 1.0,
      "chance": 1.0,
      "difficulty": 0
    },
    {
      "$type": "ThunderRoad.AnimationData+Clip, ThunderRoad",
      "address": "Bas.Animation.Attack.DualWield.MidLft",
      "step": "End",
      "animationSpeed": 0.85,
      "loopType": "NonSpecific",
      "range": 1.15,
      "attackType": "ChainRiposte",
      "attackMotion": "LeftSwing",
      "startAndEndTime": {
        "x": 0.45,
        "y": 0.816666663
      },
      "sourceSubStance": "Any",
      "peakRangeTime": 0.6333333,
      "endSubStance": "RandomExc",
      "aimDirection": "Left",
      "aimHeight": "Mid",
      "weight": 1.0,
      "chance": 1.0,
      "difficulty": 1
    },
    {
      "$type": "ThunderRoad.AnimationData+Clip, ThunderRoad",
      "address": "Bas.Animation.Attack.DualWield.MidRgt",
      "step": "End",
      "animationSpeed": 0.85,
      "loopType": "NonSpecific",
      "range": 1.15,
      "attackType": "ChainRiposte",
      "attackMotion": "RightSwing",
      "startAndEndTime": {
        "x": 0.45,
        "y": 0.9166667
      },
      "sourceSubStance": "Any",
      "peakRangeTime": 0.5833333,
      "endSubStance": "RandomExc",
      "aimDirection": "Right",
      "aimHeight": "Mid",
      "weight": 1.0,
      "chance": 1.0,
      "difficulty": 1
    },
    {
      "$type": "ThunderRoad.AnimationData+Clip, ThunderRoad",
      "address": "Bas.Animation.Attack.DualWield.LowLft",
      "step": "End",
      "animationSpeed": 0.85,
      "loopType": "NonSpecific",
      "range": 1.15,
      "attackType": "ChainRiposte",
      "attackMotion": "LeftSwing",
      "startAndEndTime": {
        "x": 0.416666657,
        "y": 0.8
      },
      "sourceSubStance": "Any",
      "peakRangeTime": 0.6333333,
      "endSubStance": "RandomExc",
      "aimDirection": "Left",
      "aimHeight": "Lower",
      "weight": 1.0,
      "chance": 1.0,
      "difficulty": 2
    },
    {
      "$type": "ThunderRoad.AnimationData+Clip, ThunderRoad",
      "address": "Bas.Animation.Attack.DualWield.LowRgt",
      "step": "End",
      "animationSpeed": 0.85,
      "loopType": "NonSpecific",
      "range": 1.15,
      "attackType": "ChainRiposte",
      "attackMotion": "RightSwing",
      "startAndEndTime": {
        "x": 0.416666657,
        "y": 0.8333333
      },
      "sourceSubStance": "Any",
      "peakRangeTime": 0.6166667,
      "endSubStance": "RandomExc",
      "aimDirection": "Right",
      "aimHeight": "Lower",
      "weight": 1.0,
      "chance": 1.0,
      "difficulty": 2
    },
    {
      "$type": "ThunderRoad.AnimationData+Clip, ThunderRoad",
      "address": "Bas.Animation.Attack.DualWield.StabLft",
      "step": "End",
      "animationSpeed": 0.85,
      "loopType": "NonSpecific",
      "range": 1.3,
      "attackType": "ChainRiposte",
      "attackMotion": "LeftThrust",
      "startAndEndTime": {
        "x": 0.366666675,
        "y": 0.8666667
      },
      "sourceSubStance": "ThrustingStance",
      "peakRangeTime": 0.7,
      "endSubStance": "RandomInc",
      "aimDirection": "Left",
      "aimHeight": "Mid",
      "weight": 1.0,
      "chance": 1.0,
      "difficulty": 3
    },
    {
      "$type": "ThunderRoad.AnimationData+Clip, ThunderRoad",
      "address": "Bas.Animation.Attack.DualWield.StabRgt",
      "step": "End",
      "animationSpeed": 0.8,
      "loopType": "NonSpecific",
      "range": 1.3,
      "attackType": "ChainRiposte",
      "attackMotion": "RightThrust",
      "startAndEndTime": {
        "x": 0.3,
        "y": 0.6666667
      },
      "sourceSubStance": "ThrustingStance",
      "peakRangeTime": 0.5,
      "endSubStance": "RandomInc",
      "aimDirection": "Right",
      "aimHeight": "Mid",
      "weight": 1.0,
      "chance": 1.0,
      "difficulty": 3
    },
    {
      "$type": "ThunderRoad.AnimationData+Clip, ThunderRoad",
      "address": "Bas.Animation.Attack.DualWield.HighLft",
      "step": "End",
      "animationSpeed": 0.85,
      "loopType": "NonSpecific",
      "range": 1.25,
      "attackType": "ChainRiposte",
      "attackMotion": "LeftSwing",
      "startAndEndTime": {
        "x": 0.416666657,
        "y": 0.8333333
      },
      "sourceSubStance": "Any",
      "peakRangeTime": 0.6333333,
      "endSubStance": "RandomExc",
      "aimDirection": "Left",
      "aimHeight": "Up",
      "weight": 1.0,
      "chance": 1.0,
      "difficulty": 1
    },
    {
      "$type": "ThunderRoad.AnimationData+Clip, ThunderRoad",
      "address": "Bas.Animation.Attack.DualWield.HighRgt",
      "step": "End",
      "animationSpeed": 0.85,
      "loopType": "NonSpecific",
      "range": 1.25,
      "attackType": "ChainRiposte",
      "attackMotion": "RightSwing",
      "startAndEndTime": {
        "x": 0.45,
        "y": 0.783333361
      },
      "sourceSubStance": "Any",
      "peakRangeTime": 0.6,
      "endSubStance": "RandomExc",
      "aimDirection": "Right",
      "aimHeight": "Up",
      "weight": 1.0,
      "chance": 1.0,
      "difficulty": 1
    },
    {
      "$type": "ThunderRoad.AnimationData+Clip, ThunderRoad",
      "address": "Bas.Animation.Parry.DualWield.ThrustDeflect",
      "step": "End",
      "animationSpeed": 1.0,
      "loopType": "NonSpecific",
      "moveDirection": "Backward",
      "speed": 0.483333319,
      "attackType": "SingleStrike",
      "attackMotion": "RightSwing",
      "startAndEndTime": {
        "x": 0.0,
        "y": 0.0
      },
      "sourceSubStance": "Any",
      "peakRangeTime": 0.0,
      "endSubStance": "Previous",
      "aimDirection": "Backward",
      "aimHeight": "Mid",
      "weight": 1.0,
      "chance": 1.0,
      "difficulty": 0
    }
  ],
  "groupPath": null
}