{
  "$type": "ThunderRoad.AnimationData, ThunderRoad",
  "id": "HumanParryHit",
  "sensitiveContent": "None",
  "sensitiveFilterBehaviour": "Discard",
  "version": 0,
  "autoMinMaxRange": true,
  "minRange": 0.0,
  "maxRange": 0.0,
  "usesDifficulty": false,
  "useDeathCurve": true,
  "allowRootMotion": false,
  "animationClips": [
    {
      "$type": "ThunderRoad.AnimationData+Clip, ThunderRoad",
      "address": "Bas.Animation.Parry_L",
      "step": "Start",
      "animationSpeed": 0.85,
      "loopType": "NonSpecific",
      "moveDirection": "Backward",
      "attackType": "None",
      "attackMotion": "RightSwing",
      "startAndEndTime": {
        "x": 0.0,
        "y": 0.0
      },
      "sourceSubStance": "Any",
      "peakRangeTime": 0.0,
      "endSubStance": "Previous",
      "weight": 1.0,
      "chance": 1.0,
      "difficulty": 1
    },
    {
      "$type": "ThunderRoad.AnimationData+Clip, ThunderRoad",
      "address": "Bas.Animation.Parry_L2",
      "step": "Start",
      "animationSpeed": 0.85,
      "loopType": "NonSpecific",
      "moveDirection": "Backward",
      "attackType": "None",
      "attackMotion": "RightSwing",
      "startAndEndTime": {
        "x": 0.0,
        "y": 0.0
      },
      "sourceSubStance": "Any",
      "peakRangeTime": 0.0,
      "endSubStance": "Previous",
      "weight": 1.0,
      "chance": 1.0,
      "difficulty": 1
    },
    {
      "$type": "ThunderRoad.AnimationData+Clip, ThunderRoad",
      "address": "Bas.Animation.Parry_LowRight",
      "step": "Start",
      "animationSpeed": 0.85,
      "loopType": "NonSpecific",
      "moveDirection": "Backward",
      "attackType": "None",
      "attackMotion": "RightSwing",
      "startAndEndTime": {
        "x": 0.0,
        "y": 0.0
      },
      "sourceSubStance": "Any",
      "peakRangeTime": 0.0,
      "endSubStance": "Previous",
      "weight": 1.0,
      "chance": 1.0,
      "difficulty": 1
    },
    {
      "$type": "ThunderRoad.AnimationData+Clip, ThunderRoad",
      "address": "Bas.Animation.Parry_Mid",
      "step": "Start",
      "animationSpeed": 0.85,
      "loopType": "NonSpecific",
      "moveDirection": "Backward",
      "attackType": "None",
      "attackMotion": "RightSwing",
      "startAndEndTime": {
        "x": 0.0,
        "y": 0.0
      },
      "sourceSubStance": "Any",
      "peakRangeTime": 0.0,
      "endSubStance": "Previous",
      "weight": 1.0,
      "chance": 1.0,
      "difficulty": 1
    },
    {
      "$type": "ThunderRoad.AnimationData+Clip, ThunderRoad",
      "address": "Bas.Animation.Parry_Mid2",
      "step": "Start",
      "animationSpeed": 0.85,
      "loopType": "NonSpecific",
      "moveDirection": "Backward",
      "attackType": "None",
      "attackMotion": "RightSwing",
      "startAndEndTime": {
        "x": 0.0,
        "y": 0.0
      },
      "sourceSubStance": "Any",
      "peakRangeTime": 0.0,
      "endSubStance": "Previous",
      "weight": 1.0,
      "chance": 1.0,
      "difficulty": 1
    },
    {
      "$type": "ThunderRoad.AnimationData+Clip, ThunderRoad",
      "address": "Bas.Animation.Parry_R",
      "step": "Start",
      "animationSpeed": 0.85,
      "loopType": "NonSpecific",
      "moveDirection": "Backward",
      "attackType": "None",
      "attackMotion": "RightSwing",
      "startAndEndTime": {
        "x": 0.0,
        "y": 0.0
      },
      "sourceSubStance": "Any",
      "peakRangeTime": 0.0,
      "endSubStance": "Previous",
      "weight": 1.0,
      "chance": 1.0,
      "difficulty": 1
    },
    {
      "$type": "ThunderRoad.AnimationData+Clip, ThunderRoad",
      "address": "Bas.Animation.Parry_Rd",
      "step": "Start",
      "animationSpeed": 0.85,
      "loopType": "NonSpecific",
      "moveDirection": "Backward",
      "attackType": "None",
      "attackMotion": "RightSwing",
      "startAndEndTime": {
        "x": 0.0,
        "y": 0.0
      },
      "sourceSubStance": "Any",
      "peakRangeTime": 0.0,
      "endSubStance": "Previous",
      "weight": 1.0,
      "chance": 1.0,
      "difficulty": 1
    },
    {
      "$type": "ThunderRoad.AnimationData+Clip, ThunderRoad",
      "address": "Bas.Animation.Parry_T",
      "step": "Start",
      "animationSpeed": 0.85,
      "loopType": "NonSpecific",
      "moveDirection": "Backward",
      "attackType": "None",
      "attackMotion": "RightSwing",
      "startAndEndTime": {
        "x": 0.0,
        "y": 0.0
      },
      "sourceSubStance": "Any",
      "peakRangeTime": 0.0,
      "endSubStance": "Previous",
      "weight": 1.0,
      "chance": 1.0,
      "difficulty": 1
    }
  ],
  "groupPath": null
}