{
  "$type": "ThunderRoad.AnimationData, ThunderRoad",
  "id": "HumanThrowOverhand",
  "sensitiveContent": "None",
  "sensitiveFilterBehaviour": "Discard",
  "version": 0,
  "autoMinMaxRange": true,
  "minRange": 0.0,
  "maxRange": 0.0,
  "usesDifficulty": false,
  "useDeathCurve": true,
  "allowRootMotion": false,
  "animationClips": [
    {
      "$type": "ThunderRoad.AnimationData+Clip, ThunderRoad",
      "address": "Bas.Animation.Attack.ThrowOverhandLeftBack",
      "step": "Start",
      "animationSpeed": 1.3,
      "loopType": "NonSpecific",
      "moveDirection": "Backward",
      "attackType": "Ranged",
      "attackMotion": "LeftSwing",
      "startAndEndTime": {
        "x": 0.0,
        "y": 0.0
      },
      "sourceSubStance": "Any",
      "peakRangeTime": 0.82,
      "endSubStance": "Previous",
      "aimDirection": "Left",
      "aimHeight": "Up",
      "weight": 1.0,
      "chance": 1.0,
      "difficulty": 1
    },
    {
      "$type": "ThunderRoad.AnimationData+Clip, ThunderRoad",
      "address": "Bas.Animation.Attack.ThrowOverhandRightFront",
      "step": "Start",
      "animationSpeed": 1.3,
      "loopType": "NonSpecific",
      "moveDirection": "Forward",
      "attackType": "Ranged",
      "attackMotion": "RightSwing",
      "startAndEndTime": {
        "x": 0.0,
        "y": 0.0
      },
      "sourceSubStance": "Any",
      "peakRangeTime": 0.8,
      "endSubStance": "Previous",
      "aimDirection": "Right",
      "aimHeight": "Up",
      "weight": 1.0,
      "chance": 1.0,
      "difficulty": 1
    }
  ],
  "groupPath": null
}