{
  "$type": "ThunderRoad.AreaCollectionDungeon, ThunderRoad",
  "id": "DA_Downtown",
  "sensitiveContent": "None",
  "sensitiveFilterBehaviour": "Discard",
  "version": 0,
  "path": [
    {
      "$type": "ThunderRoad.AreaCollectionDungeon+PathGroup, ThunderRoad",
      "numberAreaMinToSpawn": 1,
      "numberAreaMaxToSpawn": 1,
      "creatureFillPercentage": 0.5,
      "lootFillPercentage": 0.0,
      "isSharedNPCAlert": true,
      "areaPoolIdContainer": [
        {
          "$type": "ThunderRoad.AreaCollectionDungeon+AreaTableIdContainer, ThunderRoad",
          "dataId": "DA_Start"
        }
      ]
    },
    {
      "$type": "ThunderRoad.AreaCollectionDungeon+PathGroup, ThunderRoad",
      "numberAreaMinToSpawn": 1,
      "numberAreaMaxToSpawn": 1,
      "creatureFillPercentage": 1.0,
      "lootFillPercentage": 1.0,
      "isSharedNPCAlert": true,
      "areaPoolIdContainer": [
        {
          "$type": "ThunderRoad.AreaCollectionDungeon+AreaTableIdContainer, ThunderRoad",
          "dataId": "DA_Downtown_Transi"
        }
      ]
    },
    {
      "$type": "ThunderRoad.AreaCollectionDungeon+PathGroup, ThunderRoad",
      "numberAreaMinToSpawn": 1,
      "numberAreaMaxToSpawn": 1,
      "creatureFillPercentage": 1.0,
      "lootFillPercentage": 1.0,
      "isSharedNPCAlert": true,
      "areaPoolIdContainer": [
        {
          "$type": "ThunderRoad.AreaCollectionDungeon+AreaTableIdContainer, ThunderRoad",
          "dataId": "DA_Downtown_Large"
        }
      ]
    },
    {
      "$type": "ThunderRoad.AreaCollectionDungeon+PathGroup, ThunderRoad",
      "numberAreaMinToSpawn": 1,
      "numberAreaMaxToSpawn": 1,
      "creatureFillPercentage": 1.0,
      "lootFillPercentage": 1.0,
      "isSharedNPCAlert": true,
      "areaPoolIdContainer": [
        {
          "$type": "ThunderRoad.AreaCollectionDungeon+AreaTableIdContainer, ThunderRoad",
          "dataId": "DA_Downtown_Transi"
        }
      ]
    },
    {
      "$type": "ThunderRoad.AreaCollectionDungeon+PathGroup, ThunderRoad",
      "numberAreaMinToSpawn": 1,
      "numberAreaMaxToSpawn": 1,
      "creatureFillPercentage": 1.0,
      "lootFillPercentage": 1.0,
      "isSharedNPCAlert": true,
      "areaPoolIdContainer": [
        {
          "$type": "ThunderRoad.AreaCollectionDungeon+AreaTableIdContainer, ThunderRoad",
          "dataId": "DA_End"
        }
      ]
    }
  ],
  "retry_previous_area_allowed": 10000,
  "bounds_margin": 0.1,
  "backupList": [
    {
      "$type": "ThunderRoad.AreaCollectionDungeon+BackupData, ThunderRoad",
      "areaDataBackupIdContainer": {
        "$type": "ThunderRoad.IAreaBlueprintGenerator+IAreaBlueprintGeneratorIdContainer, ThunderRoad",
        "dataId": "DungeonBackup_DA_Downtown_0",
        "category": "AreaCollection"
      },
      "maxCreature": 16.0
    }
  ],
  "groupPath": "DungeonRun/Dalgarian"
}