{
  "$type": "ThunderRoad.AreaCollectionDungeon, ThunderRoad",
  "id": "GL_Medium",
  "sensitiveContent": "None",
  "sensitiveFilterBehaviour": "Discard",
  "version": 0,
  "path": [
    {
      "$type": "ThunderRoad.AreaCollectionDungeon+PathGroup, ThunderRoad",
      "numberAreaMinToSpawn": 1,
      "numberAreaMaxToSpawn": 1,
      "creatureFillPercentage": 1.0,
      "lootFillPercentage": 1.0,
      "isSharedNPCAlert": true,
      "areaPoolIdContainer": [
        {
          "$type": "ThunderRoad.AreaCollectionDungeon+AreaTableIdContainer, ThunderRoad",
          "dataId": "GL_Start"
        }
      ]
    },
    {
      "$type": "ThunderRoad.AreaCollectionDungeon+PathGroup, ThunderRoad",
      "numberAreaMinToSpawn": 1,
      "numberAreaMaxToSpawn": 1,
      "creatureFillPercentage": 0.5,
      "lootFillPercentage": 1.0,
      "isSharedNPCAlert": true,
      "areaPoolIdContainer": [
        {
          "$type": "ThunderRoad.AreaCollectionDungeon+AreaTableIdContainer, ThunderRoad",
          "dataId": "GL_XSTransi"
        }
      ]
    },
    {
      "$type": "ThunderRoad.AreaCollectionDungeon+PathGroup, ThunderRoad",
      "numberAreaMinToSpawn": 1,
      "numberAreaMaxToSpawn": 1,
      "creatureFillPercentage": 1.0,
      "lootFillPercentage": 1.0,
      "isSharedNPCAlert": true,
      "areaPoolIdContainer": [
        {
          "$type": "ThunderRoad.AreaCollectionDungeon+AreaTableIdContainer, ThunderRoad",
          "dataId": "GL_Standard"
        }
      ]
    },
    {
      "$type": "ThunderRoad.AreaCollectionDungeon+PathGroup, ThunderRoad",
      "numberAreaMinToSpawn": 1,
      "numberAreaMaxToSpawn": 1,
      "creatureFillPercentage": 1.0,
      "lootFillPercentage": 1.0,
      "isSharedNPCAlert": true,
      "areaPoolIdContainer": [
        {
          "$type": "ThunderRoad.AreaCollectionDungeon+AreaTableIdContainer, ThunderRoad",
          "dataId": "GL_XSTransi"
        }
      ]
    },
    {
      "$type": "ThunderRoad.AreaCollectionDungeon+PathGroup, ThunderRoad",
      "numberAreaMinToSpawn": 1,
      "numberAreaMaxToSpawn": 1,
      "creatureFillPercentage": 0.0,
      "lootFillPercentage": 1.0,
      "isSharedNPCAlert": true,
      "areaPoolIdContainer": [
        {
          "$type": "ThunderRoad.AreaCollectionDungeon+AreaTableIdContainer, ThunderRoad",
          "dataId": "GL_TransiMedium"
        }
      ]
    },
    {
      "$type": "ThunderRoad.AreaCollectionDungeon+PathGroup, ThunderRoad",
      "numberAreaMinToSpawn": 1,
      "numberAreaMaxToSpawn": 1,
      "creatureFillPercentage": 1.0,
      "lootFillPercentage": 1.0,
      "isSharedNPCAlert": true,
      "areaPoolIdContainer": [
        {
          "$type": "ThunderRoad.AreaCollectionDungeon+AreaTableIdContainer, ThunderRoad",
          "dataId": "GL_XSTransi"
        }
      ]
    },
    {
      "$type": "ThunderRoad.AreaCollectionDungeon+PathGroup, ThunderRoad",
      "numberAreaMinToSpawn": 1,
      "numberAreaMaxToSpawn": 1,
      "creatureFillPercentage": 0.5,
      "lootFillPercentage": 1.0,
      "isSharedNPCAlert": true,
      "areaPoolIdContainer": [
        {
          "$type": "ThunderRoad.AreaCollectionDungeon+AreaTableIdContainer, ThunderRoad",
          "dataId": "GL_Arena"
        }
      ]
    },
    {
      "$type": "ThunderRoad.AreaCollectionDungeon+PathGroup, ThunderRoad",
      "numberAreaMinToSpawn": 1,
      "numberAreaMaxToSpawn": 1,
      "creatureFillPercentage": 0.0,
      "lootFillPercentage": 1.0,
      "isSharedNPCAlert": true,
      "areaPoolIdContainer": [
        {
          "$type": "ThunderRoad.AreaCollectionDungeon+AreaTableIdContainer, ThunderRoad",
          "dataId": "GL_XSTransi"
        }
      ]
    },
    {
      "$type": "ThunderRoad.AreaCollectionDungeon+PathGroup, ThunderRoad",
      "numberAreaMinToSpawn": 1,
      "numberAreaMaxToSpawn": 1,
      "creatureFillPercentage": 0.0,
      "lootFillPercentage": 1.0,
      "isSharedNPCAlert": true,
      "areaPoolIdContainer": [
        {
          "$type": "ThunderRoad.AreaCollectionDungeon+AreaTableIdContainer, ThunderRoad",
          "dataId": "GL_End"
        }
      ]
    }
  ],
  "retry_previous_area_allowed": 10000,
  "bounds_margin": 0.1,
  "backupList": [
    {
      "$type": "ThunderRoad.AreaCollectionDungeon+BackupData, ThunderRoad",
      "areaDataBackupIdContainer": {
        "$type": "ThunderRoad.IAreaBlueprintGenerator+IAreaBlueprintGeneratorIdContainer, ThunderRoad",
        "dataId": "DungeonBackup_GL_Medium_0",
        "category": "AreaCollection"
      },
      "maxCreature": 13.5
    }
  ],
  "groupPath": "DungeonRun/Outpost"
}