{
  "$type": "ThunderRoad.AreaCollectionDungeon, ThunderRoad",
  "id": "LightTest",
  "sensitiveContent": "None",
  "sensitiveFilterBehaviour": "Discard",
  "version": 0,
  "path": [
    {
      "$type": "ThunderRoad.AreaCollectionDungeon+PathGroup, ThunderRoad",
      "numberAreaMinToSpawn": 1,
      "numberAreaMaxToSpawn": 1,
      "creatureFillPercentage": 1.0,
      "lootFillPercentage": 1.0,
      "isSharedNPCAlert": true,
      "areaPoolIdContainer": [
        {
          "$type": "ThunderRoad.AreaCollectionDungeon+AreaTableIdContainer, ThunderRoad",
          "dataId": "LightingTest"
        }
      ]
    }
  ],
  "retry_previous_area_allowed": 1000,
  "bounds_margin": 0.1,
  "backupList": [
    {
      "$type": "ThunderRoad.AreaCollectionDungeon+BackupData, ThunderRoad",
      "areaDataBackupIdContainer": {
        "$type": "ThunderRoad.IAreaBlueprintGenerator+IAreaBlueprintGeneratorIdContainer, ThunderRoad",
        "dataId": "ShaderTestLayout",
        "category": "AreaCollection"
      },
      "maxCreature": 4.0
    }
  ],
  "groupPath": null
}