{
  "$type": "ThunderRoad.CreatureData, ThunderRoad",
  "id": "Shopkeeper",
  "sensitiveContent": "None",
  "sensitiveFilterBehaviour": "Discard",
  "version": 6,
  "pooledCount": 0,
  "androidPooledCount": 0,
  "name": "HumanMale",
  "type": "Human",
  "prefabAddress": "Bas.Creature.Shopkeeper",
  "animatorBundleAddress": "Bas.AnimController.Shopkeeper",
  "removeMeshWhenPooled": false,
  "gender": "Male",
  "allowStatus": true,
  "health": 100,
  "focus": 0.0,
  "focusRegen": 0.0,
  "baseXP": 20,
  "maxFocusPerSkill": 0.12,
  "focusRegenPerSkill": 0.0,
  "maxHealthPerSkill": 0.12,
  "physicsOffDamageMult": 0.75,
  "heatGainMultiplier": 1.0,
  "heatLossMultiplier": 1.0,
  "overlapRadius": 5.0,
  "overlapMinDelay": 0.5,
  "overlapMask": -1929369600,
  "containerID": "",
  "factionId": -1,
  "ethnicityId": "Eradian",
  "countTowardsMaxAlive": false,
  "hasMetal": false,
  "brainId": "ShopkeeperBrain",
  "avoidancePriority": 10,
  "focusReadyEffectId": null,
  "focusFullEffectId": null,
  "jumpEffectId": "Jump",
  "kickEffectId": "Kick",
  "playerFallDamageEffectId": "Fall",
  "voices": [
    "ShopkeeperVoice"
  ],
  "randomMinHeight": 1.74,
  "randomMaxHeight": 1.74,
  "adjustHeightToPlayer": false,
  "adjustHeightToPlayerDelta": 0.05,
  "possesionScaling": "ScalePlayer",
  "ethnicGroups": [],
  "hairColorsPrimaryShared": [],
  "hairColorsSecondaryShared": [],
  "hairColorsSpecularShared": [],
  "eyesColorsIrisShared": [],
  "eyesColorsScleraShared": [],
  "skinColorsShared": [],
  "ragdollData": {
    "$type": "ThunderRoad.CreatureData+RagdollData, ThunderRoad",
    "standingMass": 65.0,
    "handledMass": 80.0,
    "ragdolledMass": 227.5,
    "meshRaycast": true,
    "meshRaycastAdjustContactPoint": false,
    "destabilizedSpringRotationMultiplier": 0.5,
    "destabilizedDamperRotationMultiplier": 0.1,
    "destabilizedGroundSpringRotationMultiplier": 0.1,
    "fallAliveAnimationHeight": 0.5,
    "fallAliveDestabilizeHeight": 5.0,
    "groundStabilizationMaxVelocity": 1.0,
    "groundStabilizationMinDuration": 0.5,
    "gripMaxCloseWeight": 0.9,
    "gripEffectId": "GripAndGrab",
    "footItemId": "Foot",
    "footTrackedItemId": "FootTracked",
    "fingerSpeed": 5.0,
    "bodyDefaultDamagerID": "Ragdoll",
    "penetrationEffectId": "PenetrationBlood",
    "penetrationEffectRepeatDistance": 0.06,
    "parts": [
      {
        "$type": "ThunderRoad.CreatureData+PartData, ThunderRoad",
        "bodyPartTypes": "Head",
        "bodyDamagerID": "RagdollHead",
        "bodyAttackDamagerID": null,
        "sliceParentEffectid": "SliceFleshParent",
        "sliceChildEffectId": "SliceFleshChild",
        "damageMultiplier": 2.0,
        "penetrationPierceDeepDepth": 0.04,
        "penetrationPierceDeepDamageMultiplier": 4.0,
        "penetrationSlashDamageMultiplier": 2.0,
        "penetrationSkewerDamageMultiplier": 4.0,
        "penetrationDeepEffectId": "PenetrationDeepFlesh",
        "sliceForceKill": true,
        "sliceSeparationForce": 3.5,
        "sliceVelocityMultiplier": 0.5,
        "locomotionVelocityCorrection": 130.0
      },
      {
        "$type": "ThunderRoad.CreatureData+PartData, ThunderRoad",
        "bodyPartTypes": "Neck",
        "bodyDamagerID": "Ragdoll",
        "bodyAttackDamagerID": null,
        "sliceParentEffectid": "SliceFleshParent",
        "sliceChildEffectId": "SliceFleshChild",
        "damageMultiplier": 1.0,
        "penetrationPierceDeepDepth": 0.02,
        "penetrationPierceDeepDamageMultiplier": 4.0,
        "penetrationSlashDamageMultiplier": 10.0,
        "penetrationSkewerDamageMultiplier": 4.0,
        "penetrationDeepEffectId": "PenetrationDeepBleeding",
        "sliceForceKill": true,
        "sliceSeparationForce": 3.0,
        "sliceVelocityMultiplier": 0.5,
        "locomotionVelocityCorrection": 130.0
      },
      {
        "$type": "ThunderRoad.CreatureData+PartData, ThunderRoad",
        "bodyPartTypes": "Torso",
        "bodyDamagerID": "Ragdoll",
        "bodyAttackDamagerID": null,
        "sliceParentEffectid": "SliceFleshParent",
        "sliceChildEffectId": "SliceFleshChild",
        "damageMultiplier": 1.0,
        "penetrationPierceDeepDepth": 0.1,
        "penetrationPierceDeepDamageMultiplier": 2.0,
        "penetrationSlashDamageMultiplier": 1.0,
        "penetrationSkewerDamageMultiplier": 3.0,
        "penetrationDeepEffectId": "PenetrationDeepFlesh",
        "sliceForceKill": true,
        "sliceSeparationForce": 3.0,
        "sliceVelocityMultiplier": 0.5,
        "locomotionVelocityCorrection": 130.0
      },
      {
        "$type": "ThunderRoad.CreatureData+PartData, ThunderRoad",
        "bodyPartTypes": "LeftHand",
        "bodyDamagerID": "Ragdoll",
        "bodyAttackDamagerID": "Punch",
        "sliceParentEffectid": "SliceFleshParent",
        "sliceChildEffectId": "SliceFleshChild",
        "damageMultiplier": 0.25,
        "penetrationPierceDeepDepth": 0.04,
        "penetrationPierceDeepDamageMultiplier": 0.25,
        "penetrationSlashDamageMultiplier": 0.25,
        "penetrationSkewerDamageMultiplier": 0.25,
        "penetrationDeepEffectId": "PenetrationDeepFlesh",
        "sliceForceKill": true,
        "sliceSeparationForce": 3.0,
        "sliceVelocityMultiplier": 0.5,
        "locomotionVelocityCorrection": 130.0
      },
      {
        "$type": "ThunderRoad.CreatureData+PartData, ThunderRoad",
        "bodyPartTypes": "LeftArm, RightArm",
        "bodyDamagerID": "Ragdoll",
        "bodyAttackDamagerID": null,
        "sliceParentEffectid": "SliceFleshParent",
        "sliceChildEffectId": "SliceFleshChild",
        "damageMultiplier": 0.5,
        "penetrationPierceDeepDepth": 0.1,
        "penetrationPierceDeepDamageMultiplier": 0.5,
        "penetrationSlashDamageMultiplier": 0.5,
        "penetrationSkewerDamageMultiplier": 0.5,
        "penetrationDeepEffectId": "PenetrationDeepFlesh",
        "sliceForceKill": true,
        "sliceSeparationForce": 3.0,
        "sliceVelocityMultiplier": 0.5,
        "locomotionVelocityCorrection": 130.0
      },
      {
        "$type": "ThunderRoad.CreatureData+PartData, ThunderRoad",
        "bodyPartTypes": "LeftLeg, RightLeg",
        "bodyDamagerID": "Ragdoll",
        "bodyAttackDamagerID": null,
        "sliceParentEffectid": "SliceFleshParent",
        "sliceChildEffectId": "SliceFleshChild",
        "damageMultiplier": 0.5,
        "penetrationPierceDeepDepth": 0.1,
        "penetrationPierceDeepDamageMultiplier": 0.5,
        "penetrationSlashDamageMultiplier": 0.5,
        "penetrationSkewerDamageMultiplier": 0.5,
        "penetrationDeepEffectId": "PenetrationDeepFlesh",
        "sliceForceKill": true,
        "sliceSeparationForce": 3.0,
        "sliceVelocityMultiplier": 0.5,
        "locomotionVelocityCorrection": 130.0
      },
      {
        "$type": "ThunderRoad.CreatureData+PartData, ThunderRoad",
        "bodyPartTypes": "LeftFoot, RightFoot",
        "bodyDamagerID": "Ragdoll",
        "bodyAttackDamagerID": "Kick",
        "sliceParentEffectid": "SliceFleshParent",
        "sliceChildEffectId": "SliceFleshChild",
        "damageMultiplier": 0.25,
        "penetrationPierceDeepDepth": 0.1,
        "penetrationPierceDeepDamageMultiplier": 0.25,
        "penetrationSlashDamageMultiplier": 0.25,
        "penetrationSkewerDamageMultiplier": 0.25,
        "penetrationDeepEffectId": "PenetrationDeepFlesh",
        "sliceForceKill": true,
        "sliceSeparationForce": 3.0,
        "sliceVelocityMultiplier": 0.5,
        "locomotionVelocityCorrection": 130.0
      }
    ]
  },
  "expressionAttackId": "",
  "expressionPainId": "",
  "expressionDeathId": "",
  "expressionChokeId": "",
  "expressionAngryId": "",
  "eyeVerticalAngleClamps": {
    "x": -10.0,
    "y": 15.0
  },
  "eyeHorizontalAngleClamps": {
    "x": -20.0,
    "y": 20.0
  },
  "eyeClips": [
    {
      "$type": "ThunderRoad.CreatureData+EyeClip, ThunderRoad",
      "clipName": "Blink",
      "eyeTagFilter": "",
      "duration": 0.5,
      "minMaxDelayPerEye": {
        "x": 0.0,
        "y": 0.0
      },
      "openCurve": {
        "$type": "UnityEngine.AnimationCurve, UnityEngine.CoreModule",
        "keys": [
          {
            "$type": "UnityEngine.Keyframe, UnityEngine.CoreModule",
            "time": 0.0,
            "value": 1.0,
            "inTangent": 0.0,
            "outTangent": 0.0,
            "inWeight": 0.0,
            "outWeight": 0.8333164,
            "weightedMode": "None",
            "tangentMode": 0
          },
          {
            "$type": "UnityEngine.Keyframe, UnityEngine.CoreModule",
            "time": 0.3416748,
            "value": 0.0,
            "inTangent": 0.0,
            "outTangent": 0.0,
            "inWeight": 1.0,
            "outWeight": 1.0,
            "weightedMode": "None",
            "tangentMode": 0
          },
          {
            "$type": "UnityEngine.Keyframe, UnityEngine.CoreModule",
            "time": 0.610803246,
            "value": 0.5033,
            "inTangent": 2.26358,
            "outTangent": 2.26358,
            "inWeight": 0.109121464,
            "outWeight": 0.261299,
            "weightedMode": "None",
            "tangentMode": 0
          },
          {
            "$type": "UnityEngine.Keyframe, UnityEngine.CoreModule",
            "time": 1.0,
            "value": 1.0,
            "inTangent": 0.2497149,
            "outTangent": 0.2497149,
            "inWeight": 0.7691764,
            "outWeight": 0.0,
            "weightedMode": "None",
            "tangentMode": 0
          }
        ],
        "length": 4,
        "preWrapMode": "ClampForever",
        "postWrapMode": "ClampForever"
      },
      "playAutomaticallyWhileAlive": true,
      "minMaxBetweenPlays": {
        "x": 2.5,
        "y": 5.0
      }
    },
    {
      "$type": "ThunderRoad.CreatureData+EyeClip, ThunderRoad",
      "clipName": "Hurt",
      "eyeTagFilter": "",
      "duration": 0.75,
      "minMaxDelayPerEye": {
        "x": 0.0,
        "y": 0.0
      },
      "openCurve": {
        "$type": "UnityEngine.AnimationCurve, UnityEngine.CoreModule",
        "keys": [
          {
            "$type": "UnityEngine.Keyframe, UnityEngine.CoreModule",
            "time": 0.0,
            "value": 1.0,
            "inTangent": 0.0,
            "outTangent": 0.0,
            "inWeight": 0.0,
            "outWeight": 0.8333164,
            "weightedMode": "None",
            "tangentMode": 0
          },
          {
            "$type": "UnityEngine.Keyframe, UnityEngine.CoreModule",
            "time": 0.330856323,
            "value": 0.1890564,
            "inTangent": -0.307760626,
            "outTangent": -0.307760626,
            "inWeight": 1.0,
            "outWeight": 0.500143349,
            "weightedMode": "None",
            "tangentMode": 0
          },
          {
            "$type": "UnityEngine.Keyframe, UnityEngine.CoreModule",
            "time": 0.505132735,
            "value": 0.1994219,
            "inTangent": 0.4271316,
            "outTangent": 0.4271316,
            "inWeight": 0.333333343,
            "outWeight": 0.5165443,
            "weightedMode": "None",
            "tangentMode": 0
          },
          {
            "$type": "UnityEngine.Keyframe, UnityEngine.CoreModule",
            "time": 0.691888452,
            "value": 0.599994957,
            "inTangent": 2.26358,
            "outTangent": 2.26358,
            "inWeight": 0.109121464,
            "outWeight": 0.261299,
            "weightedMode": "None",
            "tangentMode": 0
          },
          {
            "$type": "UnityEngine.Keyframe, UnityEngine.CoreModule",
            "time": 1.0,
            "value": 1.0,
            "inTangent": 0.2497149,
            "outTangent": 0.2497149,
            "inWeight": 0.7691764,
            "outWeight": 0.0,
            "weightedMode": "None",
            "tangentMode": 0
          }
        ],
        "length": 5,
        "preWrapMode": "ClampForever",
        "postWrapMode": "ClampForever"
      },
      "playAutomaticallyWhileAlive": false,
      "minMaxBetweenPlays": {
        "x": 0.0,
        "y": 0.0
      }
    },
    {
      "$type": "ThunderRoad.CreatureData+EyeClip, ThunderRoad",
      "clipName": "DeathSad",
      "eyeTagFilter": "",
      "duration": 3.0,
      "minMaxDelayPerEye": {
        "x": 0.0,
        "y": 0.0
      },
      "openCurve": {
        "$type": "UnityEngine.AnimationCurve, UnityEngine.CoreModule",
        "keys": [
          {
            "$type": "UnityEngine.Keyframe, UnityEngine.CoreModule",
            "time": 0.0,
            "value": 1.0,
            "inTangent": 0.0,
            "outTangent": 0.0,
            "inWeight": 0.0,
            "outWeight": 0.0,
            "weightedMode": "None",
            "tangentMode": 0
          },
          {
            "$type": "UnityEngine.Keyframe, UnityEngine.CoreModule",
            "time": 0.119832486,
            "value": 0.403291225,
            "inTangent": -2.9529686,
            "outTangent": -2.9529686,
            "inWeight": 0.208598554,
            "outWeight": 0.205128387,
            "weightedMode": "None",
            "tangentMode": 0
          },
          {
            "$type": "UnityEngine.Keyframe, UnityEngine.CoreModule",
            "time": 0.544475734,
            "value": 0.499212265,
            "inTangent": -2.6194663,
            "outTangent": -2.6194663,
            "inWeight": 0.333333343,
            "outWeight": 0.109812558,
            "weightedMode": "None",
            "tangentMode": 0
          },
          {
            "$type": "UnityEngine.Keyframe, UnityEngine.CoreModule",
            "time": 1.0,
            "value": 0.0,
            "inTangent": 0.0,
            "outTangent": 0.0,
            "inWeight": 0.0,
            "outWeight": 0.0,
            "weightedMode": "None",
            "tangentMode": 0
          }
        ],
        "length": 4,
        "preWrapMode": "ClampForever",
        "postWrapMode": "ClampForever"
      },
      "playAutomaticallyWhileAlive": false,
      "minMaxBetweenPlays": {
        "x": 0.0,
        "y": 0.0
      }
    },
    {
      "$type": "ThunderRoad.CreatureData+EyeClip, ThunderRoad",
      "clipName": "WinkRight",
      "eyeTagFilter": "Right",
      "duration": 0.5,
      "minMaxDelayPerEye": {
        "x": 0.0,
        "y": 0.0
      },
      "openCurve": {
        "$type": "UnityEngine.AnimationCurve, UnityEngine.CoreModule",
        "keys": [
          {
            "$type": "UnityEngine.Keyframe, UnityEngine.CoreModule",
            "time": 0.0,
            "value": 1.0,
            "inTangent": 0.0,
            "outTangent": 0.0,
            "inWeight": 0.0,
            "outWeight": 0.8333164,
            "weightedMode": "None",
            "tangentMode": 0
          },
          {
            "$type": "UnityEngine.Keyframe, UnityEngine.CoreModule",
            "time": 0.3416748,
            "value": 0.0,
            "inTangent": 0.0,
            "outTangent": 0.0,
            "inWeight": 1.0,
            "outWeight": 1.0,
            "weightedMode": "None",
            "tangentMode": 0
          },
          {
            "$type": "UnityEngine.Keyframe, UnityEngine.CoreModule",
            "time": 0.610803246,
            "value": 0.5033,
            "inTangent": 2.26358,
            "outTangent": 2.26358,
            "inWeight": 0.109121464,
            "outWeight": 0.261299,
            "weightedMode": "None",
            "tangentMode": 0
          },
          {
            "$type": "UnityEngine.Keyframe, UnityEngine.CoreModule",
            "time": 1.0,
            "value": 1.0,
            "inTangent": 0.2497149,
            "outTangent": 0.2497149,
            "inWeight": 0.7691764,
            "outWeight": 0.0,
            "weightedMode": "None",
            "tangentMode": 0
          }
        ],
        "length": 4,
        "preWrapMode": "ClampForever",
        "postWrapMode": "ClampForever"
      },
      "playAutomaticallyWhileAlive": false,
      "minMaxBetweenPlays": {
        "x": 0.0,
        "y": 0.0
      }
    },
    {
      "$type": "ThunderRoad.CreatureData+EyeClip, ThunderRoad",
      "clipName": "WinkLeft",
      "eyeTagFilter": "Left",
      "duration": 0.5,
      "minMaxDelayPerEye": {
        "x": 0.0,
        "y": 0.0
      },
      "openCurve": {
        "$type": "UnityEngine.AnimationCurve, UnityEngine.CoreModule",
        "keys": [
          {
            "$type": "UnityEngine.Keyframe, UnityEngine.CoreModule",
            "time": 0.0,
            "value": 1.0,
            "inTangent": 0.0,
            "outTangent": 0.0,
            "inWeight": 0.0,
            "outWeight": 0.8333164,
            "weightedMode": "None",
            "tangentMode": 0
          },
          {
            "$type": "UnityEngine.Keyframe, UnityEngine.CoreModule",
            "time": 0.3416748,
            "value": 0.0,
            "inTangent": 0.0,
            "outTangent": 0.0,
            "inWeight": 1.0,
            "outWeight": 1.0,
            "weightedMode": "None",
            "tangentMode": 0
          },
          {
            "$type": "UnityEngine.Keyframe, UnityEngine.CoreModule",
            "time": 0.610803246,
            "value": 0.5033,
            "inTangent": 2.26358,
            "outTangent": 2.26358,
            "inWeight": 0.109121464,
            "outWeight": 0.261299,
            "weightedMode": "None",
            "tangentMode": 0
          },
          {
            "$type": "UnityEngine.Keyframe, UnityEngine.CoreModule",
            "time": 1.0,
            "value": 1.0,
            "inTangent": 0.2497149,
            "outTangent": 0.2497149,
            "inWeight": 0.7691764,
            "outWeight": 0.0,
            "weightedMode": "None",
            "tangentMode": 0
          }
        ],
        "length": 4,
        "preWrapMode": "ClampForever",
        "postWrapMode": "ClampForever"
      },
      "playAutomaticallyWhileAlive": false,
      "minMaxBetweenPlays": {
        "x": 0.0,
        "y": 0.0
      }
    }
  ],
  "forceMaxPosition": 3000.0,
  "forceMaxRotation": 300.0,
  "forcePositionSpringDamper": {
    "x": 5000.0,
    "y": 100.0
  },
  "forceRotationSpringDamper": {
    "x": 1000.0,
    "y": 50.0
  },
  "forcePositionSpringDamper2HMult": {
    "x": 2.0,
    "y": 1.0
  },
  "forceSpringDamper2HNoDomMult": {
    "x": 2.0,
    "y": 1.5
  },
  "forceRotationSpringDamper2HMult": {
    "x": 2.0,
    "y": 2.0
  },
  "climbingForceMaxPosition": 3000.0,
  "climbingForceMaxRotation": 100.0,
  "climbingForcePositionSpringDamperMult": {
    "x": 1.0,
    "y": 3.0
  },
  "gripForceMaxPosition": 3000.0,
  "gripForceMaxRotation": 100.0,
  "gripForcePositionSpringDamperMult": {
    "x": 1.0,
    "y": 1.0
  },
  "gripForceRotationSpringDamperMult": {
    "x": 0.5,
    "y": 1.0
  },
  "overrideGroundMask": false,
  "groundMask": 0,
  "destabilizeOnFall": true,
  "locomotionMass": 70.0,
  "locomotionForwardSpeed": 0.16,
  "locomotionBackwardSpeed": 0.16,
  "locomotionStrafeSpeed": 0.16,
  "locomotionRunSpeedAdd": 0.07,
  "locomotionCrouchSpeed": 0.1,
  "locomotionAirSpeed": 0.04,
  "locomotionJumpForce": 0.3,
  "locomotionJumpClimbVerticalMultiplier": 1.0,
  "locomotionJumpClimbHorizontalMultiplier": 0.4,
  "jumpClimbVerticalMaxVelocityRatio": 20.0,
  "locomotionJumpMaxDuration": 0.6,
  "locomotionGroundDrag": 3.0,
  "locomotionFlyDrag": 0.3,
  "playerFallDamageCurve": {
    "$type": "UnityEngine.AnimationCurve, UnityEngine.CoreModule",
    "keys": [
      {
        "$type": "UnityEngine.Keyframe, UnityEngine.CoreModule",
        "time": 12.0,
        "value": 0.0,
        "inTangent": 0.0,
        "outTangent": 25.0,
        "inWeight": 0.0,
        "outWeight": 0.0,
        "weightedMode": "None",
        "tangentMode": 0
      },
      {
        "$type": "UnityEngine.Keyframe, UnityEngine.CoreModule",
        "time": 20.0,
        "value": 200.0,
        "inTangent": 25.0,
        "outTangent": 0.0,
        "inWeight": 0.0,
        "outWeight": 0.0,
        "weightedMode": "None",
        "tangentMode": 0
      }
    ],
    "length": 2,
    "preWrapMode": "ClampForever",
    "postWrapMode": "ClampForever"
  },
  "playerHortizontalFallDamageCurve": {
    "$type": "UnityEngine.AnimationCurve, UnityEngine.CoreModule",
    "keys": [
      {
        "$type": "UnityEngine.Keyframe, UnityEngine.CoreModule",
        "time": 0.0,
        "value": 0.0,
        "inTangent": 0.0,
        "outTangent": 0.0,
        "inWeight": 0.0,
        "outWeight": 0.0,
        "weightedMode": "None",
        "tangentMode": 0
      }
    ],
    "length": 1,
    "preWrapMode": "ClampForever",
    "postWrapMode": "ClampForever"
  },
  "gripRecoverTime": 0.5,
  "waterLocomotionDragMultiplierCurve": {
    "$type": "UnityEngine.AnimationCurve, UnityEngine.CoreModule",
    "keys": [
      {
        "$type": "UnityEngine.Keyframe, UnityEngine.CoreModule",
        "time": 0.0,
        "value": 1.0,
        "inTangent": 0.0,
        "outTangent": 0.0,
        "inWeight": 0.0,
        "outWeight": 0.333333343,
        "weightedMode": "None",
        "tangentMode": 0
      },
      {
        "$type": "UnityEngine.Keyframe, UnityEngine.CoreModule",
        "time": 1.0,
        "value": 12.0,
        "inTangent": 27.4242725,
        "outTangent": 27.4242725,
        "inWeight": 0.0388457775,
        "outWeight": 0.0,
        "weightedMode": "None",
        "tangentMode": 0
      }
    ],
    "length": 2,
    "preWrapMode": "ClampForever",
    "postWrapMode": "ClampForever"
  },
  "waterHandSpringMultiplierCurve": {
    "$type": "UnityEngine.AnimationCurve, UnityEngine.CoreModule",
    "keys": [
      {
        "$type": "UnityEngine.Keyframe, UnityEngine.CoreModule",
        "time": 0.0,
        "value": 0.35,
        "inTangent": 0.0,
        "outTangent": 0.0,
        "inWeight": 0.0,
        "outWeight": 0.0,
        "weightedMode": "None",
        "tangentMode": 0
      },
      {
        "$type": "UnityEngine.Keyframe, UnityEngine.CoreModule",
        "time": 1.0,
        "value": 0.15,
        "inTangent": 0.0,
        "outTangent": 0.0,
        "inWeight": 0.0,
        "outWeight": 0.0,
        "weightedMode": "None",
        "tangentMode": 0
      }
    ],
    "length": 2,
    "preWrapMode": "ClampForever",
    "postWrapMode": "ClampForever"
  },
  "waterHandLocomotionVelocityCorrectionMultiplier": 0.5,
  "waterJumpForceMutiplierCurve": {
    "$type": "UnityEngine.AnimationCurve, UnityEngine.CoreModule",
    "keys": [
      {
        "$type": "UnityEngine.Keyframe, UnityEngine.CoreModule",
        "time": 0.0,
        "value": 1.0,
        "inTangent": 0.0,
        "outTangent": 0.0,
        "inWeight": 0.0,
        "outWeight": 0.0,
        "weightedMode": "None",
        "tangentMode": 0
      },
      {
        "$type": "UnityEngine.Keyframe, UnityEngine.CoreModule",
        "time": 1.0,
        "value": 0.5,
        "inTangent": 0.0,
        "outTangent": 0.0,
        "inWeight": 0.0,
        "outWeight": 0.0,
        "weightedMode": "None",
        "tangentMode": 0
      }
    ],
    "length": 2,
    "preWrapMode": "ClampForever",
    "postWrapMode": "ClampForever"
  },
  "waterSwimUpForce": 10.0,
  "waterHandMovementForce": 10.0,
  "waterHandMovementMaxMagnitude": 10.0,
  "waterHandMovementForceCurve": {
    "$type": "UnityEngine.AnimationCurve, UnityEngine.CoreModule",
    "keys": [
      {
        "$type": "UnityEngine.Keyframe, UnityEngine.CoreModule",
        "time": 0.0,
        "value": 0.0,
        "inTangent": 0.0,
        "outTangent": 0.0,
        "inWeight": 0.0,
        "outWeight": 0.0,
        "weightedMode": "None",
        "tangentMode": 0
      },
      {
        "$type": "UnityEngine.Keyframe, UnityEngine.CoreModule",
        "time": 1.0,
        "value": 1.0,
        "inTangent": 0.0,
        "outTangent": 0.0,
        "inWeight": 0.0,
        "outWeight": 0.0,
        "weightedMode": "None",
        "tangentMode": 0
      }
    ],
    "length": 2,
    "preWrapMode": "ClampForever",
    "postWrapMode": "ClampForever"
  },
  "waterMaxPlayerVelocityMagnitude": 3.0,
  "waterDrowningStartTime": 30.0,
  "waterDrowningWarningRatio": 0.7,
  "waterDrowningDamage": 20.0,
  "waterDrowningDamageInterval": 4.0,
  "drownEffectId": "HumanDrown",
  "entityModules": [],
  "groupPath": null,
  "MaxHealthLabel": "Max Health Mult. per Skill (max 136)"
}