{
  "$type": "ThunderRoad.CreatureData, ThunderRoad",
  "id": "PlayerDefaultMale",
  "sensitiveContent": "None",
  "sensitiveFilterBehaviour": "Discard",
  "version": 6,
  "pooledCount": 0,
  "androidPooledCount": 0,
  "name": "HumanMale",
  "type": "Human",
  "prefabAddress": "Bas.Creature.HumanMale",
  "animatorBundleAddress": "Animation.Controller.Human",
  "removeMeshWhenPooled": false,
  "gender": "Male",
  "allowStatus": true,
  "health": 100,
  "focus": 30.0,
  "focusRegen": 3.0,
  "baseXP": 0,
  "maxFocusPerSkill": 0.48,
  "focusRegenPerSkill": 0.0,
  "maxHealthPerSkill": 0.1666667,
  "physicsOffDamageMult": 0.25,
  "heatGainMultiplier": 1.0,
  "heatLossMultiplier": 1.0,
  "overlapRadius": 5.0,
  "overlapMinDelay": 0.5,
  "overlapMask": -1929369600,
  "containerID": "SandboxDefault",
  "factionId": 2,
  "ethnicityId": "Eradian",
  "countTowardsMaxAlive": true,
  "hasMetal": false,
  "brainId": "Player",
  "avoidancePriority": 10,
  "focusReadyEffectId": "FocusReady",
  "focusFullEffectId": "FocusFull",
  "jumpEffectId": "Jump",
  "kickEffectId": "Kick",
  "playerFallDamageEffectId": "Fall",
  "voices": [
    "HumanMale1"
  ],
  "randomMinHeight": 1.75,
  "randomMaxHeight": 1.75,
  "adjustHeightToPlayer": false,
  "adjustHeightToPlayerDelta": 0.05,
  "possesionScaling": "ScaleCreature",
  "ethnicGroups": [
    {
      "$type": "ThunderRoad.CreatureData+EthnicGroup, ThunderRoad",
      "id": "Eradian",
      "loreTextId": "EradianFlavorText",
      "bodyMaterialAddressLod0": "Bas.Creature.Material.Body.Male.Eradian.LOD0",
      "bodyMaterialAddressLod1": "Bas.Creature.Material.Body.Male.Eradian.LOD1",
      "handsMaterialAddressLod0": "Bas.Creature.Material.Hands.Male.Eradian.LOD0",
      "handsMaterialAddressLod1": "Bas.Creature.Material.Hands.Male.Eradian.LOD1",
      "allowedHeadsIDs": [
        "Head_00"
      ],
      "hairColorsPrimary": [],
      "hairColorsSecondary": [],
      "hairColorsSpecular": [],
      "eyesColorsIris": [],
      "eyesColorsSclera": [],
      "skinColors": [
        {
          "r": 0.7764706,
          "g": 0.698039234,
          "b": 0.6627451,
          "a": 1.0
        },
        {
          "r": 0.796078444,
          "g": 0.6862745,
          "b": 0.6392157,
          "a": 1.0
        },
        {
          "r": 0.8901961,
          "g": 0.819607854,
          "b": 0.733333349,
          "a": 1.0
        },
        {
          "r": 0.8980392,
          "g": 0.8,
          "b": 0.7411765,
          "a": 1.0
        },
        {
          "r": 0.9647059,
          "g": 0.8980392,
          "b": 0.8666667,
          "a": 1.0
        },
        {
          "r": 1.0,
          "g": 1.0,
          "b": 1.0,
          "a": 1.0
        }
      ]
    },
    {
      "$type": "ThunderRoad.CreatureData+EthnicGroup, ThunderRoad",
      "id": "Madene",
      "loreTextId": "MadeneFlavorText",
      "bodyMaterialAddressLod0": "Bas.Creature.Material.Body.Male.Madene.LOD0",
      "bodyMaterialAddressLod1": "Bas.Creature.Material.Body.Male.Madene.LOD1",
      "handsMaterialAddressLod0": "Bas.Creature.Material.Hands.Male.Madene.LOD0",
      "handsMaterialAddressLod1": "Bas.Creature.Material.Hands.Male.Madene.LOD1",
      "allowedHeadsIDs": [
        "Head_Madene_01"
      ],
      "hairColorsPrimary": [],
      "hairColorsSecondary": [],
      "hairColorsSpecular": [],
      "eyesColorsIris": [],
      "eyesColorsSclera": [],
      "skinColors": [
        {
          "r": 0.447058827,
          "g": 0.349019617,
          "b": 0.286274523,
          "a": 1.0
        },
        {
          "r": 0.490196079,
          "g": 0.41568628,
          "b": 0.368627459,
          "a": 1.0
        },
        {
          "r": 0.5647059,
          "g": 0.4509804,
          "b": 0.380392164,
          "a": 1.0
        },
        {
          "r": 0.58431375,
          "g": 0.5019608,
          "b": 0.423529416,
          "a": 1.0
        },
        {
          "r": 0.7254902,
          "g": 0.5921569,
          "b": 0.5019608,
          "a": 1.0
        },
        {
          "r": 0.7529412,
          "g": 0.6431373,
          "b": 0.572549045,
          "a": 1.0
        }
      ]
    },
    {
      "$type": "ThunderRoad.CreatureData+EthnicGroup, ThunderRoad",
      "id": "Sentari",
      "loreTextId": "SentariFlavorText",
      "bodyMaterialAddressLod0": "Bas.Creature.Material.Body.Male.Sentari.LOD0",
      "bodyMaterialAddressLod1": "Bas.Creature.Material.Body.Male.Sentari.LOD1",
      "handsMaterialAddressLod0": "Bas.Creature.Material.Hands.Male.Sentari.LOD0",
      "handsMaterialAddressLod1": "Bas.Creature.Material.Hands.Male.Sentari.LOD1",
      "allowedHeadsIDs": [
        "Head_Sentari_01"
      ],
      "hairColorsPrimary": [],
      "hairColorsSecondary": [],
      "hairColorsSpecular": [],
      "eyesColorsIris": [],
      "eyesColorsSclera": [],
      "skinColors": [
        {
          "r": 0.721568644,
          "g": 0.654902,
          "b": 0.627451,
          "a": 1.0
        },
        {
          "r": 0.772549033,
          "g": 0.7019608,
          "b": 0.635294139,
          "a": 1.0
        },
        {
          "r": 0.831372559,
          "g": 0.7607843,
          "b": 0.709803939,
          "a": 1.0
        },
        {
          "r": 0.905882359,
          "g": 0.807843149,
          "b": 0.6862745,
          "a": 1.0
        },
        {
          "r": 0.9098039,
          "g": 0.8117647,
          "b": 0.768627465,
          "a": 1.0
        },
        {
          "r": 0.9372549,
          "g": 0.8745098,
          "b": 0.8352941,
          "a": 1.0
        }
      ]
    },
    {
      "$type": "ThunderRoad.CreatureData+EthnicGroup, ThunderRoad",
      "id": "Kharese",
      "loreTextId": "KhareseFlavorText",
      "bodyMaterialAddressLod0": "Bas.Creature.Material.Body.Male.Kharese.LOD0",
      "bodyMaterialAddressLod1": "Bas.Creature.Material.Body.Male.Kharese.LOD1",
      "handsMaterialAddressLod0": "Bas.Creature.Material.Hands.Male.Kharese.LOD0",
      "handsMaterialAddressLod1": "Bas.Creature.Material.Hands.Male.Kharese.LOD1",
      "allowedHeadsIDs": [
        "Head_Kharese_01"
      ],
      "hairColorsPrimary": [],
      "hairColorsSecondary": [],
      "hairColorsSpecular": [],
      "eyesColorsIris": [],
      "eyesColorsSclera": [],
      "skinColors": [
        {
          "r": 0.5647059,
          "g": 0.494117647,
          "b": 0.478431374,
          "a": 1.0
        },
        {
          "r": 0.6901961,
          "g": 0.623529434,
          "b": 0.5647059,
          "a": 1.0
        },
        {
          "r": 0.8039216,
          "g": 0.7411765,
          "b": 0.7294118,
          "a": 1.0
        },
        {
          "r": 0.8039216,
          "g": 0.745098054,
          "b": 0.670588255,
          "a": 1.0
        },
        {
          "r": 0.831372559,
          "g": 0.7058824,
          "b": 0.623529434,
          "a": 1.0
        },
        {
          "r": 0.9490196,
          "g": 0.8862745,
          "b": 0.8509804,
          "a": 1.0
        }
      ]
    },
    {
      "$type": "ThunderRoad.CreatureData+EthnicGroup, ThunderRoad",
      "id": "Raike",
      "loreTextId": "RaikeFlavorText",
      "bodyMaterialAddressLod0": "Bas.Creature.Material.Body.Male.Raike.LOD0",
      "bodyMaterialAddressLod1": "Bas.Creature.Material.Body.Male.Raike.LOD1",
      "handsMaterialAddressLod0": "Bas.Creature.Material.Hands.Male.Raike.LOD0",
      "handsMaterialAddressLod1": "Bas.Creature.Material.Hands.Male.Raike.LOD1",
      "allowedHeadsIDs": [
        "Head_Raike_01"
      ],
      "hairColorsPrimary": [],
      "hairColorsSecondary": [],
      "hairColorsSpecular": [],
      "eyesColorsIris": [],
      "eyesColorsSclera": [],
      "skinColors": [
        {
          "r": 0.6156863,
          "g": 0.5411765,
          "b": 0.5058824,
          "a": 1.0
        },
        {
          "r": 0.843137264,
          "g": 0.6901961,
          "b": 0.5921569,
          "a": 1.0
        },
        {
          "r": 0.8627451,
          "g": 0.7607843,
          "b": 0.7137255,
          "a": 1.0
        },
        {
          "r": 0.858823538,
          "g": 0.784313738,
          "b": 0.6862745,
          "a": 1.0
        },
        {
          "r": 0.882352948,
          "g": 0.7647059,
          "b": 0.733333349,
          "a": 1.0
        },
        {
          "r": 0.9647059,
          "g": 0.8980392,
          "b": 0.8666667,
          "a": 1.0
        }
      ]
    }
  ],
  "hairColorsPrimaryShared": [
    {
      "r": 0.2627451,
      "g": 0.254901975,
      "b": 0.247058824,
      "a": 1.0
    },
    {
      "r": 0.419607848,
      "g": 0.305882365,
      "b": 0.215686277,
      "a": 1.0
    },
    {
      "r": 0.533333361,
      "g": 0.368627459,
      "b": 0.203921571,
      "a": 1.0
    },
    {
      "r": 0.5529412,
      "g": 0.407843143,
      "b": 0.309803933,
      "a": 1.0
    },
    {
      "r": 0.5647059,
      "g": 0.427450985,
      "b": 0.2901961,
      "a": 1.0
    },
    {
      "r": 0.6666667,
      "g": 0.482352942,
      "b": 0.321568638,
      "a": 1.0
    },
    {
      "r": 0.7607843,
      "g": 0.5372549,
      "b": 0.243137255,
      "a": 1.0
    },
    {
      "r": 0.8509804,
      "g": 0.68235296,
      "b": 0.458823532,
      "a": 1.0
    },
    {
      "r": 0.9254902,
      "g": 0.721568644,
      "b": 0.454901963,
      "a": 1.0
    },
    {
      "r": 0.7137255,
      "g": 0.627451,
      "b": 0.533333361,
      "a": 1.0
    },
    {
      "r": 0.784313738,
      "g": 0.68235296,
      "b": 0.572549045,
      "a": 1.0
    },
    {
      "r": 0.9843137,
      "g": 0.827451,
      "b": 0.58431375,
      "a": 1.0
    },
    {
      "r": 0.843137264,
      "g": 0.7921569,
      "b": 0.7254902,
      "a": 1.0
    },
    {
      "r": 0.972549,
      "g": 0.8627451,
      "b": 0.6745098,
      "a": 1.0
    },
    {
      "r": 0.933333337,
      "g": 0.8352941,
      "b": 0.698039234,
      "a": 1.0
    },
    {
      "r": 0.9764706,
      "g": 0.9019608,
      "b": 0.7411765,
      "a": 1.0
    },
    {
      "r": 0.9607843,
      "g": 0.9137255,
      "b": 0.819607854,
      "a": 1.0
    },
    {
      "r": 0.156862751,
      "g": 0.0784313753,
      "b": 0.0470588244,
      "a": 1.0
    },
    {
      "r": 0.152941182,
      "g": 0.09803922,
      "b": 0.08235294,
      "a": 1.0
    },
    {
      "r": 0.192156866,
      "g": 0.105882354,
      "b": 0.06666667,
      "a": 1.0
    },
    {
      "r": 0.203921571,
      "g": 0.156862751,
      "b": 0.141176477,
      "a": 1.0
    },
    {
      "r": 0.31764707,
      "g": 0.20784314,
      "b": 0.160784319,
      "a": 1.0
    },
    {
      "r": 0.403921574,
      "g": 0.258823544,
      "b": 0.2,
      "a": 1.0
    },
    {
      "r": 0.31764707,
      "g": 0.247058824,
      "b": 0.254901975,
      "a": 1.0
    },
    {
      "r": 0.4745098,
      "g": 0.333333343,
      "b": 0.2627451,
      "a": 1.0
    },
    {
      "r": 0.396078438,
      "g": 0.368627459,
      "b": 0.356862754,
      "a": 1.0
    },
    {
      "r": 0.6431373,
      "g": 0.443137258,
      "b": 0.345098048,
      "a": 1.0
    },
    {
      "r": 0.5921569,
      "g": 0.454901963,
      "b": 0.396078438,
      "a": 1.0
    },
    {
      "r": 0.58431375,
      "g": 0.5137255,
      "b": 0.4745098,
      "a": 1.0
    },
    {
      "r": 0.533333361,
      "g": 0.494117647,
      "b": 0.5019608,
      "a": 1.0
    },
    {
      "r": 0.6627451,
      "g": 0.619607866,
      "b": 0.6,
      "a": 1.0
    },
    {
      "r": 0.772549033,
      "g": 0.6627451,
      "b": 0.6,
      "a": 1.0
    },
    {
      "r": 0.827451,
      "g": 0.768627465,
      "b": 0.733333349,
      "a": 1.0
    },
    {
      "r": 0.9490196,
      "g": 0.9254902,
      "b": 0.9098039,
      "a": 1.0
    },
    {
      "r": 0.266666681,
      "g": 0.09803922,
      "b": 0.0235294122,
      "a": 1.0
    },
    {
      "r": 0.356862754,
      "g": 0.109803922,
      "b": 0.03529412,
      "a": 1.0
    },
    {
      "r": 0.478431374,
      "g": 0.156862751,
      "b": 0.03137255,
      "a": 1.0
    },
    {
      "r": 0.443137258,
      "g": 0.2,
      "b": 0.06666667,
      "a": 1.0
    },
    {
      "r": 0.447058827,
      "g": 0.258823544,
      "b": 0.13333334,
      "a": 1.0
    },
    {
      "r": 0.482352942,
      "g": 0.270588249,
      "b": 0.168627456,
      "a": 1.0
    },
    {
      "r": 0.572549045,
      "g": 0.2627451,
      "b": 0.09411765,
      "a": 1.0
    },
    {
      "r": 0.545098066,
      "g": 0.2901961,
      "b": 0.1764706,
      "a": 1.0
    },
    {
      "r": 0.6039216,
      "g": 0.360784322,
      "b": 0.227450982,
      "a": 1.0
    },
    {
      "r": 0.670588255,
      "g": 0.384313732,
      "b": 0.192156866,
      "a": 1.0
    },
    {
      "r": 0.68235296,
      "g": 0.4392157,
      "b": 0.305882365,
      "a": 1.0
    },
    {
      "r": 0.75686276,
      "g": 0.5019608,
      "b": 0.3882353,
      "a": 1.0
    },
    {
      "r": 0.8862745,
      "g": 0.5372549,
      "b": 0.305882365,
      "a": 1.0
    },
    {
      "r": 0.831372559,
      "g": 0.698039234,
      "b": 0.627451,
      "a": 1.0
    },
    {
      "r": 0.9529412,
      "g": 0.870588243,
      "b": 0.819607854,
      "a": 1.0
    }
  ],
  "hairColorsSecondaryShared": [
    {
      "r": 0.0,
      "g": 0.0,
      "b": 0.0,
      "a": 0.0
    }
  ],
  "hairColorsSpecularShared": [
    {
      "r": 0.09803922,
      "g": 0.0352941267,
      "b": 0.0352941267,
      "a": 1.0
    },
    {
      "r": 0.0980000049,
      "g": 0.0455813967,
      "b": 0.0341860466,
      "a": 1.0
    },
    {
      "r": 0.1,
      "g": 0.09130435,
      "b": 0.0347826146,
      "a": 1.0
    },
    {
      "r": 0.05121951,
      "g": 0.1,
      "b": 0.05853659,
      "a": 1.0
    },
    {
      "r": 0.055555556,
      "g": 0.1,
      "b": 0.08666667,
      "a": 1.0
    },
    {
      "r": 0.0522727259,
      "g": 0.0454545431,
      "b": 0.1,
      "a": 1.0
    },
    {
      "r": 0.1,
      "g": 0.0800000057,
      "b": 0.1,
      "a": 1.0
    },
    {
      "r": 0.1,
      "g": 0.0749999955,
      "b": 0.1,
      "a": 1.0
    },
    {
      "r": 0.09803922,
      "g": 0.09803922,
      "b": 0.09803922,
      "a": 1.0
    },
    {
      "r": 0.196078435,
      "g": 0.196078435,
      "b": 0.196078435,
      "a": 1.0
    }
  ],
  "eyesColorsIrisShared": [
    {
      "r": 0.0,
      "g": 0.24313727,
      "b": 0.282352954,
      "a": 1.0
    },
    {
      "r": 0.235294133,
      "g": 0.3921569,
      "b": 0.752941251,
      "a": 1.0
    },
    {
      "r": 0.6117647,
      "g": 0.7294118,
      "b": 1.0,
      "a": 1.0
    },
    {
      "r": 0.227451,
      "g": 0.105882362,
      "b": 0.0,
      "a": 1.0
    },
    {
      "r": 0.396078467,
      "g": 0.203921586,
      "b": 0.0,
      "a": 1.0
    },
    {
      "r": 0.623529434,
      "g": 0.345098048,
      "b": 0.0,
      "a": 1.0
    },
    {
      "r": 0.07785521,
      "g": 0.227450982,
      "b": 0.0,
      "a": 1.0
    },
    {
      "r": 0.1374939,
      "g": 0.396078438,
      "b": 0.0,
      "a": 1.0
    },
    {
      "r": 0.725917,
      "g": 1.0,
      "b": 0.6117647,
      "a": 1.0
    },
    {
      "r": 0.470588267,
      "g": 0.5294118,
      "b": 0.454902,
      "a": 1.0
    },
    {
      "r": 1.0,
      "g": 1.0,
      "b": 1.0,
      "a": 1.0
    }
  ],
  "eyesColorsScleraShared": [
    {
      "r": 1.0,
      "g": 1.0,
      "b": 1.0,
      "a": 1.0
    },
    {
      "r": 1.0,
      "g": 0.9909266,
      "b": 0.9292453,
      "a": 1.0
    },
    {
      "r": 1.0,
      "g": 0.9386792,
      "b": 0.9386792,
      "a": 1.0
    },
    {
      "r": 0.9481132,
      "g": 0.956761,
      "b": 1.0,
      "a": 1.0
    }
  ],
  "skinColorsShared": [],
  "ragdollData": {
    "$type": "ThunderRoad.CreatureData+RagdollData, ThunderRoad",
    "standingMass": 65.0,
    "handledMass": 80.0,
    "ragdolledMass": 227.5,
    "meshRaycast": true,
    "meshRaycastAdjustContactPoint": false,
    "destabilizedSpringRotationMultiplier": 0.5,
    "destabilizedDamperRotationMultiplier": 0.1,
    "destabilizedGroundSpringRotationMultiplier": 0.1,
    "fallAliveAnimationHeight": 0.5,
    "fallAliveDestabilizeHeight": 5.0,
    "groundStabilizationMaxVelocity": 1.0,
    "groundStabilizationMinDuration": 2.0,
    "gripMaxCloseWeight": 0.9,
    "gripEffectId": "GripAndGrab",
    "footItemId": "Foot",
    "footTrackedItemId": "FootTracked",
    "fingerSpeed": 5.0,
    "bodyDefaultDamagerID": "Ragdoll",
    "penetrationEffectId": "PenetrationBlood",
    "penetrationEffectRepeatDistance": 0.06,
    "parts": [
      {
        "$type": "ThunderRoad.CreatureData+PartData, ThunderRoad",
        "bodyPartTypes": "Head",
        "bodyDamagerID": "RagdollHead",
        "bodyAttackDamagerID": null,
        "sliceParentEffectid": "SliceFleshParent",
        "sliceChildEffectId": "SliceFleshChild",
        "damageMultiplier": 1.5,
        "penetrationPierceDeepDepth": 0.04,
        "penetrationPierceDeepDamageMultiplier": 4.0,
        "penetrationSlashDamageMultiplier": 2.0,
        "penetrationSkewerDamageMultiplier": 4.0,
        "penetrationDeepEffectId": "PenetrationDeepFlesh",
        "sliceForceKill": true,
        "sliceSeparationForce": 3.5,
        "sliceVelocityMultiplier": 0.5,
        "locomotionVelocityCorrection": 130.0
      },
      {
        "$type": "ThunderRoad.CreatureData+PartData, ThunderRoad",
        "bodyPartTypes": "Neck",
        "bodyDamagerID": "Ragdoll",
        "bodyAttackDamagerID": null,
        "sliceParentEffectid": "SliceFleshParent",
        "sliceChildEffectId": "SliceFleshChild",
        "damageMultiplier": 1.5,
        "penetrationPierceDeepDepth": 0.02,
        "penetrationPierceDeepDamageMultiplier": 4.0,
        "penetrationSlashDamageMultiplier": 10.0,
        "penetrationSkewerDamageMultiplier": 4.0,
        "penetrationDeepEffectId": "PenetrationDeepBleeding",
        "sliceForceKill": true,
        "sliceSeparationForce": 3.0,
        "sliceVelocityMultiplier": 0.5,
        "locomotionVelocityCorrection": 130.0
      },
      {
        "$type": "ThunderRoad.CreatureData+PartData, ThunderRoad",
        "bodyPartTypes": "Torso",
        "bodyDamagerID": "Ragdoll",
        "bodyAttackDamagerID": null,
        "sliceParentEffectid": "SliceFleshParent",
        "sliceChildEffectId": "SliceFleshChild",
        "damageMultiplier": 1.0,
        "penetrationPierceDeepDepth": 0.1,
        "penetrationPierceDeepDamageMultiplier": 2.0,
        "penetrationSlashDamageMultiplier": 1.0,
        "penetrationSkewerDamageMultiplier": 3.0,
        "penetrationDeepEffectId": "PenetrationDeepFlesh",
        "sliceForceKill": true,
        "sliceSeparationForce": 3.0,
        "sliceVelocityMultiplier": 0.5,
        "locomotionVelocityCorrection": 130.0
      },
      {
        "$type": "ThunderRoad.CreatureData+PartData, ThunderRoad",
        "bodyPartTypes": "LeftHand, RightHand",
        "bodyDamagerID": "Ragdoll",
        "bodyAttackDamagerID": "Punch",
        "sliceParentEffectid": "SliceFleshParent",
        "sliceChildEffectId": "SliceFleshChild",
        "damageMultiplier": 0.5,
        "penetrationPierceDeepDepth": 0.04,
        "penetrationPierceDeepDamageMultiplier": 0.25,
        "penetrationSlashDamageMultiplier": 0.25,
        "penetrationSkewerDamageMultiplier": 0.25,
        "penetrationDeepEffectId": "PenetrationDeepFlesh",
        "sliceForceKill": true,
        "sliceSeparationForce": 3.0,
        "sliceVelocityMultiplier": 0.5,
        "locomotionVelocityCorrection": 130.0
      },
      {
        "$type": "ThunderRoad.CreatureData+PartData, ThunderRoad",
        "bodyPartTypes": "LeftArm, RightArm",
        "bodyDamagerID": "Ragdoll",
        "bodyAttackDamagerID": null,
        "sliceParentEffectid": "SliceFleshParent",
        "sliceChildEffectId": "SliceFleshChild",
        "damageMultiplier": 0.5,
        "penetrationPierceDeepDepth": 0.1,
        "penetrationPierceDeepDamageMultiplier": 0.5,
        "penetrationSlashDamageMultiplier": 0.5,
        "penetrationSkewerDamageMultiplier": 0.5,
        "penetrationDeepEffectId": "PenetrationDeepFlesh",
        "sliceForceKill": true,
        "sliceSeparationForce": 3.0,
        "sliceVelocityMultiplier": 0.5,
        "locomotionVelocityCorrection": 130.0
      },
      {
        "$type": "ThunderRoad.CreatureData+PartData, ThunderRoad",
        "bodyPartTypes": "LeftLeg, RightLeg",
        "bodyDamagerID": "Ragdoll",
        "bodyAttackDamagerID": null,
        "sliceParentEffectid": "SliceFleshParent",
        "sliceChildEffectId": "SliceFleshChild",
        "damageMultiplier": 0.5,
        "penetrationPierceDeepDepth": 0.1,
        "penetrationPierceDeepDamageMultiplier": 0.5,
        "penetrationSlashDamageMultiplier": 0.5,
        "penetrationSkewerDamageMultiplier": 0.5,
        "penetrationDeepEffectId": "PenetrationDeepFlesh",
        "sliceForceKill": true,
        "sliceSeparationForce": 3.0,
        "sliceVelocityMultiplier": 0.5,
        "locomotionVelocityCorrection": 130.0
      },
      {
        "$type": "ThunderRoad.CreatureData+PartData, ThunderRoad",
        "bodyPartTypes": "LeftFoot, RightFoot",
        "bodyDamagerID": "Ragdoll",
        "bodyAttackDamagerID": "Kick",
        "sliceParentEffectid": "SliceFleshParent",
        "sliceChildEffectId": "SliceFleshChild",
        "damageMultiplier": 0.5,
        "penetrationPierceDeepDepth": 0.1,
        "penetrationPierceDeepDamageMultiplier": 0.25,
        "penetrationSlashDamageMultiplier": 0.25,
        "penetrationSkewerDamageMultiplier": 0.25,
        "penetrationDeepEffectId": "PenetrationDeepFlesh",
        "sliceForceKill": true,
        "sliceSeparationForce": 3.0,
        "sliceVelocityMultiplier": 0.5,
        "locomotionVelocityCorrection": 130.0
      }
    ]
  },
  "expressionAttackId": "Attack",
  "expressionPainId": "Pain",
  "expressionDeathId": "Death",
  "expressionChokeId": "Choke",
  "expressionAngryId": "Angry",
  "eyeVerticalAngleClamps": {
    "x": -10.0,
    "y": 15.0
  },
  "eyeHorizontalAngleClamps": {
    "x": -20.0,
    "y": 20.0
  },
  "eyeClips": [],
  "forceMaxPosition": 3000.0,
  "forceMaxRotation": 250.0,
  "forcePositionSpringDamper": {
    "x": 5000.0,
    "y": 100.0
  },
  "forceRotationSpringDamper": {
    "x": 1000.0,
    "y": 50.0
  },
  "forcePositionSpringDamper2HMult": {
    "x": 2.0,
    "y": 1.0
  },
  "forceSpringDamper2HNoDomMult": {
    "x": 2.0,
    "y": 1.5
  },
  "forceRotationSpringDamper2HMult": {
    "x": 2.0,
    "y": 2.0
  },
  "climbingForceMaxPosition": 2000.0,
  "climbingForceMaxRotation": 100.0,
  "climbingForcePositionSpringDamperMult": {
    "x": 1.0,
    "y": 3.0
  },
  "gripForceMaxPosition": 2000.0,
  "gripForceMaxRotation": 100.0,
  "gripForcePositionSpringDamperMult": {
    "x": 0.5,
    "y": 0.5
  },
  "gripForceRotationSpringDamperMult": {
    "x": 0.1,
    "y": 0.1
  },
  "overrideGroundMask": false,
  "groundMask": 0,
  "destabilizeOnFall": true,
  "locomotionMass": 70.0,
  "locomotionForwardSpeed": 0.16,
  "locomotionBackwardSpeed": 0.12,
  "locomotionStrafeSpeed": 0.12,
  "locomotionRunSpeedAdd": 0.11,
  "locomotionCrouchSpeed": 0.1,
  "locomotionAirSpeed": 0.04,
  "locomotionJumpForce": 0.3,
  "locomotionJumpClimbVerticalMultiplier": 1.0,
  "locomotionJumpClimbHorizontalMultiplier": 0.3,
  "jumpClimbVerticalMaxVelocityRatio": 20.0,
  "locomotionJumpMaxDuration": 0.6,
  "locomotionGroundDrag": 3.0,
  "locomotionFlyDrag": 0.3,
  "playerFallDamageCurve": {
    "$type": "UnityEngine.AnimationCurve, UnityEngine.CoreModule",
    "keys": [
      {
        "$type": "UnityEngine.Keyframe, UnityEngine.CoreModule",
        "time": 10.0,
        "value": 0.0,
        "inTangent": 8.802963,
        "outTangent": 8.802963,
        "inWeight": 0.0,
        "outWeight": 0.1027027,
        "weightedMode": "None",
        "tangentMode": 0
      },
      {
        "$type": "UnityEngine.Keyframe, UnityEngine.CoreModule",
        "time": 20.0,
        "value": 200.0,
        "inTangent": 26.38218,
        "outTangent": 26.38218,
        "inWeight": 0.0774774551,
        "outWeight": 0.0,
        "weightedMode": "None",
        "tangentMode": 0
      }
    ],
    "length": 2,
    "preWrapMode": "ClampForever",
    "postWrapMode": "ClampForever"
  },
  "playerHortizontalFallDamageCurve": {
    "$type": "UnityEngine.AnimationCurve, UnityEngine.CoreModule",
    "keys": [
      {
        "$type": "UnityEngine.Keyframe, UnityEngine.CoreModule",
        "time": 0.0,
        "value": 0.0,
        "inTangent": 0.0,
        "outTangent": 0.0,
        "inWeight": 0.0,
        "outWeight": 0.0,
        "weightedMode": "None",
        "tangentMode": 0
      }
    ],
    "length": 1,
    "preWrapMode": "ClampForever",
    "postWrapMode": "ClampForever"
  },
  "gripRecoverTime": 0.5,
  "waterLocomotionDragMultiplierCurve": {
    "$type": "UnityEngine.AnimationCurve, UnityEngine.CoreModule",
    "keys": [
      {
        "$type": "UnityEngine.Keyframe, UnityEngine.CoreModule",
        "time": 0.0,
        "value": 1.0,
        "inTangent": 0.0,
        "outTangent": 0.0,
        "inWeight": 0.0,
        "outWeight": 0.07507136,
        "weightedMode": "None",
        "tangentMode": 0
      },
      {
        "$type": "UnityEngine.Keyframe, UnityEngine.CoreModule",
        "time": 1.0,
        "value": 7.0,
        "inTangent": 18.4731312,
        "outTangent": 18.4731312,
        "inWeight": 0.0263046622,
        "outWeight": 0.0,
        "weightedMode": "None",
        "tangentMode": 0
      }
    ],
    "length": 2,
    "preWrapMode": "ClampForever",
    "postWrapMode": "ClampForever"
  },
  "waterHandSpringMultiplierCurve": {
    "$type": "UnityEngine.AnimationCurve, UnityEngine.CoreModule",
    "keys": [
      {
        "$type": "UnityEngine.Keyframe, UnityEngine.CoreModule",
        "time": 0.0,
        "value": 0.35,
        "inTangent": 0.0,
        "outTangent": 0.0,
        "inWeight": 0.0,
        "outWeight": 0.0,
        "weightedMode": "None",
        "tangentMode": 0
      },
      {
        "$type": "UnityEngine.Keyframe, UnityEngine.CoreModule",
        "time": 1.0,
        "value": 0.33,
        "inTangent": 0.0,
        "outTangent": 0.0,
        "inWeight": 0.0,
        "outWeight": 0.0,
        "weightedMode": "None",
        "tangentMode": 0
      }
    ],
    "length": 2,
    "preWrapMode": "ClampForever",
    "postWrapMode": "ClampForever"
  },
  "waterHandLocomotionVelocityCorrectionMultiplier": 0.5,
  "waterJumpForceMutiplierCurve": {
    "$type": "UnityEngine.AnimationCurve, UnityEngine.CoreModule",
    "keys": [
      {
        "$type": "UnityEngine.Keyframe, UnityEngine.CoreModule",
        "time": 0.0,
        "value": 1.0,
        "inTangent": 0.0,
        "outTangent": 0.0,
        "inWeight": 0.0,
        "outWeight": 0.0,
        "weightedMode": "None",
        "tangentMode": 0
      },
      {
        "$type": "UnityEngine.Keyframe, UnityEngine.CoreModule",
        "time": 1.0,
        "value": 0.5,
        "inTangent": 0.0,
        "outTangent": 0.0,
        "inWeight": 0.0,
        "outWeight": 0.0,
        "weightedMode": "None",
        "tangentMode": 0
      }
    ],
    "length": 2,
    "preWrapMode": "ClampForever",
    "postWrapMode": "ClampForever"
  },
  "waterSwimUpForce": 5.0,
  "waterHandMovementForce": 7.5,
  "waterHandMovementMaxMagnitude": 15.0,
  "waterHandMovementForceCurve": {
    "$type": "UnityEngine.AnimationCurve, UnityEngine.CoreModule",
    "keys": [
      {
        "$type": "UnityEngine.Keyframe, UnityEngine.CoreModule",
        "time": 0.0,
        "value": 0.0,
        "inTangent": 3.0374558,
        "outTangent": 3.0374558,
        "inWeight": 0.0,
        "outWeight": 0.0332866237,
        "weightedMode": "None",
        "tangentMode": 0
      },
      {
        "$type": "UnityEngine.Keyframe, UnityEngine.CoreModule",
        "time": 1.0,
        "value": 1.0,
        "inTangent": 0.0,
        "outTangent": 0.0,
        "inWeight": 0.0,
        "outWeight": 0.0,
        "weightedMode": "None",
        "tangentMode": 0
      }
    ],
    "length": 2,
    "preWrapMode": "ClampForever",
    "postWrapMode": "ClampForever"
  },
  "waterMaxPlayerVelocityMagnitude": 4.5,
  "waterDrowningStartTime": 30.0,
  "waterDrowningWarningRatio": 0.7,
  "waterDrowningDamage": 20.0,
  "waterDrowningDamageInterval": 4.0,
  "drownEffectId": "HumanDrown",
  "entityModules": [],
  "groupPath": null,
  "MaxHealthLabel": "Max Health Mult. per Skill (max 150)"
}